name,label
org.apache.tools.ant.taskdefs.rmic.RmicAdapterFactory,0
org.apache.tools.ant.taskdefs.optional.perforce.FStatP4OutputHandler,0
org.apache.tools.ant.taskdefs.optional.junit.OutErrSummaryJUnitResultFormatter,0
org.apache.tools.ant.taskdefs.optional.perforce.P4HandlerAdapter,0
org.apache.tools.ant.taskdefs.WaitFor,1
org.apache.tools.ant.taskdefs.optional.depend.constantpool.ConstantCPInfo,0
org.apache.tools.zip.AsiExtraField,1
org.apache.tools.ant.types.resources.selectors.Date,0
org.apache.tools.ant.util.facade.FacadeTaskHelper,0
org.apache.tools.ant.types.selectors.DepthSelector,0
org.apache.tools.ant.taskdefs.optional.dotnet.JSharp,0
org.apache.tools.ant.taskdefs.LogStreamHandler,0
org.apache.tools.ant.input.InputHandler,0
org.apache.tools.zip.JarMarker,0
org.apache.tools.ant.taskdefs.optional.clearcase.CCMkbl,0
org.apache.tools.ant.types.resources.Restrict,0
org.apache.tools.ant.DemuxInputStream,0
org.apache.tools.ant.taskdefs.optional.ejb.IPlanetEjbc,0
org.apache.tools.zip.ZipExtraField,0
org.apache.tools.ant.types.resources.comparators.FileSystem,1
org.apache.tools.ant.taskdefs.condition.TypeFound,0
org.apache.tools.ant.taskdefs.optional.perforce.P4OutputHandler,0
org.apache.tools.ant.taskdefs.email.Message,0
org.apache.tools.ant.taskdefs.optional.vss.MSVSSCP,0
org.apache.tools.ant.taskdefs.condition.IsSet,0
org.apache.tools.ant.taskdefs.optional.Rpm,1
org.apache.tools.ant.types.selectors.BaseExtendSelector,0
org.apache.tools.ant.taskdefs.optional.junit.XMLJUnitResultFormatter,0
org.apache.tools.ant.taskdefs.optional.net.SetProxy,0
org.apache.tools.ant.util.KeepAliveInputStream,0
org.apache.tools.ant.taskdefs.CallTarget,0
org.apache.tools.ant.taskdefs.DefBase,0
org.apache.tools.zip.ZipOutputStream,1
org.apache.tools.ant.taskdefs.optional.perforce.P4Label,0
org.apache.tools.ant.taskdefs.XSLTLiaison,0
org.apache.tools.ant.types.resources.BCFileSet,0
org.apache.tools.ant.taskdefs.optional.extension.ExtraAttribute,0
org.apache.tools.ant.taskdefs.optional.vss.MSVSS,0
org.apache.tools.ant.util.regexp.Jdk14RegexpRegexp,0
org.apache.tools.ant.taskdefs.condition.AntVersion,0
org.apache.tools.ant.util.LazyFileOutputStream,0
org.apache.tools.ant.util.LoaderUtils,0
org.apache.tools.ant.loader.AntClassLoader2,0
org.apache.tools.ant.taskdefs.rmic.ForkingSunRmic,0
org.apache.tools.ant.util.StringUtils,0
org.apache.tools.ant.types.Parameter,0
org.apache.tools.ant.util.regexp.Jdk14RegexpMatcher,0
org.apache.tools.ant.DirectoryScanner,1
org.apache.tools.ant.taskdefs.LogOutputStream,0
org.apache.tools.ant.taskdefs.optional.jsp.JspMangler,0
org.apache.tools.ant.taskdefs.optional.dotnet.Ildasm,0
org.apache.tools.ant.taskdefs.Apt,1
org.apache.tools.ant.taskdefs.MacroInstance,1
org.apache.tools.ant.DemuxOutputStream,0
org.apache.tools.ant.types.ZipScanner,1
org.apache.tools.ant.taskdefs.ExecTask,1
org.apache.tools.ant.types.DataType,0
org.apache.tools.ant.types.ArchiveFileSet,1
org.apache.tools.ant.taskdefs.rmic.XNewRmic,0
org.apache.tools.ant.taskdefs.optional.junit.Enumerations,0
org.apache.tools.ant.taskdefs.Nice,0
org.apache.tools.ant.taskdefs.optional.Script,0
org.apache.tools.ant.taskdefs.optional.junit.JUnitVersionHelper,1
org.apache.tools.ant.AntClassLoader,1
org.apache.tools.ant.types.selectors.DifferentSelector,0
org.apache.tools.ant.taskdefs.optional.junit.DOMUtil,0
org.apache.tools.ant.types.selectors.modifiedselector.DigestAlgorithm,0
org.apache.tools.ant.taskdefs.optional.windows.Attrib,1
org.apache.tools.ant.taskdefs.cvslib.ChangeLogWriter,0
org.apache.tools.ant.taskdefs.optional.extension.JarLibDisplayTask,0
org.apache.tools.ant.taskdefs.optional.ssh.SSHExec,1
org.apache.tools.ant.taskdefs.TaskOutputStream,0
org.apache.tools.ant.types.resources.selectors.Size,0
org.apache.tools.ant.types.selectors.MajoritySelector,0
org.apache.tools.ant.taskdefs.condition.IsFailure,0
org.apache.tools.ant.taskdefs.optional.junit.XalanExecutor,0
org.apache.tools.ant.types.selectors.SizeSelector,0
org.apache.tools.ant.taskdefs.optional.Cab,0
org.apache.tools.ant.util.TimeoutObserver,0
org.apache.tools.ant.util.DOMElementWriter,0
org.apache.tools.ant.types.resources.CompressedResource,0
org.apache.tools.ant.taskdefs.optional.depend.ClassFile,0
org.apache.tools.zip.ZipEntry,1
org.apache.tools.ant.types.AntFilterReader,0
org.apache.tools.ant.DynamicAttribute,0
org.apache.tools.ant.types.selectors.ExtendSelector,0
org.apache.tools.ant.taskdefs.optional.ccm.CCMCheck,0
org.apache.tools.ant.taskdefs.JikesOutputParser,0
org.apache.tools.ant.taskdefs.LoadProperties,1
org.apache.tools.ant.taskdefs.condition.Not,0
org.apache.tools.ant.taskdefs.optional.ReplaceRegExp,1
org.apache.tools.ant.taskdefs.BuildNumber,0
org.apache.tools.ant.BuildLogger,0
org.apache.tools.ant.types.resources.comparators.Reverse,0
org.apache.tools.ant.types.resources.ArchiveResource,0
org.apache.tools.ant.types.resources.First,0
org.apache.tools.ant.taskdefs.email.Mailer,1
org.apache.tools.ant.taskdefs.optional.junit.XMLResultAggregator,0
org.apache.tools.ant.util.regexp.RegexpMatcher,0
org.apache.tools.ant.types.selectors.OrSelector,0
org.apache.tools.ant.types.spi.Service,0
org.apache.tools.ant.taskdefs.Pack,1
org.apache.tools.ant.taskdefs.optional.ejb.DescriptorHandler,0
org.apache.tools.ant.taskdefs.optional.jlink.jlink,0
org.apache.tools.ant.taskdefs.optional.perforce.SimpleP4OutputHandler,0
org.apache.tools.ant.types.Mapper,0
org.apache.tools.ant.Task,0
org.apache.tools.ant.types.resources.Files,1
org.apache.tools.ant.types.selectors.modifiedselector.HashvalueAlgorithm,0
org.apache.tools.ant.util.SourceFileScanner,0
org.apache.tools.ant.taskdefs.optional.i18n.Translate,0
org.apache.tools.ant.util.optional.WeakishReference12,0
org.apache.tools.ant.types.selectors.FilenameSelector,0
org.apache.tools.ant.taskdefs.optional.junit.FormatterElement,0
org.apache.tools.ant.util.regexp.RegexpMatcherFactory,0
org.apache.tools.ant.taskdefs.Mkdir,0
org.apache.tools.ant.BuildListener,1
org.apache.tools.ant.taskdefs.optional.jlink.ClassNameReader,0
org.apache.tools.ant.taskdefs.optional.vss.MSVSSConstants,0
org.apache.tools.ant.taskdefs.optional.clearcase.CCMklbtype,0
org.apache.tools.ant.taskdefs.optional.pvcs.PvcsProject,0
org.apache.tools.ant.filters.StripJavaComments,0
org.apache.tools.ant.taskdefs.Taskdef,0
org.apache.tools.ant.util.LineTokenizer,0
org.apache.tools.ant.filters.ReplaceTokens,1
org.apache.tools.ant.PathTokenizer,0
org.apache.tools.ant.filters.BaseParamFilterReader,0
org.apache.tools.ant.types.selectors.MappingSelector,0
org.apache.tools.ant.util.ConcatFileInputStream,0
org.apache.tools.ant.types.resources.selectors.And,0
org.apache.tools.ant.taskdefs.optional.javacc.JJTree,0
org.apache.tools.ant.taskdefs.optional.dotnet.DotnetBaseMatchingTask,0
org.apache.tools.ant.filters.ExpandProperties,0
org.apache.tools.ant.types.selectors.modifiedselector.PropertiesfileCache,0
org.apache.tools.ant.taskdefs.cvslib.RCSFile,0
org.apache.tools.ant.types.resources.ZipResource,0
org.apache.tools.ant.taskdefs.ExecuteStreamHandler,0
org.apache.tools.ant.taskdefs.optional.dotnet.NetCommand,0
org.apache.tools.ant.listener.TimestampedLogger,0
org.apache.tools.mail.ErrorInQuitException,0
org.apache.tools.ant.taskdefs.UpToDate,1
org.apache.tools.ant.types.resources.comparators.Exists,0
org.apache.tools.ant.util.ProxySetup,0
org.apache.tools.ant.taskdefs.ManifestTask,1
org.apache.tools.ant.taskdefs.optional.ccm.Continuus,0
org.apache.tools.ant.util.Retryable,0
org.apache.tools.ant.taskdefs.optional.RenameExtensions,0
org.apache.tools.ant.BuildEvent,0
org.apache.tools.ant.util.CompositeMapper,0
org.apache.tools.ant.types.resources.FileResource,1
org.apache.tools.ant.util.ScriptRunnerBase,0
org.apache.tools.ant.taskdefs.cvslib.RedirectingStreamHandler,0
org.apache.tools.ant.launch.Launcher,1
org.apache.tools.ant.taskdefs.condition.IsTrue,0
org.apache.tools.ant.taskdefs.Zip,1
org.apache.tools.ant.taskdefs.optional.unix.AbstractAccessTask,1
org.apache.tools.ant.taskdefs.optional.extension.ExtensionSet,0
org.apache.tools.ant.types.resources.selectors.Or,0
org.apache.tools.bzip2.BZip2Constants,0
org.apache.tools.ant.util.GlobPatternMapper,1
org.apache.tools.ant.taskdefs.War,1
org.apache.tools.ant.taskdefs.optional.vss.MSVSSADD,0
org.apache.tools.ant.types.Permissions,0
org.apache.tools.ant.taskdefs.condition.HasFreeSpace,0
org.apache.tools.ant.taskdefs.email.UUMailer,0
org.apache.tools.ant.types.resources.selectors.ResourceSelector,0
org.apache.tools.ant.util.ResourceUtils,1
org.apache.tools.ant.AntTypeDefinition,0
org.apache.tools.ant.taskdefs.AntlibDefinition,0
org.apache.tools.ant.taskdefs.optional.j2ee.WebLogicHotDeploymentTool,0
org.apache.tools.ant.taskdefs.optional.vss.MSVSSLABEL,0
org.apache.tools.ant.types.selectors.ExtendFileSelector,0
org.apache.tools.ant.util.optional.JavaxScriptRunner,1
org.apache.tools.ant.taskdefs.optional.perforce.P4Change,0
org.apache.tools.ant.taskdefs.optional.ssh.Scp,1
org.apache.tools.ant.taskdefs.optional.javah.SunJavah,0
org.apache.tools.ant.types.CommandlineJava,0
org.apache.tools.ant.filters.ClassConstants,0
org.apache.tools.ant.taskdefs.optional.clearcase.CCLock,0
org.apache.tools.ant.taskdefs.Cvs,0
org.apache.tools.ant.types.Reference,0
org.apache.tools.ant.filters.LineContains,0
org.apache.tools.ant.taskdefs.optional.junit.Constants,1
org.apache.tools.ant.taskdefs.Available,1
org.apache.tools.ant.types.selectors.TypeSelector,0
org.apache.tools.ant.taskdefs.Sleep,0
org.apache.tools.ant.types.resources.comparators.ResourceComparator,0
org.apache.tools.ant.types.resources.comparators.Type,0
org.apache.tools.ant.filters.TabsToSpaces,0
org.apache.tools.ant.taskdefs.compilers.Jikes,0
org.apache.tools.ant.types.ResourceCollection,0
org.apache.tools.ant.util.IdentityStack,0
org.apache.tools.ant.UnknownElement,1
org.apache.tools.ant.taskdefs.Checksum,1
org.apache.tools.ant.taskdefs.optional.ejb.WebsphereDeploymentTool,0
org.apache.tools.ant.taskdefs.Basename,0
org.apache.tools.ant.taskdefs.optional.javah.Kaffeh,0
org.apache.tools.ant.util.ChainedMapper,0
org.apache.tools.ant.taskdefs.optional.ccm.CCMCheckout,0
org.apache.tools.ant.types.resources.BaseResourceCollectionWrapper,1
org.apache.tools.ant.taskdefs.BUnzip2,0
org.apache.tools.ant.util.Base64Converter,0
org.apache.tools.ant.taskdefs.optional.ssh.AbstractSshMessage,0
org.apache.tools.ant.types.resources.selectors.Majority,0
org.apache.tools.ant.taskdefs.FixCRLF,1
org.apache.tools.ant.taskdefs.optional.j2ee.HotDeploymentTool,0
org.apache.tools.ant.types.resources.Intersect,0
org.apache.tools.ant.taskdefs.Javac,1
org.apache.tools.ant.types.resources.Touchable,0
org.apache.tools.ant.taskdefs.optional.extension.resolvers.LocationResolver,0
org.apache.tools.ant.taskdefs.optional.sos.SOSGet,0
org.apache.tools.ant.types.ArchiveScanner,1
org.apache.tools.ant.taskdefs.optional.depend.constantpool.Utf8CPInfo,0
org.apache.tools.ant.types.resources.JavaResource,1
org.apache.tools.ant.taskdefs.optional.ejb.IPlanetDeploymentTool,1
org.apache.tools.ant.types.selectors.SelectorContainer,0
org.apache.tools.ant.taskdefs.email.MimeMailer,1
org.apache.tools.ant.taskdefs.optional.ssh.Directory,0
org.apache.tools.ant.types.FilterSetCollection,0
org.apache.tools.ant.taskdefs.optional.depend.DirectoryIterator,0
org.apache.tools.ant.taskdefs.condition.IsSigned,1
org.apache.tools.ant.taskdefs.cvslib.CvsVersion,1
org.apache.tools.ant.taskdefs.optional.depend.constantpool.ConstantPool,0
org.apache.tools.ant.taskdefs.optional.clearcase.CCCheckout,0
org.apache.tools.ant.taskdefs.XSLTProcess,1
org.apache.tools.ant.TypeAdapter,0
org.apache.tools.ant.taskdefs.SQLExec,1
org.apache.tools.ant.taskdefs.optional.clearcase.CCCheckin,0
org.apache.tools.ant.util.FileUtils,1
org.apache.tools.ant.PropertyHelper,1
org.apache.tools.ant.taskdefs.optional.dotnet.ImportTypelib,0
org.apache.tools.ant.taskdefs.optional.extension.resolvers.URLResolver,0
org.apache.tools.ant.taskdefs.optional.native2ascii.KaffeNative2Ascii,0
org.apache.tools.ant.types.Substitution,1
org.apache.tools.ant.taskdefs.cvslib.CvsUser,0
org.apache.tools.zip.ExtraFieldUtils,1
org.apache.tools.ant.filters.TailFilter,0
org.apache.tools.ant.taskdefs.optional.junit.Xalan2Executor,0
org.apache.tools.ant.taskdefs.Length,1
org.apache.tools.ant.types.selectors.SelectSelector,0
org.apache.tools.ant.listener.AnsiColorLogger,0
org.apache.tools.ant.types.Quantifier,0
org.apache.tools.ant.taskdefs.optional.clearcase.ClearCase,0
org.apache.tools.ant.taskdefs.optional.clearcase.CCUnlock,0
org.apache.tools.ant.taskdefs.ResourceCount,0
org.apache.tools.ant.taskdefs.Concat,1
org.apache.tools.ant.util.ScriptRunnerCreator,0
org.apache.tools.ant.types.resources.comparators.Content,0
org.apache.tools.ant.taskdefs.optional.ssh.SSHUserInfo,0
org.apache.tools.ant.util.JavaEnvUtils,0
org.apache.tools.ant.util.XmlConstants,0
org.apache.tools.ant.taskdefs.Unpack,1
org.apache.tools.ant.taskdefs.optional.extension.ExtensionResolver,0
org.apache.tools.tar.TarUtils,0
org.apache.tools.zip.UnixStat,0
org.apache.tools.ant.types.resources.selectors.Type,0
org.apache.tools.ant.types.FileList,0
org.apache.tools.ant.taskdefs.optional.TraXLiaison,1
org.apache.tools.ant.ExitException,0
org.apache.tools.ant.taskdefs.optional.net.MimeMail,0
org.apache.tools.ant.launch.Locator,1
org.apache.tools.ant.taskdefs.optional.depend.constantpool.IntegerCPInfo,0
org.apache.tools.ant.taskdefs.optional.perforce.P4Labelsync,0
org.apache.tools.ant.taskdefs.optional.dotnet.VisualBasicCompile,0
org.apache.tools.ant.taskdefs.optional.extension.JarLibAvailableTask,0
org.apache.tools.ant.DynamicElement,0
org.apache.tools.ant.taskdefs.email.Header,0
org.apache.tools.ant.taskdefs.Tstamp,0
org.apache.tools.ant.taskdefs.optional.sound.SoundTask,0
org.apache.tools.ant.taskdefs.optional.javacc.JJDoc,0
org.apache.tools.ant.types.selectors.modifiedselector.Cache,0
org.apache.tools.ant.types.TarFileSet,0
org.apache.tools.ant.taskdefs.optional.ejb.JonasDeploymentTool,0
org.apache.tools.tar.TarConstants,0
org.apache.tools.ant.taskdefs.compilers.Sj,0
org.apache.tools.ant.taskdefs.optional.perforce.P4Delete,0
org.apache.tools.ant.taskdefs.optional.EchoProperties,0
org.apache.tools.ant.taskdefs.condition.Http,0
org.apache.tools.ant.taskdefs.Rename,0
org.apache.tools.ant.taskdefs.optional.depend.ClassFileIterator,0
org.apache.tools.ant.taskdefs.Jikes,0
org.apache.tools.ant.taskdefs.optional.depend.constantpool.ConstantPoolEntry,0
org.apache.tools.ant.taskdefs.optional.perforce.P4OutputStream,0
org.apache.tools.ant.taskdefs.condition.Matches,0
org.apache.tools.ant.taskdefs.Exec,0
org.apache.tools.ant.taskdefs.optional.jsp.compilers.JspCompilerAdapter,0
org.apache.tools.ant.util.TaskLogger,0
org.apache.tools.ant.taskdefs.optional.junit.BriefJUnitResultFormatter,0
org.apache.tools.ant.taskdefs.condition.FilesMatch,0
org.apache.tools.ant.taskdefs.optional.clearcase.CCRmtype,0
org.apache.tools.ant.util.PackageNameMapper,0
org.apache.tools.ant.types.selectors.SelectorUtils,1
org.apache.tools.ant.taskdefs.optional.Javah,0
org.apache.tools.ant.taskdefs.LoadFile,0
org.apache.tools.ant.taskdefs.condition.HasMethod,0
org.apache.tools.ant.taskdefs.WhichResource,0
org.apache.tools.ant.types.resources.Difference,0
org.apache.tools.ant.taskdefs.optional.sound.AntSoundPlayer,0
org.apache.tools.ant.taskdefs.optional.j2ee.GenericHotDeploymentTool,0
org.apache.tools.ant.util.facade.ImplementationSpecificArgument,0
org.apache.tools.ant.taskdefs.Move,1
org.apache.tools.ant.taskdefs.condition.Equals,0
org.apache.tools.ant.types.Comparison,0
org.apache.tools.ant.taskdefs.optional.junit.JUnitTaskMirrorImpl,0
org.apache.tools.ant.IntrospectionHelper,1
org.apache.tools.ant.taskdefs.XSLTLoggerAware,0
org.apache.tools.ant.taskdefs.cvslib.ChangeLogTask,1
org.apache.tools.ant.taskdefs.optional.depend.constantpool.FieldRefCPInfo,0
org.apache.tools.ant.taskdefs.cvslib.ChangeLogParser,1
org.apache.tools.ant.dispatch.Dispatchable,0
org.apache.tools.ant.taskdefs.cvslib.CvsTagDiff,1
org.apache.tools.bzip2.CBZip2OutputStream,1
org.apache.tools.ant.taskdefs.condition.Os,1
org.apache.tools.ant.util.ScriptRunnerHelper,0
org.apache.tools.ant.taskdefs.Exit,0
org.apache.tools.ant.util.MergingMapper,0
org.apache.tools.ant.taskdefs.MacroDef,1
org.apache.tools.ant.taskdefs.TempFile,1
org.apache.tools.ant.taskdefs.MakeUrl,0
org.apache.tools.ant.taskdefs.optional.sos.SOSCmd,0
org.apache.tools.ant.taskdefs.condition.IsReachable,0
org.apache.tools.ant.taskdefs.DefaultExcludes,0
org.apache.tools.ant.filters.StripLineBreaks,0
org.apache.tools.ant.taskdefs.Transform,0
org.apache.tools.ant.DefaultLogger,1
org.apache.tools.ant.util.ClasspathUtils,0
org.apache.tools.ant.types.resources.Sort,1
org.apache.tools.ant.taskdefs.Copydir,0
org.apache.tools.ant.types.PatternSet,0
org.apache.tools.ant.types.Environment,0
org.apache.tools.ant.helper.ProjectHelperImpl,0
org.apache.tools.ant.taskdefs.Expand,1
org.apache.tools.ant.types.selectors.BaseSelectorContainer,1
org.apache.tools.ant.taskdefs.optional.javah.JavahAdapter,0
org.apache.tools.ant.types.selectors.PresentSelector,0
org.apache.tools.ant.input.MultipleChoiceInputRequest,0
org.apache.tools.ant.taskdefs.EchoXML,1
org.apache.tools.mail.MailMessage,0
org.apache.tools.ant.taskdefs.optional.depend.constantpool.DoubleCPInfo,0
org.apache.tools.ant.taskdefs.condition.Socket,0
org.apache.tools.ant.ExitStatusException,0
org.apache.tools.ant.Target,1
org.apache.tools.ant.types.resources.selectors.Name,0
org.apache.tools.ant.taskdefs.condition.Contains,0
org.apache.tools.ant.taskdefs.optional.junit.JUnitTaskMirror,0
org.apache.tools.ant.ProjectComponent,0
org.apache.tools.ant.filters.StripLineComments,0
org.apache.tools.ant.taskdefs.optional.dotnet.CSharp,0
org.apache.tools.ant.types.ResourceFactory,0
org.apache.tools.ant.DynamicConfiguratorNS,0
org.apache.tools.ant.types.TimeComparison,0
org.apache.tools.ant.taskdefs.optional.vss.MSVSSCREATE,0
org.apache.tools.tar.TarBuffer,1
org.apache.tools.ant.types.selectors.NotSelector,0
org.apache.tools.ant.util.depend.bcel.AncestorAnalyzer,0
org.apache.tools.ant.taskdefs.DependSet,1
org.apache.tools.ant.taskdefs.optional.dotnet.Ilasm,0
org.apache.tools.ant.types.selectors.DependSelector,0
org.apache.tools.ant.types.resources.TarResource,0
org.apache.tools.ant.taskdefs.optional.perforce.P4Submit,0
org.apache.tools.ant.types.Parameterizable,0
org.apache.tools.ant.taskdefs.Copy,1
org.apache.tools.ant.util.WeakishReference,0
org.apache.tools.ant.taskdefs.CVSPass,0
org.apache.tools.ant.types.LogLevel,0
org.apache.tools.ant.taskdefs.optional.dotnet.WsdlToDotnet,0
org.apache.tools.ant.types.resources.comparators.Size,0
org.apache.tools.ant.types.PropertySet,0
org.apache.tools.ant.taskdefs.optional.j2ee.ServerDeploy,0
org.apache.tools.ant.util.CollectionUtils,1
org.apache.tools.ant.Project,1
org.apache.tools.ant.taskdefs.optional.jsp.JspNameMangler,0
org.apache.tools.ant.taskdefs.Replace,1
org.apache.tools.ant.taskdefs.optional.clearcase.CCMkdir,0
org.apache.tools.zip.UnrecognizedExtraField,1
org.apache.tools.ant.taskdefs.optional.SchemaValidate,0
org.apache.tools.ant.types.Path,1
org.apache.tools.ant.taskdefs.optional.clearcase.CCMkelem,0
org.apache.tools.ant.types.RegularExpression,0
org.apache.tools.ant.types.resources.FailFast,0
org.apache.tools.ant.taskdefs.CopyPath,0
org.apache.tools.ant.taskdefs.compilers.Jvc,0
org.apache.tools.ant.types.resolver.ApacheCatalogResolver,0
org.apache.tools.ant.taskdefs.optional.extension.Specification,0
org.apache.tools.ant.taskdefs.optional.script.ScriptDefBase,0
org.apache.tools.ant.taskdefs.optional.clearcase.CCUpdate,0
org.apache.tools.ant.taskdefs.optional.depend.Depend,1
org.apache.tools.ant.taskdefs.optional.perforce.P4Base,0
org.apache.tools.tar.TarOutputStream,1
org.apache.tools.ant.types.resources.Resources,0
org.apache.tools.ant.taskdefs.optional.ssh.ScpFromMessage,1
org.apache.tools.ant.taskdefs.optional.junit.JUnitResultFormatter,0
org.apache.tools.ant.taskdefs.Ear,1
org.apache.tools.ant.util.Tokenizer,0
org.apache.tools.ant.taskdefs.Rmic,1
org.apache.tools.ant.input.DefaultInputHandler,0
org.apache.tools.ant.util.RegexpPatternMapper,1
org.apache.tools.ant.taskdefs.optional.ccm.CCMCheckinDefault,0
org.apache.tools.ant.taskdefs.condition.Condition,0
org.apache.tools.ant.taskdefs.optional.unix.Chgrp,0
org.apache.tools.ant.taskdefs.XSLTLiaison2,0
org.apache.tools.ant.taskdefs.XSLTLiaison3,0
org.apache.tools.ant.taskdefs.rmic.RmicAdapter,0
org.apache.tools.ant.util.java15.ProxyDiagnostics,0
org.apache.tools.ant.taskdefs.condition.Xor,0
org.apache.tools.ant.util.FlatFileNameMapper,0
org.apache.tools.ant.filters.util.JavaClassHelper,0
org.apache.tools.ant.taskdefs.optional.ejb.InnerClassFilenameFilter,0
org.apache.tools.ant.types.resources.selectors.Compare,0
org.apache.tools.ant.taskdefs.optional.depend.constantpool.FloatCPInfo,0
org.apache.tools.ant.util.FileNameMapper,0
org.apache.tools.ant.taskdefs.optional.perforce.P4Counter,0
org.apache.tools.ant.types.resources.ImmutableResourceException,0
org.apache.tools.ant.taskdefs.optional.ejb.BorlandGenerateClient,0
org.apache.tools.ant.util.optional.NoExitSecurityManager,0
org.apache.tools.ant.filters.util.ChainReaderHelper,1
org.apache.tools.ant.taskdefs.ManifestException,0
org.apache.tools.ant.taskdefs.ExecuteWatchdog,0
org.apache.tools.ant.util.TeeOutputStream,0
org.apache.tools.ant.taskdefs.optional.perforce.P4Handler,0
org.apache.tools.ant.taskdefs.optional.clearcase.CCMkattr,0
org.apache.tools.ant.util.regexp.RegexpFactory,0
org.apache.tools.ant.taskdefs.optional.extension.LibFileSet,0
org.apache.tools.ant.taskdefs.optional.extension.Compatibility,0
org.apache.tools.ant.types.resources.StringResource,0
org.apache.tools.ant.filters.TokenFilter,0
org.apache.tools.ant.util.OutputStreamFunneler,0
org.apache.tools.ant.taskdefs.SubAnt,1
org.apache.tools.ant.types.optional.depend.DependScanner,0
org.apache.tools.ant.launch.AntMain,0
org.apache.tools.ant.taskdefs.Ant,1
org.apache.tools.ant.util.ReflectWrapper,0
org.apache.tools.ant.types.selectors.SelectorScanner,0
org.apache.tools.ant.util.DateUtils,1
org.apache.tools.ant.types.FilterChain,0
org.apache.tools.ant.launch.LaunchException,0
org.apache.tools.ant.taskdefs.optional.native2ascii.Native2AsciiAdapter,0
org.apache.tools.ant.input.GreedyInputHandler,0
org.apache.tools.ant.types.optional.ScriptMapper,0
org.apache.tools.ant.types.resolver.ApacheCatalog,0
org.apache.tools.ant.taskdefs.StreamPumper,1
org.apache.tools.ant.taskdefs.optional.perforce.P4Edit,0
org.apache.tools.ant.taskdefs.optional.vss.MSVSSCHECKIN,0
org.apache.tools.ant.DynamicElementNS,0
org.apache.tools.ant.taskdefs.JDBCTask,1
org.apache.tools.ant.taskdefs.email.EmailTask,1
org.apache.tools.ant.taskdefs.Execute,0
org.apache.tools.ant.taskdefs.optional.XMLValidateTask,0
org.apache.tools.ant.types.optional.depend.ClassfileSet,0
org.apache.tools.ant.util.KeepAliveOutputStream,0
org.apache.tools.ant.taskdefs.optional.jlink.JlinkTask,0
org.apache.tools.ant.XmlLogger,1
org.apache.tools.ant.taskdefs.optional.junit.XMLConstants,0
org.apache.tools.ant.filters.StringInputStream,0
org.apache.tools.ant.taskdefs.rmic.DefaultRmicAdapter,1
org.apache.tools.ant.taskdefs.Dirname,0
org.apache.tools.ant.taskdefs.optional.perforce.P4Fstat,0
org.apache.tools.ant.taskdefs.optional.vss.MSVSSCHECKOUT,0
org.apache.tools.ant.taskdefs.optional.extension.LibraryDisplayer,0
org.apache.tools.ant.types.TarScanner,0
org.apache.tools.ant.filters.ConcatFilter,0
org.apache.tools.ant.taskdefs.ImportTask,0
org.apache.tools.ant.taskdefs.optional.perforce.P4Resolve,0
org.apache.tools.ant.taskdefs.SendEmail,0
org.apache.tools.ant.taskdefs.Delete,1
org.apache.tools.ant.util.StringTokenizer,0
org.apache.tools.ant.taskdefs.Input,0
org.apache.tools.ant.taskdefs.optional.sos.SOS,0
org.apache.tools.ant.taskdefs.optional.dotnet.DotnetDefine,0
org.apache.tools.ant.taskdefs.optional.ccm.CCMCheckin,0
org.apache.tools.ant.SubBuildListener,0
org.apache.tools.ant.taskdefs.XmlProperty,1
org.apache.tools.ant.types.resources.GZipResource,0
org.apache.tools.ant.Main,1
org.apache.tools.ant.filters.LineContainsRegExp,0
org.apache.tools.ant.taskdefs.optional.junit.JUnitTask,1
org.apache.tools.ant.types.FileSet,0
org.apache.tools.ant.taskdefs.condition.ResourcesMatch,0
org.apache.tools.ant.taskdefs.ConditionTask,0
org.apache.tools.ant.taskdefs.Java,1
org.apache.tools.ant.util.depend.DependencyAnalyzer,0
org.apache.tools.ant.taskdefs.optional.sos.SOSCheckout,0
org.apache.tools.ant.types.optional.ScriptCondition,0
org.apache.tools.ant.util.FileTokenizer,0
org.apache.tools.ant.taskdefs.Copyfile,0
org.apache.tools.ant.taskdefs.optional.ssh.ScpFromMessageBySftp,1
org.apache.tools.ant.TaskAdapter,0
org.apache.tools.ant.taskdefs.AntStructure,0
org.apache.tools.ant.taskdefs.cvslib.CVSEntry,0
org.apache.tools.ant.NoBannerLogger,1
org.apache.tools.ant.taskdefs.Antlib,1
org.apache.tools.ant.types.resources.selectors.InstanceOf,0
org.apache.tools.ant.taskdefs.optional.jsp.WLJspc,0
org.apache.tools.ant.MagicNames,1
org.apache.tools.ant.types.RedirectorElement,0
org.apache.tools.ant.taskdefs.compilers.Kjc,0
org.apache.tools.ant.types.resources.selectors.None,0
org.apache.tools.ant.taskdefs.Classloader,1
org.apache.tools.ant.taskdefs.optional.ejb.WeblogicTOPLinkDeploymentTool,0
org.apache.tools.ant.DynamicConfigurator,0
org.apache.tools.ant.taskdefs.optional.j2ee.JonasHotDeploymentTool,0
org.apache.tools.ant.taskdefs.optional.clearcase.CCUnCheckout,0
org.apache.tools.ant.taskdefs.optional.vss.MSVSSHISTORY,0
org.apache.tools.ant.DynamicAttributeNS,0
org.apache.tools.ant.taskdefs.Tar,1
org.apache.tools.ant.taskdefs.rmic.WLRmic,1
org.apache.tools.ant.taskdefs.SignJar,1
org.apache.tools.ant.taskdefs.Definer,1
org.apache.tools.ant.taskdefs.optional.extension.JarLibResolveTask,0
org.apache.tools.ant.taskdefs.compilers.AptExternalCompilerAdapter,0
org.apache.tools.ant.taskdefs.optional.jsp.compilers.DefaultJspCompilerAdapter,0
org.apache.tools.ant.types.ResourceLocation,0
org.apache.tools.ant.types.selectors.modifiedselector.ModifiedSelector,1
org.apache.tools.ant.taskdefs.optional.depend.AntAnalyzer,1
org.apache.tools.ant.taskdefs.condition.ConditionBase,0
org.apache.tools.ant.taskdefs.optional.perforce.P4Integrate,0
org.apache.tools.ant.util.ReflectUtil,1
org.apache.tools.ant.taskdefs.optional.ccm.CCMCreateTask,0
org.apache.tools.ant.taskdefs.Get,1
org.apache.tools.ant.util.RetryHandler,0
org.apache.tools.ant.types.mappers.FilterMapper,0
org.apache.tools.zip.ZipFile,1
org.apache.tools.ant.taskdefs.compilers.CompilerAdapterFactory,0
org.apache.tools.ant.util.LazyHashtable,0
org.apache.tools.ant.types.selectors.DateSelector,0
org.apache.tools.ant.taskdefs.optional.script.ScriptDef,0
org.apache.tools.ant.taskdefs.condition.IsFileSelected,0
org.apache.tools.ant.taskdefs.ExecuteOn,1
org.apache.tools.ant.taskdefs.PathConvert,0
org.apache.tools.tar.TarEntry,1
org.apache.tools.ant.taskdefs.optional.jsp.Jasper41Mangler,0
org.apache.tools.ant.types.resources.selectors.Not,0
org.apache.tools.ant.taskdefs.optional.depend.constantpool.MethodRefCPInfo,0
org.apache.tools.ant.taskdefs.Echo,0
org.apache.tools.ant.util.DOMUtils,0
org.apache.tools.ant.helper.DefaultExecutor,0
org.apache.tools.ant.taskdefs.optional.extension.Compatability,0
org.apache.tools.ant.util.Watchdog,1
org.apache.tools.ant.taskdefs.optional.vss.MSVSSGET,0
org.apache.tools.ant.taskdefs.DiagnosticsTask,0
org.apache.tools.ant.taskdefs.optional.extension.DeweyDecimal,0
org.apache.tools.ant.taskdefs.condition.And,0
org.apache.tools.ant.types.Commandline,1
org.apache.tools.ant.UnsupportedElementException,0
org.apache.tools.ant.taskdefs.optional.ccm.CCMReconfigure,0
org.apache.tools.ant.Executor,0
org.apache.tools.ant.taskdefs.Recorder,1
org.apache.tools.ant.types.selectors.AbstractSelectorContainer,1
org.apache.tools.ant.types.resources.Tokens,0
org.apache.tools.ant.taskdefs.compilers.Javac13,0
org.apache.tools.ant.taskdefs.compilers.Javac12,0
org.apache.tools.ant.taskdefs.optional.perforce.P4Revert,0
org.apache.tools.ant.filters.HeadFilter,0
org.apache.tools.ant.taskdefs.optional.junit.JUnitTestRunner,1
org.apache.tools.ant.dispatch.DispatchTask,0
org.apache.tools.ant.types.resources.PropertyResource,0
org.apache.tools.ant.taskdefs.Jar,1
org.apache.tools.ant.taskdefs.optional.jsp.JspC,0
org.apache.tools.zip.ZipLong,1
org.apache.tools.ant.util.depend.AbstractAnalyzer,0
org.apache.tools.ant.util.ReaderInputStream,0
org.apache.tools.ant.types.selectors.ContainsSelector,0
org.apache.tools.ant.taskdefs.GenerateKey,0
org.apache.tools.ant.types.resources.BaseResourceCollectionContainer,1
org.apache.tools.ant.taskdefs.Typedef,0
org.apache.tools.ant.helper.SingleCheckExecutor,0
org.apache.tools.ant.types.Resource,0
org.apache.tools.ant.taskdefs.optional.perforce.P4Add,0
org.apache.tools.ant.taskdefs.optional.PropertyFile,0
org.apache.tools.ant.types.Description,0
org.apache.tools.ant.types.FlexInteger,0
org.apache.tools.ant.taskdefs.Filter,0
org.apache.tools.ant.taskdefs.AbstractCvsTask,1
org.apache.tools.ant.taskdefs.optional.extension.ExtensionUtil,0
org.apache.tools.ant.taskdefs.optional.unix.Chown,0
org.apache.tools.ant.BuildException,0
org.apache.tools.ant.taskdefs.Sync,1
org.apache.tools.ant.taskdefs.optional.depend.ClassFileUtils,0
org.apache.tools.ant.types.EnumeratedAttribute,0
org.apache.tools.ant.taskdefs.optional.jsp.compilers.JasperC,0
org.apache.tools.ant.taskdefs.optional.ejb.IPlanetEjbcTask,0
org.apache.tools.ant.taskdefs.optional.javacc.JavaCC,0
org.apache.tools.ant.util.ConcatResourceInputStream,0
org.apache.tools.ant.types.selectors.modifiedselector.EqualComparator,0
org.apache.tools.ant.taskdefs.condition.IsFalse,0
org.apache.tools.ant.taskdefs.RecorderEntry,1
org.apache.tools.ant.dispatch.DispatchUtils,0
org.apache.tools.ant.util.regexp.Regexp,0
org.apache.tools.ant.taskdefs.optional.sos.SOSLabel,0
org.apache.tools.ant.taskdefs.Manifest,1
org.apache.tools.ant.types.resources.selectors.Exists,0
org.apache.tools.ant.taskdefs.optional.ejb.EjbJar,0
org.apache.tools.ant.taskdefs.optional.jdepend.JDependTask,0
org.apache.tools.bzip2.CBZip2InputStream,1
org.apache.tools.ant.taskdefs.compilers.JavacExternal,0
org.apache.tools.ant.taskdefs.optional.ANTLR,0
org.apache.tools.ant.taskdefs.optional.ejb.BorlandDeploymentTool,1
org.apache.tools.ant.listener.MailLogger,1
org.apache.tools.ant.taskdefs.optional.clearcase.CCMklabel,0
org.apache.tools.ant.util.UUEncoder,0
org.apache.tools.ant.taskdefs.ExecuteJava,0
org.apache.tools.ant.taskdefs.condition.ParserSupports,0
org.apache.tools.ant.taskdefs.optional.jlink.ConstantPool,0
org.apache.tools.ant.taskdefs.optional.sos.SOSCheckin,0
org.apache.tools.ant.types.selectors.modifiedselector.Algorithm,0
org.apache.tools.ant.util.depend.bcel.DependencyVisitor,0
org.apache.tools.ant.taskdefs.KeySubst,0
org.apache.tools.ant.types.FilterSet,1
org.apache.tools.ant.taskdefs.optional.depend.constantpool.NameAndTypeCPInfo,0
org.apache.tools.ant.types.selectors.modifiedselector.ChecksumAlgorithm,0
org.apache.tools.ant.taskdefs.XSLTLogger,0
org.apache.tools.ant.input.PropertyFileInputHandler,0
org.apache.tools.ant.types.DTDLocation,0
org.apache.tools.ant.taskdefs.optional.perforce.P4Sync,0
org.apache.tools.ant.taskdefs.Deltree,0
org.apache.tools.ant.taskdefs.rmic.KaffeRmic,0
org.apache.tools.ant.input.InputRequest,0
org.apache.tools.ant.UnsupportedAttributeException,0
org.apache.tools.ant.taskdefs.Touch,1
org.apache.tools.ant.types.selectors.SignedSelector,0
org.apache.tools.ant.filters.PrefixLines,0
org.apache.tools.ant.taskdefs.optional.splash.SplashTask,1
org.apache.tools.ant.taskdefs.Patch,0
org.apache.tools.ant.types.optional.ScriptSelector,0
org.apache.tools.ant.taskdefs.email.EmailAddress,0
org.apache.tools.ant.types.XMLCatalog,0
org.apache.tools.ant.taskdefs.optional.native2ascii.Native2AsciiAdapterFactory,0
org.apache.tools.bzip2.CRC,0
org.apache.tools.ant.taskdefs.compilers.AptCompilerAdapter,0
org.apache.tools.ant.taskdefs.GZip,0
org.apache.tools.ant.taskdefs.cvslib.CvsTagEntry,0
org.apache.tools.ant.util.ContainerMapper,0
org.apache.tools.ant.util.XMLFragment,0
org.apache.tools.ant.taskdefs.optional.junit.SummaryJUnitResultFormatter,0
org.apache.tools.ant.taskdefs.Redirector,1
org.apache.tools.zip.ZipShort,1
org.apache.tools.ant.types.resources.FileResourceIterator,0
org.apache.tools.ant.TaskContainer,0
org.apache.tools.ant.types.selectors.AndSelector,0
org.apache.tools.ant.util.regexp.JakartaOroRegexp,0
org.apache.tools.ant.taskdefs.compilers.CompilerAdapter,0
org.apache.tools.ant.taskdefs.optional.dotnet.DotnetCompile,0
org.apache.tools.ant.taskdefs.optional.junit.PlainJUnitResultFormatter,0
org.apache.tools.ant.taskdefs.Sequential,0
org.apache.tools.ant.types.AbstractFileSet,1
org.apache.tools.ant.taskdefs.optional.depend.constantpool.InterfaceMethodRefCPInfo,0
org.apache.tools.ant.FileScanner,0
org.apache.tools.ant.taskdefs.optional.ejb.EJBDeploymentTool,0
org.apache.tools.ant.taskdefs.optional.extension.JarLibManifestTask,0
org.apache.tools.ant.taskdefs.optional.extension.Extension,0
org.apache.tools.ant.util.IdentityMapper,0
org.apache.tools.ant.util.JAXPUtils,0
org.apache.tools.ant.util.UnPackageNameMapper,0
org.apache.tools.ant.taskdefs.MatchingTask,0
org.apache.tools.ant.taskdefs.optional.ejb.GenericDeploymentTool,0
org.apache.tools.ant.taskdefs.rmic.SunRmic,1
org.apache.tools.ant.types.resources.Union,0
org.apache.tools.ant.Diagnostics,1
org.apache.tools.ant.util.LineOrientedOutputStream,0
org.apache.tools.ant.taskdefs.optional.splash.SplashScreen,1
org.apache.tools.ant.types.optional.ScriptFilter,1
org.apache.tools.ant.taskdefs.optional.jsp.compilers.JspCompilerAdapterFactory,0
org.apache.tools.ant.taskdefs.LoadResource,1
org.apache.tools.ant.taskdefs.optional.extension.ExtensionAdapter,0
org.apache.tools.ant.taskdefs.optional.depend.constantpool.ClassCPInfo,0
org.apache.tools.ant.util.regexp.JakartaOroMatcher,0
org.apache.tools.ant.types.spi.Provider,0
org.apache.tools.ant.taskdefs.optional.perforce.P4Have,0
org.apache.tools.ant.taskdefs.optional.Native2Ascii,0
org.apache.tools.ant.taskdefs.optional.j2ee.AbstractHotDeploymentTool,0
org.apache.tools.ant.types.resources.comparators.Date,1
org.apache.tools.ant.Location,0
org.apache.tools.ant.types.ZipFileSet,0
org.apache.tools.ant.taskdefs.GUnzip,0
org.apache.tools.ant.util.LeadPipeInputStream,0
org.apache.tools.ant.helper.AntXMLContext,0
org.apache.tools.ant.util.regexp.JakartaRegexpMatcher,0
org.apache.tools.ant.util.regexp.JakartaRegexpRegexp,0
org.apache.tools.ant.taskdefs.optional.pvcs.Pvcs,0
org.apache.tools.tar.TarInputStream,1
org.apache.tools.ant.types.selectors.NoneSelector,0
org.apache.tools.ant.types.selectors.FileSelector,0
org.apache.tools.ant.taskdefs.condition.Or,0
org.apache.tools.ant.taskdefs.Chmod,1
org.apache.tools.ant.types.selectors.ContainsRegexpSelector,0
org.apache.tools.ant.types.resources.BZip2Resource,0
org.apache.tools.ant.taskdefs.optional.ssh.ScpToMessageBySftp,0
org.apache.tools.ant.types.Assertions,0
org.apache.tools.ant.taskdefs.condition.IsReference,1
org.apache.tools.ant.helper.ProjectHelper2,1
org.apache.tools.ant.taskdefs.optional.junit.AggregateTransformer,0
org.apache.tools.ant.util.depend.bcel.FullAnalyzer,0
org.apache.tools.ant.taskdefs.optional.ssh.LogListener,0
org.apache.tools.ant.taskdefs.ProcessDestroyer,0
org.apache.tools.ant.types.resources.comparators.Name,0
org.apache.tools.ant.filters.EscapeUnicode,0
org.apache.tools.ant.taskdefs.optional.native2ascii.DefaultNative2Ascii,0
org.apache.tools.ant.util.regexp.RegexpUtil,0
org.apache.tools.ant.taskdefs.PumpStreamHandler,1
org.apache.tools.ant.taskdefs.Parallel,1
org.apache.tools.ant.util.PropertyOutputStream,0
org.apache.tools.ant.taskdefs.email.PlainMailer,1
org.apache.tools.ant.taskdefs.optional.extension.resolvers.AntResolver,0
org.apache.tools.ant.taskdefs.compilers.DefaultCompilerAdapter,1
org.apache.tools.ant.taskdefs.optional.ssh.SSHBase,0
org.apache.tools.ant.taskdefs.optional.dotnet.DotnetResource,0
org.apache.tools.ant.taskdefs.optional.depend.constantpool.LongCPInfo,0
org.apache.tools.ant.taskdefs.BZip2,0
org.apache.tools.ant.taskdefs.Property,1
org.apache.tools.ant.taskdefs.optional.depend.constantpool.StringCPInfo,0
org.apache.tools.ant.taskdefs.cvslib.RedirectingOutputStream,0
org.apache.tools.ant.filters.BaseFilterReader,0
org.apache.tools.ant.types.DirSet,0
org.apache.tools.ant.taskdefs.optional.native2ascii.SunNative2Ascii,0
org.apache.tools.ant.taskdefs.PreSetDef,0
org.apache.tools.ant.taskdefs.optional.javah.JavahAdapterFactory,0
org.apache.tools.ant.types.optional.AbstractScriptComponent,1
org.apache.tools.ant.taskdefs.optional.ejb.WeblogicDeploymentTool,1
org.apache.tools.ant.types.resources.comparators.DelegatedResourceComparator,0
org.apache.tools.ant.util.DeweyDecimal,0
org.apache.tools.ant.filters.ChainableReader,0
org.apache.tools.ant.types.resources.URLResource,0
org.apache.tools.ant.taskdefs.Untar,1
org.apache.tools.ant.listener.CommonsLoggingListener,0
org.apache.tools.ant.ComponentHelper,0
org.apache.tools.ant.RuntimeConfigurable,1
org.apache.tools.mail.SmtpResponseReader,0
org.apache.tools.ant.taskdefs.VerifyJar,1
org.apache.tools.ant.taskdefs.optional.ssh.ScpToMessage,1
org.apache.tools.ant.taskdefs.optional.unix.Symlink,1
org.apache.tools.ant.ProjectHelper,1
org.apache.tools.ant.listener.Log4jListener,1
org.apache.tools.ant.filters.FixCrLfFilter,0
org.apache.tools.ant.taskdefs.AbstractJarSignerTask,0
org.apache.tools.ant.taskdefs.optional.ejb.JbossDeploymentTool,0
org.apache.tools.ant.taskdefs.ManifestClassPath,1
org.apache.tools.ant.taskdefs.optional.perforce.P4Reopen,0
org.apache.tools.ant.taskdefs.Javadoc,1
org.apache.tools.ant.types.selectors.BaseSelector,0
org.apache.tools.ant.types.resources.selectors.ResourceSelectorContainer,0
org.apache.tools.ant.taskdefs.compilers.Gcj,1
org.apache.tools.ant.taskdefs.optional.depend.JarFileIterator,0
