name,label
org.apache.lucene.index.DocInverterPerThread,1
org.apache.lucene.search.FuzzyQuery,1
org.apache.lucene.search.QueryTermVector,0
org.apache.lucene.index.ReadOnlySegmentReader,0
org.apache.lucene.index.DirectoryIndexReader,1
org.apache.lucene.index.DocFieldConsumerPerThread,0
org.apache.lucene.index.FieldsWriter,1
org.apache.lucene.index.SegmentTermPositions,1
org.apache.lucene.index.MultipleTermPositions,0
org.apache.lucene.index.TermDocs,0
org.apache.lucene.index.IntBlockPool,0
org.apache.lucene.store.ChecksumIndexInput,0
org.apache.lucene.index.DocConsumer,0
org.apache.lucene.index.TermsHashConsumerPerField,0
org.apache.lucene.index.DocFieldProcessor,1
org.apache.lucene.analysis.PerFieldAnalyzerWrapper,1
org.apache.lucene.index.DocumentsWriterThreadState,1
org.apache.lucene.search.BooleanQuery,1
org.apache.lucene.analysis.WhitespaceTokenizer,1
org.apache.lucene.index.TermInfo,0
org.apache.lucene.index.Term,1
org.apache.lucene.search.TermQuery,1
org.apache.lucene.analysis.CharTokenizer,1
org.apache.lucene.index.CorruptIndexException,0
org.apache.lucene.queryParser.MultiFieldQueryParser,0
org.apache.lucene.search.ScoreDocComparator,0
org.apache.lucene.index.SnapshotDeletionPolicy,1
org.apache.lucene.index.TermsHashConsumerPerThread,0
org.apache.lucene.store.Directory,1
org.apache.lucene.index.LogMergePolicy,1
org.apache.lucene.store.LockFactory,1
org.apache.lucene.analysis.LowerCaseFilter,0
org.apache.lucene.search.NonMatchingScorer,1
org.apache.lucene.index.NormsWriterPerField,0
org.apache.lucene.index.SerialMergeScheduler,0
org.apache.lucene.search.TopFieldDocs,0
org.apache.lucene.search.spans.SpanWeight,1
org.apache.lucene.document.Document,0
org.apache.lucene.queryParser.CharStream,1
org.apache.lucene.search.PhrasePositions,0
org.apache.lucene.search.SloppyPhraseScorer,1
org.apache.lucene.index.FieldInfos,1
org.apache.lucene.document.FieldSelector,0
org.apache.lucene.index.CompoundFileWriter,0
org.apache.lucene.index.ParallelReader,1
org.apache.lucene.util.OpenBitSetDISI,1
org.apache.lucene.index.DocFieldProcessorPerField,0
org.apache.lucene.index.DocFieldConsumers,0
org.apache.lucene.index.InvertedDocEndConsumerPerThread,0
org.apache.lucene.search.FilteredQuery,1
org.apache.lucene.search.function.FloatFieldSource,1
org.apache.lucene.index.MergeScheduler,0
org.apache.lucene.search.RangeQuery,1
org.apache.lucene.search.FuzzyTermEnum,1
org.apache.lucene.store.Lock,1
org.apache.lucene.index.DocInverter,0
org.apache.lucene.search.spans.SpanFirstQuery,1
org.apache.lucene.search.TopDocs,1
org.apache.lucene.search.TopFieldDocCollector,1
org.apache.lucene.search.Filter,1
org.apache.lucene.search.FieldCache,1
org.apache.lucene.store.IndexInput,1
org.apache.lucene.search.function.DocValues,1
org.apache.lucene.search.ExactPhraseScorer,1
org.apache.lucene.index.DocFieldConsumersPerField,0
org.apache.lucene.search.FieldCacheImpl,1
org.apache.lucene.document.LoadFirstFieldSelector,0
org.apache.lucene.index.SegmentInfo,1
org.apache.lucene.store.BufferedIndexInput,0
org.apache.lucene.index.ReusableStringReader,0
org.apache.lucene.index.IndexModifier,1
org.apache.lucene.index.DocFieldConsumerPerField,0
org.apache.lucene.search.Searchable,1
org.apache.lucene.index.SegmentTermPositionVector,0
org.apache.lucene.store.IndexOutput,1
org.apache.lucene.search.function.CustomScoreQuery,1
org.apache.lucene.analysis.WordlistLoader,1
org.apache.lucene.search.HitQueue,1
org.apache.lucene.analysis.KeywordTokenizer,1
org.apache.lucene.index.ByteSliceReader,0
org.apache.lucene.index.TermBuffer,0
org.apache.lucene.index.TermFreqVector,1
org.apache.lucene.index.DocFieldConsumer,0
org.apache.lucene.store.BufferedIndexOutput,0
org.apache.lucene.index.IndexFileNames,0
org.apache.lucene.index.SegmentInfos,1
org.apache.lucene.document.Field,1
org.apache.lucene.index.MultiLevelSkipListWriter,1
org.apache.lucene.index.StoredFieldsWriterPerField,1
org.apache.lucene.index.IndexDeletionPolicy,0
org.apache.lucene.analysis.LetterTokenizer,0
org.apache.lucene.search.MatchAllDocsQuery,1
org.apache.lucene.index.TermVectorsTermsWriterPerThread,0
org.apache.lucene.search.spans.SpanOrQuery,1
org.apache.lucene.index.InvertedDocConsumerPerField,0
org.apache.lucene.util.ToStringUtils,1
org.apache.lucene.search.WildcardQuery,1
org.apache.lucene.analysis.standard.StandardTokenizerImpl,0
org.apache.lucene.search.spans.NearSpansOrdered,1
org.apache.lucene.store.ChecksumIndexOutput,0
org.apache.lucene.document.DateField,1
org.apache.lucene.search.FieldDoc,1
org.apache.lucene.queryParser.TokenMgrError,1
org.apache.lucene.index.DocConsumerPerThread,0
org.apache.lucene.index.SegmentMerger,1
org.apache.lucene.analysis.SinkTokenizer,0
org.apache.lucene.index.DocumentsWriter,1
org.apache.lucene.search.CachingSpanFilter,1
org.apache.lucene.index.TermVectorEntryFreqSortedComparator,0
org.apache.lucene.analysis.Tokenizer,1
org.apache.lucene.LucenePackage,0
org.apache.lucene.index.RawPostingList,0
org.apache.lucene.search.ComplexExplanation,1
org.apache.lucene.search.Hit,0
org.apache.lucene.util.Parameter,0
org.apache.lucene.search.spans.NearSpansUnordered,1
org.apache.lucene.document.Fieldable,1
org.apache.lucene.util.Constants,1
org.apache.lucene.search.MultiTermQuery,1
org.apache.lucene.queryParser.Token,1
org.apache.lucene.search.QueryFilter,0
org.apache.lucene.index.FieldSortedTermVectorMapper,0
org.apache.lucene.search.ParallelMultiSearcher,1
org.apache.lucene.search.ConjunctionScorer,1
org.apache.lucene.util.SmallFloat,0
org.apache.lucene.index.IndexFileDeleter,1
org.apache.lucene.index.TermVectorsTermsWriter,1
org.apache.lucene.index.TermInfosReader,1
org.apache.lucene.store.LockStressTest,0
org.apache.lucene.index.MergePolicy,1
org.apache.lucene.index.NormsWriterPerThread,0
org.apache.lucene.index.KeepOnlyLastCommitDeletionPolicy,0
org.apache.lucene.search.DocIdSet,1
org.apache.lucene.document.SetBasedFieldSelector,0
org.apache.lucene.search.Explanation,1
org.apache.lucene.search.spans.Spans,1
org.apache.lucene.index.SegmentMergeInfo,1
org.apache.lucene.util.OpenBitSetIterator,1
org.apache.lucene.index.ByteBlockPool,0
org.apache.lucene.store.LockVerifyServer,0
org.apache.lucene.index.ByteSliceWriter,0
org.apache.lucene.index.CompoundFileReader,0
org.apache.lucene.index.TermsHash,0
org.apache.lucene.document.FieldSelectorResult,1
org.apache.lucene.search.QueryWrapperFilter,1
org.apache.lucene.analysis.StopAnalyzer,1
org.apache.lucene.index.PositionBasedTermVectorMapper,0
org.apache.lucene.search.ReqOptSumScorer,1
org.apache.lucene.index.TermVectorsReader,0
org.apache.lucene.document.NumberTools,1
org.apache.lucene.index.TermVectorEntry,0
org.apache.lucene.analysis.ISOLatin1AccentFilter,0
org.apache.lucene.index.ConcurrentMergeScheduler,1
org.apache.lucene.util.cache.SimpleLRUCache,0
org.apache.lucene.search.RemoteCachingWrapperFilter,1
org.apache.lucene.util.BitUtil,1
org.apache.lucene.index.CheckIndex,1
org.apache.lucene.store.RAMFile,0
org.apache.lucene.store.LockObtainFailedException,0
org.apache.lucene.search.Sort,1
org.apache.lucene.index.StoredFieldsWriterPerThread,1
org.apache.lucene.index.IndexWriter,1
org.apache.lucene.search.ConstantScoreRangeQuery,1
org.apache.lucene.analysis.WhitespaceAnalyzer,1
org.apache.lucene.util.ArrayUtil,1
org.apache.lucene.index.MultiLevelSkipListReader,0
org.apache.lucene.store.RAMDirectory,1
org.apache.lucene.index.DocFieldProcessorPerThread,1
org.apache.lucene.index.TermsHashConsumer,0
org.apache.lucene.search.spans.SpanQuery,1
org.apache.lucene.search.FilteredTermEnum,0
org.apache.lucene.index.MultiSegmentReader,1
org.apache.lucene.queryParser.QueryParser,1
org.apache.lucene.index.TermVectorsTermsWriterPerField,1
org.apache.lucene.index.SegmentReader,1
org.apache.lucene.analysis.SimpleAnalyzer,1
org.apache.lucene.search.FieldSortedHitQueue,1
org.apache.lucene.search.FieldDocSortedHitQueue,0
org.apache.lucene.search.function.FieldCacheSource,1
org.apache.lucene.search.HitCollector,1
org.apache.lucene.index.FreqProxTermsWriterPerField,0
org.apache.lucene.util.cache.Cache,0
org.apache.lucene.search.spans.SpanNotQuery,1
org.apache.lucene.analysis.standard.StandardFilter,0
org.apache.lucene.search.ConstantScoreQuery,1
org.apache.lucene.search.RemoteSearchable,1
org.apache.lucene.index.FilterIndexReader,1
org.apache.lucene.document.DateTools,1
org.apache.lucene.store.NIOFSDirectory,1
org.apache.lucene.index.SegmentMergeQueue,0
org.apache.lucene.index.DocInverterPerField,1
org.apache.lucene.index.Payload,0
org.apache.lucene.store.VerifyingLockFactory,0
org.apache.lucene.index.FreqProxTermsWriterPerThread,0
org.apache.lucene.search.spans.TermSpans,1
org.apache.lucene.search.ExtendedFieldCache,1
org.apache.lucene.index.TermsHashPerField,0
org.apache.lucene.index.MultiReader,1
org.apache.lucene.index.StaleReaderException,0
org.apache.lucene.search.spans.SpanScorer,1
org.apache.lucene.search.spans.SpanNearQuery,1
org.apache.lucene.index.NormsWriter,0
org.apache.lucene.index.DefaultSkipListWriter,0
org.apache.lucene.index.BufferedDeletes,1
org.apache.lucene.queryParser.QueryParserTokenManager,1
org.apache.lucene.search.SortComparator,1
org.apache.lucene.search.function.ValueSourceQuery,1
org.apache.lucene.index.TermEnum,1
org.apache.lucene.util.cache.SimpleMapCache,0
org.apache.lucene.search.PrefixFilter,0
org.apache.lucene.index.TermVectorsWriter,1
org.apache.lucene.search.TermScorer,1
org.apache.lucene.search.function.FieldScoreQuery,1
org.apache.lucene.search.function.ShortFieldSource,1
org.apache.lucene.index.FieldsReader,1
org.apache.lucene.util.PriorityQueue,1
org.apache.lucene.search.Query,1
org.apache.lucene.search.FilterManager,1
org.apache.lucene.search.Similarity,1
org.apache.lucene.search.PrefixQuery,1
org.apache.lucene.analysis.standard.StandardTokenizer,1
org.apache.lucene.index.SortedTermVectorMapper,0
org.apache.lucene.search.function.ByteFieldSource,1
org.apache.lucene.search.function.OrdFieldSource,0
org.apache.lucene.document.MapFieldSelector,0
org.apache.lucene.analysis.PorterStemmer,0
org.apache.lucene.index.TermPositions,0
org.apache.lucene.util.DocIdBitSet,1
org.apache.lucene.analysis.TokenStream,1
org.apache.lucene.search.SpanQueryFilter,1
org.apache.lucene.search.RangeFilter,1
org.apache.lucene.search.function.ReverseOrdFieldSource,0
org.apache.lucene.search.ReqExclScorer,1
org.apache.lucene.analysis.PorterStemFilter,0
org.apache.lucene.index.TermInfosWriter,1
org.apache.lucene.index.DefaultSkipListReader,0
org.apache.lucene.search.MultiSearcher,1
org.apache.lucene.index.SegmentTermEnum,0
org.apache.lucene.search.MultiPhraseQuery,1
org.apache.lucene.util.CloseableThreadLocal,1
org.apache.lucene.util.SortedVIntList,1
org.apache.lucene.index.InvertedDocEndConsumer,0
org.apache.lucene.search.DisjunctionSumScorer,1
org.apache.lucene.queryParser.QueryParserConstants,0
org.apache.lucene.index.InvertedDocConsumer,0
org.apache.lucene.index.FreqProxTermsWriter,1
org.apache.lucene.index.StoredFieldsWriter,1
org.apache.lucene.index.LogDocMergePolicy,1
org.apache.lucene.index.TermVectorOffsetInfo,1
org.apache.lucene.search.function.IntFieldSource,1
org.apache.lucene.search.SpanFilter,0
org.apache.lucene.search.TopDocCollector,1
org.apache.lucene.index.CharBlockPool,0
org.apache.lucene.analysis.KeywordAnalyzer,1
org.apache.lucene.store.FSDirectory,1
org.apache.lucene.analysis.CachingTokenFilter,1
org.apache.lucene.search.BooleanClause,0
org.apache.lucene.index.IndexCommitPoint,0
org.apache.lucene.store.NoLockFactory,0
org.apache.lucene.search.ScoreDoc,1
org.apache.lucene.index.SegmentTermVector,0
org.apache.lucene.search.function.ValueSource,0
org.apache.lucene.analysis.LengthFilter,0
org.apache.lucene.search.IndexSearcher,1
org.apache.lucene.queryParser.ParseException,1
org.apache.lucene.index.LogByteSizeMergePolicy,1
org.apache.lucene.search.Weight,1
org.apache.lucene.search.Scorer,1
org.apache.lucene.index.IndexReader,1
org.apache.lucene.analysis.CharArraySet,1
org.apache.lucene.index.InvertedDocEndConsumerPerField,0
org.apache.lucene.index.FreqProxFieldMergeState,0
org.apache.lucene.index.IndexFileNameFilter,0
org.apache.lucene.analysis.LowerCaseTokenizer,1
org.apache.lucene.util.OpenBitSet,1
org.apache.lucene.util.BitVector,1
org.apache.lucene.document.AbstractField,1
org.apache.lucene.search.DisjunctionMaxQuery,1
org.apache.lucene.index.TermVectorMapper,0
org.apache.lucene.search.DocIdSetIterator,1
org.apache.lucene.search.Hits,1
org.apache.lucene.search.BooleanScorer,1
org.apache.lucene.search.spans.SpanTermQuery,1
org.apache.lucene.util.StringHelper,0
org.apache.lucene.search.SpanFilterResult,0
org.apache.lucene.store.RAMInputStream,0
org.apache.lucene.search.Searcher,1
org.apache.lucene.search.payloads.BoostingTermQuery,1
org.apache.lucene.analysis.Analyzer,1
org.apache.lucene.store.SimpleFSLockFactory,1
org.apache.lucene.store.LockReleaseFailedException,0
org.apache.lucene.analysis.TokenFilter,1
org.apache.lucene.index.DocFieldConsumersPerThread,0
org.apache.lucene.util.UnicodeUtil,1
org.apache.lucene.search.PhraseQueue,0
org.apache.lucene.search.PhraseScorer,1
org.apache.lucene.store.MMapDirectory,1
org.apache.lucene.analysis.standard.StandardAnalyzer,1
org.apache.lucene.store.RAMOutputStream,0
org.apache.lucene.store.AlreadyClosedException,0
org.apache.lucene.search.ExtendedFieldCacheImpl,1
org.apache.lucene.index.FieldReaderException,0
org.apache.lucene.index.FieldInfo,1
org.apache.lucene.index.SegmentTermDocs,1
org.apache.lucene.search.spans.PayloadSpans,1
org.apache.lucene.search.HitIterator,0
org.apache.lucene.search.BooleanScorer2,1
org.apache.lucene.search.PhraseQuery,1
org.apache.lucene.analysis.Token,1
org.apache.lucene.search.payloads.PayloadSpanUtil,1
org.apache.lucene.search.SortComparatorSource,1
org.apache.lucene.index.InvertedDocConsumerPerThread,0
org.apache.lucene.analysis.TeeTokenFilter,0
org.apache.lucene.search.DisjunctionMaxScorer,1
org.apache.lucene.index.MergeDocIDRemapper,1
org.apache.lucene.store.NativeFSLockFactory,1
org.apache.lucene.search.SimilarityDelegator,1
org.apache.lucene.store.SingleInstanceLockFactory,1
org.apache.lucene.search.TimeLimitedCollector,1
org.apache.lucene.search.SortField,1
org.apache.lucene.search.CachingWrapperFilter,1
org.apache.lucene.index.TermPositionVector,0
org.apache.lucene.queryParser.FastCharStream,0
org.apache.lucene.search.WildcardTermEnum,1
org.apache.lucene.index.IndexCommit,1
org.apache.lucene.analysis.StopFilter,1
org.apache.lucene.util.ScorerDocQueue,1
org.apache.lucene.search.DefaultSimilarity,0
org.apache.lucene.index.TermsHashPerThread,0
org.apache.lucene.index.ReadOnlyMultiSegmentReader,1
