name,label
org.apache.lucene.analysis.WhitespaceAnalyzer,0
org.apache.lucene.search.QueryTermVector,0
org.apache.lucene.analysis.PorterStemmer,0
org.apache.lucene.index.TermPositions,1
org.apache.lucene.analysis.TokenStream,1
org.apache.lucene.search.ExactPhraseScorer,1
org.apache.lucene.search.RangeFilter,0
org.apache.lucene.index.SegmentInfo,1
org.apache.lucene.store.BufferedIndexInput,1
org.apache.lucene.index.TermInfosWriter,1
org.apache.lucene.search.MultiSearcher,1
org.apache.lucene.analysis.standard.ParseException,1
org.apache.lucene.search.MultiPhraseQuery,1
org.apache.lucene.store.IndexOutput,1
org.apache.lucene.search.HitQueue,0
org.apache.lucene.search.NonMatchingScorer,0
org.apache.lucene.search.TopFieldDocs,0
org.apache.lucene.search.spans.SpanNearQuery,1
org.apache.lucene.document.Document,1
org.apache.lucene.analysis.standard.StandardTokenizerConstants,0
org.apache.lucene.queryParser.QueryParserTokenManager,1
org.apache.lucene.search.SloppyPhraseScorer,1
org.apache.lucene.index.TermEnum,0
org.apache.lucene.index.TermVectorsWriter,0
org.apache.lucene.index.FieldsReader,1
org.apache.lucene.search.Query,0
org.apache.lucene.search.RangeQuery,0
org.apache.lucene.search.PrefixQuery,0
org.apache.lucene.analysis.standard.StandardTokenizer,0
org.apache.lucene.search.TopDocs,0
org.apache.lucene.analysis.Tokenizer,0
org.apache.lucene.LucenePackage,0
org.apache.lucene.util.BitVector,1
org.apache.lucene.util.Parameter,0
org.apache.lucene.store.RAMDirectory,1
org.apache.lucene.search.spans.SpanQuery,0
org.apache.lucene.index.MultipleTermPositions,1
org.apache.lucene.queryParser.QueryParser,1
org.apache.lucene.analysis.SimpleAnalyzer,0
org.apache.lucene.search.FieldDocSortedHitQueue,0
org.apache.lucene.search.HitCollector,0
org.apache.lucene.analysis.WhitespaceTokenizer,0
org.apache.lucene.search.spans.SpanNotQuery,0
org.apache.lucene.analysis.standard.StandardFilter,0
org.apache.lucene.search.TermQuery,1
org.apache.lucene.analysis.CharTokenizer,0
org.apache.lucene.document.DateTools,0
org.apache.lucene.search.ScoreDocComparator,0
org.apache.lucene.store.Directory,1
org.apache.lucene.search.spans.SpanOrQuery,1
org.apache.lucene.search.WildcardQuery,1
org.apache.lucene.index.SegmentTermVector,0
org.apache.lucene.document.DateField,0
org.apache.lucene.search.FieldDoc,0
org.apache.lucene.queryParser.TokenMgrError,0
org.apache.lucene.index.SegmentMerger,1
org.apache.lucene.search.SortComparatorSource,0
org.apache.lucene.search.ReqOptSumScorer,0
org.apache.lucene.search.DisjunctionMaxScorer,1
org.apache.lucene.document.NumberTools,0
org.apache.lucene.search.SimilarityDelegator,0
org.apache.lucene.analysis.standard.Token,0
org.apache.lucene.search.CachingWrapperFilter,1
org.apache.lucene.index.TermPositionVector,0
org.apache.lucene.store.RAMFile,1
org.apache.lucene.analysis.StopFilter,0
org.apache.lucene.index.IndexWriter,1
org.apache.lucene.index.TermInfosReader,1
org.apache.lucene.search.PhraseScorer,1
org.apache.lucene.analysis.standard.StandardAnalyzer,0
org.apache.lucene.store.RAMOutputStream,1
org.apache.lucene.search.spans.Spans,0
org.apache.lucene.index.FieldInfo,1
org.apache.lucene.search.HitIterator,0
org.apache.lucene.search.BooleanScorer2,1
org.apache.lucene.analysis.Token,1
org.apache.lucene.index.DocumentWriter,1
org.apache.lucene.util.Constants,0
org.apache.lucene.search.MultiTermQuery,0
org.apache.lucene.search.BooleanScorer,1
org.apache.lucene.search.QueryFilter,1
org.apache.lucene.search.ParallelMultiSearcher,0
org.apache.lucene.search.ConjunctionScorer,1
org.apache.lucene.util.SmallFloat,0
org.apache.lucene.analysis.KeywordTokenizer,0
org.apache.lucene.queryParser.QueryParserConstants,1
org.apache.lucene.index.TermFreqVector,0
org.apache.lucene.index.IndexFileNames,1
org.apache.lucene.index.SegmentInfos,1
org.apache.lucene.search.TopDocCollector,0
org.apache.lucene.analysis.LetterTokenizer,0
org.apache.lucene.search.MatchAllDocsQuery,1
org.apache.lucene.search.FuzzyQuery,1
org.apache.lucene.analysis.standard.TokenMgrError,0
org.apache.lucene.search.Filter,0
org.apache.lucene.search.FieldCache,0
org.apache.lucene.store.IndexInput,0
org.apache.lucene.analysis.standard.CharStream,1
org.apache.lucene.analysis.standard.FastCharStream,0
org.apache.lucene.search.FieldCacheImpl,1
org.apache.lucene.search.ReqExclScorer,0
org.apache.lucene.analysis.PorterStemFilter,0
org.apache.lucene.index.IndexModifier,1
org.apache.lucene.index.SegmentTermEnum,1
org.apache.lucene.search.Searchable,1
org.apache.lucene.index.SegmentTermPositionVector,1
org.apache.lucene.analysis.WordlistLoader,0
org.apache.lucene.analysis.LowerCaseFilter,0
org.apache.lucene.index.MultiReader,1
org.apache.lucene.search.spans.SpanScorer,1
org.apache.lucene.search.spans.SpanWeight,1
org.apache.lucene.queryParser.CharStream,0
org.apache.lucene.search.PhrasePositions,1
org.apache.lucene.search.SortComparator,0
org.apache.lucene.index.FieldInfos,1
org.apache.lucene.index.CompoundFileWriter,1
org.apache.lucene.index.ParallelReader,1
org.apache.lucene.search.TermScorer,0
org.apache.lucene.search.FilteredQuery,1
org.apache.lucene.util.PriorityQueue,0
org.apache.lucene.search.Similarity,1
org.apache.lucene.search.FuzzyTermEnum,0
org.apache.lucene.store.Lock,1
org.apache.lucene.search.spans.SpanFirstQuery,0
org.apache.lucene.search.TopFieldDocCollector,0
org.apache.lucene.index.IndexFileNameFilter,0
org.apache.lucene.analysis.LowerCaseTokenizer,0
org.apache.lucene.search.Hit,1
org.apache.lucene.search.DisjunctionMaxQuery,1
org.apache.lucene.index.FieldsWriter,1
org.apache.lucene.index.SegmentTermPositions,1
org.apache.lucene.search.FilteredTermEnum,0
org.apache.lucene.index.TermDocs,0
org.apache.lucene.index.SegmentReader,1
org.apache.lucene.search.FieldSortedHitQueue,1
org.apache.lucene.analysis.PerFieldAnalyzerWrapper,1
org.apache.lucene.search.BooleanQuery,1
org.apache.lucene.index.TermInfo,0
org.apache.lucene.index.Term,1
org.apache.lucene.search.ConstantScoreQuery,1
org.apache.lucene.search.RemoteSearchable,1
org.apache.lucene.index.FilterIndexReader,1
org.apache.lucene.queryParser.MultiFieldQueryParser,1
org.apache.lucene.index.SegmentMergeQueue,0
org.apache.lucene.util.ToStringUtils,0
org.apache.lucene.search.ScoreDoc,0
org.apache.lucene.analysis.LengthFilter,0
org.apache.lucene.search.IndexSearcher,1
org.apache.lucene.queryParser.ParseException,0
org.apache.lucene.search.Weight,0
org.apache.lucene.search.Scorer,0
org.apache.lucene.index.IndexReader,1
org.apache.lucene.analysis.StopAnalyzer,0
org.apache.lucene.index.TermVectorsReader,1
org.apache.lucene.analysis.standard.StandardTokenizerTokenManager,1
org.apache.lucene.analysis.ISOLatin1AccentFilter,1
org.apache.lucene.search.SortField,0
org.apache.lucene.queryParser.FastCharStream,0
org.apache.lucene.search.WildcardTermEnum,0
org.apache.lucene.search.Sort,0
org.apache.lucene.search.DefaultSimilarity,0
org.apache.lucene.search.ConstantScoreRangeQuery,0
org.apache.lucene.analysis.TokenFilter,0
org.apache.lucene.search.PhraseQueue,1
org.apache.lucene.store.MMapDirectory,0
org.apache.lucene.search.Explanation,1
org.apache.lucene.index.SegmentMergeInfo,0
org.apache.lucene.index.SegmentTermDocs,1
org.apache.lucene.index.CompoundFileReader,1
org.apache.lucene.search.PhraseQuery,0
org.apache.lucene.search.spans.NearSpans,1
org.apache.lucene.search.Hits,1
org.apache.lucene.queryParser.Token,0
org.apache.lucene.search.spans.SpanTermQuery,1
org.apache.lucene.util.StringHelper,0
org.apache.lucene.store.RAMInputStream,1
org.apache.lucene.search.Searcher,1
org.apache.lucene.analysis.Analyzer,0
org.apache.lucene.search.DisjunctionSumScorer,1
org.apache.lucene.index.TermBuffer,0
org.apache.lucene.store.BufferedIndexOutput,1
org.apache.lucene.index.TermVectorOffsetInfo,0
org.apache.lucene.document.Field,1
org.apache.lucene.analysis.KeywordAnalyzer,0
org.apache.lucene.store.FSDirectory,1
org.apache.lucene.search.BooleanClause,1
