file_path,label
./DatabaseClean/ant-1.6/org.apache.tools.ant.input.PropertyFileInputHandler.txt,0
./DatabaseClean/ant-1.6/org.apache.tools.ant.types.selectors.OrSelector.txt,0
./DatabaseClean/ant-1.6/org.apache.tools.ant.filters.util.ChainReaderHelper.txt,0
./DatabaseClean/ant-1.6/org.apache.tools.ant.taskdefs.Ant.txt,1
./DatabaseClean/ant-1.6/org.apache.tools.ant.taskdefs.JikesOutputParser.txt,0
./DatabaseClean/ant-1.6/org.apache.tools.ant.taskdefs.SignJar.txt,0
./DatabaseClean/ant-1.6/org.apache.tools.ant.taskdefs.condition.And.txt,0
./DatabaseClean/ant-1.6/org.apache.tools.ant.taskdefs.condition.IsTrue.txt,0
./DatabaseClean/ant-1.6/org.apache.tools.ant.taskdefs.ExecuteOn.txt,0
./DatabaseClean/ant-1.6/org.apache.tools.ant.types.Assertions.txt,1
./DatabaseClean/ant-1.6/org.apache.tools.bzip2.CRC.txt,0
./DatabaseClean/ant-1.6/org.apache.tools.ant.taskdefs.SQLExec.txt,1
./DatabaseClean/ant-1.6/org.apache.tools.ant.taskdefs.ExecuteWatchdog.txt,0
./DatabaseClean/ant-1.6/org.apache.tools.ant.taskdefs.condition.IsSet.txt,0
./DatabaseClean/ant-1.6/org.apache.tools.ant.types.Commandline.txt,1
./DatabaseClean/ant-1.6/org.apache.tools.ant.types.selectors.NotSelector.txt,0
./DatabaseClean/ant-1.6/org.apache.tools.ant.types.XMLCatalog.txt,0
./DatabaseClean/ant-1.6/org.apache.tools.ant.filters.LineContainsRegExp.txt,0
./DatabaseClean/ant-1.6/org.apache.tools.ant.helper.ProjectHelper2.txt,1
./DatabaseClean/ant-1.6/org.apache.tools.ant.taskdefs.SubAnt.txt,0
./DatabaseClean/ant-1.6/org.apache.tools.ant.types.selectors.FileSelector.txt,0
./DatabaseClean/ant-1.6/org.apache.tools.ant.types.Path.txt,0
./DatabaseClean/ant-1.6/org.apache.tools.ant.filters.StripLineComments.txt,0
./DatabaseClean/ant-1.6/org.apache.tools.ant.taskdefs.Sequential.txt,0
./DatabaseClean/ant-1.6/org.apache.tools.ant.util.TaskLogger.txt,0
./DatabaseClean/ant-1.6/org.apache.tools.ant.taskdefs.compilers.Gcj.txt,1
./DatabaseClean/ant-1.6/org.apache.tools.ant.types.selectors.SelectSelector.txt,0
./DatabaseClean/ant-1.6/org.apache.tools.ant.types.selectors.FilenameSelector.txt,0
./DatabaseClean/ant-1.6/org.apache.tools.ant.types.selectors.TypeSelector.txt,0
./DatabaseClean/ant-1.6/org.apache.tools.ant.taskdefs.GUnzip.txt,0
./DatabaseClean/ant-1.6/org.apache.tools.ant.taskdefs.Basename.txt,0
./DatabaseClean/ant-1.6/org.apache.tools.ant.types.selectors.SelectorScanner.txt,0
./DatabaseClean/ant-1.6/org.apache.tools.ant.util.KeepAliveOutputStream.txt,0
./DatabaseClean/ant-1.6/org.apache.tools.ant.PathTokenizer.txt,0
./DatabaseClean/ant-1.6/org.apache.tools.ant.taskdefs.Definer.txt,1
./DatabaseClean/ant-1.6/org.apache.tools.ant.input.InputHandler.txt,0
./DatabaseClean/ant-1.6/org.apache.tools.ant.taskdefs.condition.IsReference.txt,0
./DatabaseClean/ant-1.6/org.apache.tools.ant.taskdefs.BUnzip2.txt,0
./DatabaseClean/ant-1.6/org.apache.tools.ant.ProjectHelper.txt,1
./DatabaseClean/ant-1.6/org.apache.tools.ant.taskdefs.KeySubst.txt,0
./DatabaseClean/ant-1.6/org.apache.tools.ant.PropertyHelper.txt,1
./DatabaseClean/ant-1.6/org.apache.tools.ant.types.CommandlineJava.txt,1
./DatabaseClean/ant-1.6/org.apache.tools.ant.filters.TailFilter.txt,0
./DatabaseClean/ant-1.6/org.apache.tools.ant.filters.ExpandProperties.txt,0
./DatabaseClean/ant-1.6/org.apache.tools.ant.DirectoryScanner.txt,1
./DatabaseClean/ant-1.6/org.apache.tools.ant.taskdefs.PumpStreamHandler.txt,1
./DatabaseClean/ant-1.6/org.apache.tools.ant.types.ResourceLocation.txt,0
./DatabaseClean/ant-1.6/org.apache.tools.ant.taskdefs.War.txt,0
./DatabaseClean/ant-1.6/org.apache.tools.ant.taskdefs.MacroDef.txt,0
./DatabaseClean/ant-1.6/org.apache.tools.ant.taskdefs.Copydir.txt,0
./DatabaseClean/ant-1.6/org.apache.tools.ant.taskdefs.LoadProperties.txt,0
./DatabaseClean/ant-1.6/org.apache.tools.ant.types.ZipFileSet.txt,1
./DatabaseClean/ant-1.6/org.apache.tools.ant.Diagnostics.txt,1
./DatabaseClean/ant-1.6/org.apache.tools.ant.util.MergingMapper.txt,0
./DatabaseClean/ant-1.6/org.apache.tools.ant.types.selectors.modifiedselector.HashvalueAlgorithm.txt,0
./DatabaseClean/ant-1.6/org.apache.tools.ant.taskdefs.email.UUMailer.txt,0
./DatabaseClean/ant-1.6/org.apache.tools.ant.types.AbstractFileSet.txt,1
./DatabaseClean/ant-1.6/org.apache.tools.ant.taskdefs.MacroInstance.txt,1
./DatabaseClean/ant-1.6/org.apache.tools.ant.taskdefs.Copy.txt,1
./DatabaseClean/ant-1.6/org.apache.tools.ant.types.DTDLocation.txt,0
./DatabaseClean/ant-1.6/org.apache.tools.ant.taskdefs.Typedef.txt,0
./DatabaseClean/ant-1.6/org.apache.tools.ant.types.resolver.ApacheCatalog.txt,0
./DatabaseClean/ant-1.6/org.apache.tools.ant.filters.StringInputStream.txt,0
./DatabaseClean/ant-1.6/org.apache.tools.ant.taskdefs.cvslib.ChangeLogWriter.txt,0
./DatabaseClean/ant-1.6/org.apache.tools.ant.taskdefs.compilers.Jikes.txt,1
./DatabaseClean/ant-1.6/org.apache.tools.ant.taskdefs.BuildNumber.txt,0
./DatabaseClean/ant-1.6/org.apache.tools.ant.types.Reference.txt,0
./DatabaseClean/ant-1.6/org.apache.tools.ant.taskdefs.Chmod.txt,0
./DatabaseClean/ant-1.6/org.apache.tools.ant.taskdefs.AntlibDefinition.txt,0
./DatabaseClean/ant-1.6/org.apache.tools.ant.util.PackageNameMapper.txt,0
./DatabaseClean/ant-1.6/org.apache.tools.ant.util.LineTokenizer.txt,0
./DatabaseClean/ant-1.6/org.apache.tools.ant.TaskAdapter.txt,0
./DatabaseClean/ant-1.6/org.apache.tools.ant.taskdefs.rmic.DefaultRmicAdapter.txt,0
./DatabaseClean/ant-1.6/org.apache.tools.ant.types.Parameter.txt,0
./DatabaseClean/ant-1.6/org.apache.tools.ant.IntrospectionHelper.txt,1
./DatabaseClean/ant-1.6/org.apache.tools.ant.taskdefs.compilers.Javac12.txt,0
./DatabaseClean/ant-1.6/org.apache.tools.ant.types.FileSet.txt,0
./DatabaseClean/ant-1.6/org.apache.tools.ant.input.MultipleChoiceInputRequest.txt,0
./DatabaseClean/ant-1.6/org.apache.tools.mail.MailMessage.txt,0
./DatabaseClean/ant-1.6/org.apache.tools.ant.types.PropertySet.txt,1
./DatabaseClean/ant-1.6/org.apache.tools.ant.taskdefs.XSLTLogger.txt,0
./DatabaseClean/ant-1.6/org.apache.tools.ant.DemuxOutputStream.txt,0
./DatabaseClean/ant-1.6/org.apache.tools.ant.DefaultLogger.txt,1
./DatabaseClean/ant-1.6/org.apache.tools.tar.TarInputStream.txt,1
./DatabaseClean/ant-1.6/org.apache.tools.ant.types.selectors.DifferentSelector.txt,0
./DatabaseClean/ant-1.6/org.apache.tools.ant.BuildListener.txt,0
./DatabaseClean/ant-1.6/org.apache.tools.ant.taskdefs.condition.Contains.txt,0
./DatabaseClean/ant-1.6/org.apache.tools.ant.taskdefs.Antlib.txt,0
./DatabaseClean/ant-1.6/org.apache.tools.ant.helper.ProjectHelperImpl.txt,1
./DatabaseClean/ant-1.6/org.apache.tools.ant.types.selectors.modifiedselector.PropertiesfileCache.txt,1
./DatabaseClean/ant-1.6/org.apache.tools.ant.taskdefs.cvslib.CvsUser.txt,0
./DatabaseClean/ant-1.6/org.apache.tools.ant.taskdefs.BZip2.txt,0
./DatabaseClean/ant-1.6/org.apache.tools.ant.TypeAdapter.txt,0
./DatabaseClean/ant-1.6/org.apache.tools.ant.taskdefs.ProcessDestroyer.txt,0
./DatabaseClean/ant-1.6/org.apache.tools.ant.types.selectors.PresentSelector.txt,0
./DatabaseClean/ant-1.6/org.apache.tools.ant.types.FilterSetCollection.txt,0
./DatabaseClean/ant-1.6/org.apache.tools.ant.taskdefs.GenerateKey.txt,0
./DatabaseClean/ant-1.6/org.apache.tools.ant.types.selectors.modifiedselector.Cache.txt,0
./DatabaseClean/ant-1.6/org.apache.tools.ant.taskdefs.email.EmailTask.txt,0
./DatabaseClean/ant-1.6/org.apache.tools.ant.util.FlatFileNameMapper.txt,0
./DatabaseClean/ant-1.6/org.apache.tools.ant.taskdefs.Transform.txt,0
./DatabaseClean/ant-1.6/org.apache.tools.ant.util.GlobPatternMapper.txt,0
./DatabaseClean/ant-1.6/org.apache.tools.mail.ErrorInQuitException.txt,0
./DatabaseClean/ant-1.6/org.apache.tools.ant.taskdefs.rmic.RmicAdapterFactory.txt,1
./DatabaseClean/ant-1.6/org.apache.tools.ant.taskdefs.cvslib.RCSFile.txt,0
./DatabaseClean/ant-1.6/org.apache.tools.ant.XmlLogger.txt,0
./DatabaseClean/ant-1.6/org.apache.tools.ant.types.Description.txt,0
./DatabaseClean/ant-1.6/org.apache.tools.ant.Location.txt,0
./DatabaseClean/ant-1.6/org.apache.tools.ant.taskdefs.CallTarget.txt,0
./DatabaseClean/ant-1.6/org.apache.tools.ant.taskdefs.ManifestException.txt,0
./DatabaseClean/ant-1.6/org.apache.tools.ant.taskdefs.compilers.Jvc.txt,0
./DatabaseClean/ant-1.6/org.apache.tools.ant.types.selectors.ExtendFileSelector.txt,0
./DatabaseClean/ant-1.6/org.apache.tools.ant.taskdefs.XSLTProcess.txt,1
./DatabaseClean/ant-1.6/org.apache.tools.ant.taskdefs.Manifest.txt,1
./DatabaseClean/ant-1.6/org.apache.tools.ant.types.selectors.DependSelector.txt,0
./DatabaseClean/ant-1.6/org.apache.tools.ant.taskdefs.condition.Not.txt,0
./DatabaseClean/ant-1.6/org.apache.tools.ant.types.selectors.SelectorContainer.txt,0
./DatabaseClean/ant-1.6/org.apache.tools.ant.taskdefs.Exit.txt,0
./DatabaseClean/ant-1.6/org.apache.tools.ant.taskdefs.Copyfile.txt,0
./DatabaseClean/ant-1.6/org.apache.tools.ant.filters.TokenFilter.txt,0
./DatabaseClean/ant-1.6/org.apache.tools.ant.filters.StripJavaComments.txt,0
./DatabaseClean/ant-1.6/org.apache.tools.mail.SmtpResponseReader.txt,0
./DatabaseClean/ant-1.6/org.apache.tools.ant.taskdefs.LoadFile.txt,0
./DatabaseClean/ant-1.6/org.apache.tools.ant.util.LazyHashtable.txt,0
./DatabaseClean/ant-1.6/org.apache.tools.ant.ExitException.txt,0
./DatabaseClean/ant-1.6/org.apache.tools.ant.taskdefs.Move.txt,0
./DatabaseClean/ant-1.6/org.apache.tools.ant.taskdefs.XSLTLiaison.txt,0
./DatabaseClean/ant-1.6/org.apache.tools.ant.taskdefs.email.EmailAddress.txt,0
./DatabaseClean/ant-1.6/org.apache.tools.ant.util.TimeoutObserver.txt,0
./DatabaseClean/ant-1.6/org.apache.tools.ant.taskdefs.rmic.SunRmic.txt,0
./DatabaseClean/ant-1.6/org.apache.tools.ant.types.ZipScanner.txt,0
./DatabaseClean/ant-1.6/org.apache.tools.ant.types.selectors.DepthSelector.txt,0
./DatabaseClean/ant-1.6/org.apache.tools.ant.taskdefs.cvslib.CvsTagDiff.txt,0
./DatabaseClean/ant-1.6/org.apache.tools.ant.taskdefs.cvslib.CVSEntry.txt,0
./DatabaseClean/ant-1.6/org.apache.tools.ant.taskdefs.Java.txt,1
./DatabaseClean/ant-1.6/org.apache.tools.ant.taskdefs.ConditionTask.txt,0
./DatabaseClean/ant-1.6/org.apache.tools.tar.TarBuffer.txt,1
./DatabaseClean/ant-1.6/org.apache.tools.ant.types.Permissions.txt,0
./DatabaseClean/ant-1.6/org.apache.tools.ant.taskdefs.Dirname.txt,0
./DatabaseClean/ant-1.6/org.apache.tools.zip.ExtraFieldUtils.txt,0
./DatabaseClean/ant-1.6/org.apache.tools.ant.taskdefs.Expand.txt,1
./DatabaseClean/ant-1.6/org.apache.tools.ant.types.selectors.BaseSelectorContainer.txt,0
./DatabaseClean/ant-1.6/org.apache.tools.ant.util.CollectionUtils.txt,0
./DatabaseClean/ant-1.6/org.apache.tools.ant.util.regexp.RegexpMatcher.txt,0
./DatabaseClean/ant-1.6/org.apache.tools.bzip2.CBZip2InputStream.txt,0
./DatabaseClean/ant-1.6/org.apache.tools.ant.util.FileUtils.txt,1
./DatabaseClean/ant-1.6/org.apache.tools.ant.taskdefs.XSLTLiaison2.txt,0
./DatabaseClean/ant-1.6/org.apache.tools.zip.UnrecognizedExtraField.txt,0
./DatabaseClean/ant-1.6/org.apache.tools.ant.UnknownElement.txt,1
./DatabaseClean/ant-1.6/org.apache.tools.ant.taskdefs.email.Message.txt,0
./DatabaseClean/ant-1.6/org.apache.tools.ant.filters.EscapeUnicode.txt,0
./DatabaseClean/ant-1.6/org.apache.tools.ant.taskdefs.Exec.txt,0
./DatabaseClean/ant-1.6/org.apache.tools.ant.taskdefs.Unpack.txt,0
./DatabaseClean/ant-1.6/org.apache.tools.ant.types.FilterSet.txt,1
./DatabaseClean/ant-1.6/org.apache.tools.ant.types.DirSet.txt,0
./DatabaseClean/ant-1.6/org.apache.tools.ant.taskdefs.Zip.txt,1
./DatabaseClean/ant-1.6/org.apache.tools.ant.util.ScriptRunner.txt,1
./DatabaseClean/ant-1.6/org.apache.tools.ant.taskdefs.condition.Or.txt,0
./DatabaseClean/ant-1.6/org.apache.tools.ant.taskdefs.Tstamp.txt,0
./DatabaseClean/ant-1.6/org.apache.tools.tar.TarConstants.txt,1
./DatabaseClean/ant-1.6/org.apache.tools.ant.input.InputRequest.txt,0
./DatabaseClean/ant-1.6/org.apache.tools.ant.util.Watchdog.txt,0
./DatabaseClean/ant-1.6/org.apache.tools.ant.filters.ClassConstants.txt,1
./DatabaseClean/ant-1.6/org.apache.tools.ant.taskdefs.ExecTask.txt,0
./DatabaseClean/ant-1.6/org.apache.tools.ant.taskdefs.compilers.CompilerAdapter.txt,0
./DatabaseClean/ant-1.6/org.apache.tools.ant.types.ResourceFactory.txt,0
./DatabaseClean/ant-1.6/org.apache.tools.ant.taskdefs.Touch.txt,1
./DatabaseClean/ant-1.6/org.apache.tools.ant.taskdefs.Jikes.txt,0
./DatabaseClean/ant-1.6/org.apache.tools.ant.taskdefs.Deltree.txt,0
./DatabaseClean/ant-1.6/org.apache.tools.zip.ZipEntry.txt,1
./DatabaseClean/ant-1.6/org.apache.tools.ant.taskdefs.Get.txt,1
./DatabaseClean/ant-1.6/org.apache.tools.ant.types.FileList.txt,0
./DatabaseClean/ant-1.6/org.apache.tools.ant.taskdefs.Property.txt,0
./DatabaseClean/ant-1.6/org.apache.tools.ant.types.Resource.txt,0
./DatabaseClean/ant-1.6/org.apache.tools.ant.taskdefs.Untar.txt,1
./DatabaseClean/ant-1.6/org.apache.tools.ant.taskdefs.ManifestTask.txt,1
./DatabaseClean/ant-1.6/org.apache.tools.tar.TarOutputStream.txt,1
./DatabaseClean/ant-1.6/org.apache.tools.ant.types.Parameterizable.txt,0
./DatabaseClean/ant-1.6/org.apache.tools.zip.ZipFile.txt,1
./DatabaseClean/ant-1.6/org.apache.tools.ant.taskdefs.compilers.Sj.txt,0
./DatabaseClean/ant-1.6/org.apache.tools.ant.taskdefs.Filter.txt,0
./DatabaseClean/ant-1.6/org.apache.tools.ant.BuildLogger.txt,0
./DatabaseClean/ant-1.6/org.apache.tools.ant.taskdefs.Recorder.txt,1
./DatabaseClean/ant-1.6/org.apache.tools.ant.taskdefs.Echo.txt,0
./DatabaseClean/ant-1.6/org.apache.tools.ant.taskdefs.ExecuteStreamHandler.txt,0
./DatabaseClean/ant-1.6/org.apache.tools.ant.taskdefs.Parallel.txt,1
./DatabaseClean/ant-1.6/org.apache.tools.ant.TaskContainer.txt,0
./DatabaseClean/ant-1.6/org.apache.tools.ant.filters.StripLineBreaks.txt,0
./DatabaseClean/ant-1.6/org.apache.tools.ant.types.Environment.txt,1
./DatabaseClean/ant-1.6/org.apache.tools.ant.taskdefs.DependSet.txt,1
./DatabaseClean/ant-1.6/org.apache.tools.ant.types.selectors.ExtendSelector.txt,0
./DatabaseClean/ant-1.6/org.apache.tools.ant.types.selectors.modifiedselector.Algorithm.txt,0
./DatabaseClean/ant-1.6/org.apache.tools.ant.taskdefs.Available.txt,1
./DatabaseClean/ant-1.6/org.apache.tools.ant.taskdefs.LogStreamHandler.txt,0
./DatabaseClean/ant-1.6/org.apache.tools.tar.TarUtils.txt,0
./DatabaseClean/ant-1.6/org.apache.tools.ant.Main.txt,0
./DatabaseClean/ant-1.6/org.apache.tools.ant.util.regexp.Regexp.txt,0
./DatabaseClean/ant-1.6/org.apache.tools.ant.util.facade.FacadeTaskHelper.txt,0
./DatabaseClean/ant-1.6/org.apache.tools.ant.taskdefs.Mkdir.txt,0
./DatabaseClean/ant-1.6/org.apache.tools.ant.util.TeeOutputStream.txt,0
./DatabaseClean/ant-1.6/org.apache.tools.ant.util.FileNameMapper.txt,0
./DatabaseClean/ant-1.6/org.apache.tools.ant.taskdefs.condition.Http.txt,0
./DatabaseClean/ant-1.6/org.apache.tools.ant.taskdefs.Patch.txt,0
./DatabaseClean/ant-1.6/org.apache.tools.ant.taskdefs.FixCRLF.txt,1
./DatabaseClean/ant-1.6/org.apache.tools.ant.taskdefs.StreamPumper.txt,1
./DatabaseClean/ant-1.6/org.apache.tools.ant.types.RegularExpression.txt,0
./DatabaseClean/ant-1.6/org.apache.tools.ant.taskdefs.Cvs.txt,0
./DatabaseClean/ant-1.6/org.apache.tools.zip.ZipExtraField.txt,0
./DatabaseClean/ant-1.6/org.apache.tools.ant.types.selectors.modifiedselector.EqualComparator.txt,0
./DatabaseClean/ant-1.6/org.apache.tools.ant.util.facade.ImplementationSpecificArgument.txt,0
./DatabaseClean/ant-1.6/org.apache.tools.ant.types.selectors.NoneSelector.txt,0
./DatabaseClean/ant-1.6/org.apache.tools.ant.taskdefs.Rename.txt,0
./DatabaseClean/ant-1.6/org.apache.tools.ant.input.DefaultInputHandler.txt,0
./DatabaseClean/ant-1.6/org.apache.tools.ant.taskdefs.condition.FilesMatch.txt,0
./DatabaseClean/ant-1.6/org.apache.tools.ant.loader.AntClassLoader2.txt,1
./DatabaseClean/ant-1.6/org.apache.tools.ant.util.UnPackageNameMapper.txt,0
./DatabaseClean/ant-1.6/org.apache.tools.ant.taskdefs.XSLTLoggerAware.txt,0
./DatabaseClean/ant-1.6/org.apache.tools.zip.AsiExtraField.txt,0
./DatabaseClean/ant-1.6/org.apache.tools.ant.types.Substitution.txt,0
./DatabaseClean/ant-1.6/org.apache.tools.ant.taskdefs.Checksum.txt,1
./DatabaseClean/ant-1.6/org.apache.tools.ant.types.selectors.modifiedselector.DigestAlgorithm.txt,1
./DatabaseClean/ant-1.6/org.apache.tools.ant.util.JAXPUtils.txt,0
./DatabaseClean/ant-1.6/org.apache.tools.tar.TarEntry.txt,0
./DatabaseClean/ant-1.6/org.apache.tools.ant.MagicNames.txt,0
./DatabaseClean/ant-1.6/org.apache.tools.ant.taskdefs.cvslib.ChangeLogTask.txt,1
./DatabaseClean/ant-1.6/org.apache.tools.ant.taskdefs.rmic.WLRmic.txt,0
./DatabaseClean/ant-1.6/org.apache.tools.bzip2.CBZip2OutputStream.txt,0
./DatabaseClean/ant-1.6/org.apache.tools.ant.taskdefs.Execute.txt,1
./DatabaseClean/ant-1.6/org.apache.tools.ant.util.DateUtils.txt,0
./DatabaseClean/ant-1.6/org.apache.tools.ant.filters.LineContains.txt,0
./DatabaseClean/ant-1.6/org.apache.tools.ant.Target.txt,1
./DatabaseClean/ant-1.6/org.apache.tools.ant.types.FilterChain.txt,0
./DatabaseClean/ant-1.6/org.apache.tools.ant.util.IdentityMapper.txt,0
./DatabaseClean/ant-1.6/org.apache.tools.ant.types.selectors.DateSelector.txt,0
./DatabaseClean/ant-1.6/org.apache.tools.ant.taskdefs.ExecuteJava.txt,1
./DatabaseClean/ant-1.6/org.apache.tools.ant.types.FlexInteger.txt,0
./DatabaseClean/ant-1.6/org.apache.tools.ant.taskdefs.Sleep.txt,0
./DatabaseClean/ant-1.6/org.apache.tools.ant.Task.txt,1
./DatabaseClean/ant-1.6/org.apache.tools.ant.taskdefs.cvslib.RedirectingStreamHandler.txt,0
./DatabaseClean/ant-1.6/org.apache.tools.ant.filters.ConcatFilter.txt,0
./DatabaseClean/ant-1.6/org.apache.tools.ant.taskdefs.compilers.Kjc.txt,0
./DatabaseClean/ant-1.6/org.apache.tools.ant.listener.AnsiColorLogger.txt,0
./DatabaseClean/ant-1.6/org.apache.tools.ant.util.StringUtils.txt,0
./DatabaseClean/ant-1.6/org.apache.tools.ant.taskdefs.XmlProperty.txt,1
./DatabaseClean/ant-1.6/org.apache.tools.ant.types.selectors.ContainsSelector.txt,0
./DatabaseClean/ant-1.6/org.apache.tools.ant.util.ResourceUtils.txt,1
./DatabaseClean/ant-1.6/org.apache.tools.ant.filters.PrefixLines.txt,0
./DatabaseClean/ant-1.6/org.apache.tools.ant.taskdefs.compilers.Javac13.txt,0
./DatabaseClean/ant-1.6/org.apache.tools.ant.filters.HeadFilter.txt,0
./DatabaseClean/ant-1.6/org.apache.tools.ant.taskdefs.compilers.DefaultCompilerAdapter.txt,1
./DatabaseClean/ant-1.6/org.apache.tools.ant.NoBannerLogger.txt,0
./DatabaseClean/ant-1.6/org.apache.tools.ant.taskdefs.condition.IsFalse.txt,0
./DatabaseClean/ant-1.6/org.apache.tools.ant.filters.BaseParamFilterReader.txt,0
./DatabaseClean/ant-1.6/org.apache.tools.ant.types.selectors.MajoritySelector.txt,0
./DatabaseClean/ant-1.6/org.apache.tools.ant.taskdefs.Sync.txt,1
./DatabaseClean/ant-1.6/org.apache.tools.ant.types.selectors.modifiedselector.ModifiedSelector.txt,1
./DatabaseClean/ant-1.6/org.apache.tools.ant.util.regexp.RegexpFactory.txt,0
./DatabaseClean/ant-1.6/org.apache.tools.zip.ZipShort.txt,0
./DatabaseClean/ant-1.6/org.apache.tools.ant.taskdefs.condition.Condition.txt,0
./DatabaseClean/ant-1.6/org.apache.tools.ant.taskdefs.cvslib.RedirectingOutputStream.txt,0
./DatabaseClean/ant-1.6/org.apache.tools.ant.taskdefs.Pack.txt,0
./DatabaseClean/ant-1.6/org.apache.tools.ant.types.Mapper.txt,1
./DatabaseClean/ant-1.6/org.apache.tools.ant.types.selectors.BaseExtendSelector.txt,0
./DatabaseClean/ant-1.6/org.apache.tools.ant.taskdefs.Ear.txt,0
./DatabaseClean/ant-1.6/org.apache.tools.ant.taskdefs.Taskdef.txt,0
./DatabaseClean/ant-1.6/org.apache.tools.ant.filters.TabsToSpaces.txt,0
./DatabaseClean/ant-1.6/org.apache.tools.ant.listener.MailLogger.txt,0
./DatabaseClean/ant-1.6/org.apache.tools.ant.taskdefs.Concat.txt,0
./DatabaseClean/ant-1.6/org.apache.tools.ant.BuildEvent.txt,0
./DatabaseClean/ant-1.6/org.apache.tools.ant.taskdefs.Jar.txt,1
./DatabaseClean/ant-1.6/org.apache.tools.ant.taskdefs.Delete.txt,1
./DatabaseClean/ant-1.6/org.apache.tools.ant.taskdefs.compilers.JavacExternal.txt,1
./DatabaseClean/ant-1.6/org.apache.tools.ant.taskdefs.WhichResource.txt,0
./DatabaseClean/ant-1.6/org.apache.tools.ant.taskdefs.email.PlainMailer.txt,0
./DatabaseClean/ant-1.6/org.apache.tools.ant.BuildException.txt,0
./DatabaseClean/ant-1.6/org.apache.tools.ant.taskdefs.CVSPass.txt,0
./DatabaseClean/ant-1.6/org.apache.tools.ant.ProjectComponent.txt,1
./DatabaseClean/ant-1.6/org.apache.tools.ant.taskdefs.GZip.txt,0
./DatabaseClean/ant-1.6/org.apache.tools.ant.taskdefs.condition.ConditionBase.txt,0
./DatabaseClean/ant-1.6/org.apache.tools.ant.filters.ReplaceTokens.txt,1
./DatabaseClean/ant-1.6/org.apache.tools.ant.util.RegexpPatternMapper.txt,0
./DatabaseClean/ant-1.6/org.apache.tools.ant.taskdefs.condition.Equals.txt,0
./DatabaseClean/ant-1.6/org.apache.tools.ant.taskdefs.LogOutputStream.txt,0
./DatabaseClean/ant-1.6/org.apache.tools.ant.taskdefs.WaitFor.txt,0
./DatabaseClean/ant-1.6/org.apache.tools.ant.taskdefs.DefBase.txt,0
./DatabaseClean/ant-1.6/org.apache.tools.zip.ZipLong.txt,0
./DatabaseClean/ant-1.6/org.apache.tools.ant.taskdefs.rmic.RmicAdapter.txt,0
./DatabaseClean/ant-1.6/org.apache.tools.ant.filters.ChainableReader.txt,0
./DatabaseClean/ant-1.6/org.apache.tools.ant.taskdefs.condition.Socket.txt,0
./DatabaseClean/ant-1.6/org.apache.tools.ant.taskdefs.email.Mailer.txt,0
./DatabaseClean/ant-1.6/org.apache.tools.ant.taskdefs.UpToDate.txt,0
./DatabaseClean/ant-1.6/org.apache.tools.ant.util.JavaEnvUtils.txt,1
./DatabaseClean/ant-1.6/org.apache.tools.ant.util.KeepAliveInputStream.txt,0
./DatabaseClean/ant-1.6/org.apache.tools.ant.types.selectors.MappingSelector.txt,0
./DatabaseClean/ant-1.6/org.apache.tools.ant.Project.txt,1
./DatabaseClean/ant-1.6/org.apache.tools.ant.taskdefs.RecorderEntry.txt,1
./DatabaseClean/ant-1.6/org.apache.tools.ant.taskdefs.Javac.txt,1
./DatabaseClean/ant-1.6/org.apache.tools.ant.taskdefs.ImportTask.txt,1
./DatabaseClean/ant-1.6/org.apache.tools.ant.taskdefs.Tar.txt,1
./DatabaseClean/ant-1.6/org.apache.tools.ant.taskdefs.cvslib.CvsTagEntry.txt,0
./DatabaseClean/ant-1.6/org.apache.tools.ant.taskdefs.Redirector.txt,1
./DatabaseClean/ant-1.6/org.apache.tools.ant.filters.util.JavaClassHelper.txt,0
./DatabaseClean/ant-1.6/org.apache.tools.ant.taskdefs.TempFile.txt,1
./DatabaseClean/ant-1.6/org.apache.tools.ant.types.selectors.BaseSelector.txt,0
./DatabaseClean/ant-1.6/org.apache.tools.ant.types.selectors.AndSelector.txt,0
./DatabaseClean/ant-1.6/org.apache.tools.ant.DemuxInputStream.txt,0
./DatabaseClean/ant-1.6/org.apache.tools.ant.types.PatternSet.txt,1
./DatabaseClean/ant-1.6/org.apache.tools.ant.taskdefs.compilers.CompilerAdapterFactory.txt,1
./DatabaseClean/ant-1.6/org.apache.tools.ant.taskdefs.JDBCTask.txt,1
./DatabaseClean/ant-1.6/org.apache.tools.ant.util.SourceFileScanner.txt,1
./DatabaseClean/ant-1.6/org.apache.tools.ant.types.EnumeratedAttribute.txt,0
./DatabaseClean/ant-1.6/org.apache.tools.bzip2.BZip2Constants.txt,0
./DatabaseClean/ant-1.6/org.apache.tools.ant.types.DataType.txt,0
./DatabaseClean/ant-1.6/org.apache.tools.ant.taskdefs.PreSetDef.txt,0
./DatabaseClean/ant-1.6/org.apache.tools.ant.util.ClasspathUtils.txt,1
./DatabaseClean/ant-1.6/org.apache.tools.ant.taskdefs.cvslib.ChangeLogParser.txt,0
./DatabaseClean/ant-1.6/org.apache.tools.ant.util.regexp.RegexpUtil.txt,0
./DatabaseClean/ant-1.6/org.apache.tools.ant.types.resolver.ApacheCatalogResolver.txt,0
./DatabaseClean/ant-1.6/org.apache.tools.ant.filters.BaseFilterReader.txt,0
./DatabaseClean/ant-1.6/org.apache.tools.zip.ZipOutputStream.txt,1
./DatabaseClean/ant-1.6/org.apache.tools.ant.taskdefs.Rmic.txt,0
./DatabaseClean/ant-1.6/org.apache.tools.ant.taskdefs.TaskOutputStream.txt,0
./DatabaseClean/ant-1.6/org.apache.tools.ant.taskdefs.AbstractCvsTask.txt,0
./DatabaseClean/ant-1.6/org.apache.tools.ant.util.Tokenizer.txt,0
./DatabaseClean/ant-1.6/org.apache.tools.ant.AntTypeDefinition.txt,0
./DatabaseClean/ant-1.6/org.apache.tools.ant.taskdefs.Replace.txt,1
./DatabaseClean/ant-1.6/org.apache.tools.ant.util.DOMElementWriter.txt,0
./DatabaseClean/ant-1.6/org.apache.tools.ant.util.regexp.RegexpMatcherFactory.txt,0
./DatabaseClean/ant-1.6/org.apache.tools.ant.taskdefs.Input.txt,0
./DatabaseClean/ant-1.6/org.apache.tools.ant.types.selectors.ContainsRegexpSelector.txt,0
./DatabaseClean/ant-1.6/org.apache.tools.ant.taskdefs.condition.Os.txt,0
./DatabaseClean/ant-1.6/org.apache.tools.ant.types.AntFilterReader.txt,0
./DatabaseClean/ant-1.6/org.apache.tools.ant.taskdefs.rmic.KaffeRmic.txt,0
./DatabaseClean/ant-1.6/org.apache.tools.ant.helper.AntXMLContext.txt,1
./DatabaseClean/ant-1.6/org.apache.tools.zip.UnixStat.txt,0
./DatabaseClean/ant-1.6/org.apache.tools.ant.ComponentHelper.txt,1
./DatabaseClean/ant-1.6/org.apache.tools.ant.taskdefs.SendEmail.txt,0
./DatabaseClean/ant-1.6/org.apache.tools.ant.taskdefs.PathConvert.txt,0
./DatabaseClean/ant-1.6/org.apache.tools.ant.util.LazyFileOutputStream.txt,0
./DatabaseClean/ant-1.6/org.apache.tools.ant.AntClassLoader.txt,1
./DatabaseClean/ant-1.6/org.apache.tools.ant.DynamicConfigurator.txt,0
./DatabaseClean/ant-1.6/org.apache.tools.ant.util.WeakishReference.txt,1
./DatabaseClean/ant-1.6/org.apache.tools.ant.types.selectors.SelectorUtils.txt,0
./DatabaseClean/ant-1.6/org.apache.tools.ant.types.selectors.SizeSelector.txt,0
./DatabaseClean/ant-1.6/org.apache.tools.ant.RuntimeConfigurable.txt,1
./DatabaseClean/ant-1.6/org.apache.tools.ant.taskdefs.DefaultExcludes.txt,0
./DatabaseClean/ant-1.6/org.apache.tools.ant.taskdefs.AntStructure.txt,1
./DatabaseClean/ant-1.6/org.apache.tools.ant.util.LoaderUtils.txt,0
