file_path,label
./DatabaseClean/ant-1.7/org.apache.tools.ant.taskdefs.rmic.RmicAdapterFactory.txt,0
./DatabaseClean/ant-1.7/org.apache.tools.ant.taskdefs.optional.perforce.FStatP4OutputHandler.txt,0
./DatabaseClean/ant-1.7/org.apache.tools.ant.taskdefs.optional.junit.OutErrSummaryJUnitResultFormatter.txt,0
./DatabaseClean/ant-1.7/org.apache.tools.ant.taskdefs.optional.perforce.P4HandlerAdapter.txt,0
./DatabaseClean/ant-1.7/org.apache.tools.ant.taskdefs.WaitFor.txt,1
./DatabaseClean/ant-1.7/org.apache.tools.ant.taskdefs.optional.depend.constantpool.ConstantCPInfo.txt,0
./DatabaseClean/ant-1.7/org.apache.tools.zip.AsiExtraField.txt,1
./DatabaseClean/ant-1.7/org.apache.tools.ant.types.resources.selectors.Date.txt,0
./DatabaseClean/ant-1.7/org.apache.tools.ant.util.facade.FacadeTaskHelper.txt,0
./DatabaseClean/ant-1.7/org.apache.tools.ant.types.selectors.DepthSelector.txt,0
./DatabaseClean/ant-1.7/org.apache.tools.ant.taskdefs.optional.dotnet.JSharp.txt,0
./DatabaseClean/ant-1.7/org.apache.tools.ant.taskdefs.LogStreamHandler.txt,0
./DatabaseClean/ant-1.7/org.apache.tools.ant.input.InputHandler.txt,0
./DatabaseClean/ant-1.7/org.apache.tools.zip.JarMarker.txt,0
./DatabaseClean/ant-1.7/org.apache.tools.ant.taskdefs.optional.clearcase.CCMkbl.txt,0
./DatabaseClean/ant-1.7/org.apache.tools.ant.types.resources.Restrict.txt,0
./DatabaseClean/ant-1.7/org.apache.tools.ant.DemuxInputStream.txt,0
./DatabaseClean/ant-1.7/org.apache.tools.ant.taskdefs.optional.ejb.IPlanetEjbc.txt,0
./DatabaseClean/ant-1.7/org.apache.tools.zip.ZipExtraField.txt,0
./DatabaseClean/ant-1.7/org.apache.tools.ant.types.resources.comparators.FileSystem.txt,1
./DatabaseClean/ant-1.7/org.apache.tools.ant.taskdefs.condition.TypeFound.txt,0
./DatabaseClean/ant-1.7/org.apache.tools.ant.taskdefs.optional.perforce.P4OutputHandler.txt,0
./DatabaseClean/ant-1.7/org.apache.tools.ant.taskdefs.email.Message.txt,0
./DatabaseClean/ant-1.7/org.apache.tools.ant.taskdefs.optional.vss.MSVSSCP.txt,0
./DatabaseClean/ant-1.7/org.apache.tools.ant.taskdefs.condition.IsSet.txt,0
./DatabaseClean/ant-1.7/org.apache.tools.ant.taskdefs.optional.Rpm.txt,1
./DatabaseClean/ant-1.7/org.apache.tools.ant.types.selectors.BaseExtendSelector.txt,0
./DatabaseClean/ant-1.7/org.apache.tools.ant.taskdefs.optional.junit.XMLJUnitResultFormatter.txt,0
./DatabaseClean/ant-1.7/org.apache.tools.ant.taskdefs.optional.net.SetProxy.txt,0
./DatabaseClean/ant-1.7/org.apache.tools.ant.util.KeepAliveInputStream.txt,0
./DatabaseClean/ant-1.7/org.apache.tools.ant.taskdefs.CallTarget.txt,0
./DatabaseClean/ant-1.7/org.apache.tools.ant.taskdefs.DefBase.txt,0
./DatabaseClean/ant-1.7/org.apache.tools.zip.ZipOutputStream.txt,1
./DatabaseClean/ant-1.7/org.apache.tools.ant.taskdefs.optional.perforce.P4Label.txt,0
./DatabaseClean/ant-1.7/org.apache.tools.ant.taskdefs.XSLTLiaison.txt,0
./DatabaseClean/ant-1.7/org.apache.tools.ant.types.resources.BCFileSet.txt,0
./DatabaseClean/ant-1.7/org.apache.tools.ant.taskdefs.optional.extension.ExtraAttribute.txt,0
./DatabaseClean/ant-1.7/org.apache.tools.ant.taskdefs.optional.vss.MSVSS.txt,0
./DatabaseClean/ant-1.7/org.apache.tools.ant.util.regexp.Jdk14RegexpRegexp.txt,0
./DatabaseClean/ant-1.7/org.apache.tools.ant.taskdefs.condition.AntVersion.txt,0
./DatabaseClean/ant-1.7/org.apache.tools.ant.util.LazyFileOutputStream.txt,0
./DatabaseClean/ant-1.7/org.apache.tools.ant.util.LoaderUtils.txt,0
./DatabaseClean/ant-1.7/org.apache.tools.ant.loader.AntClassLoader2.txt,0
./DatabaseClean/ant-1.7/org.apache.tools.ant.taskdefs.rmic.ForkingSunRmic.txt,0
./DatabaseClean/ant-1.7/org.apache.tools.ant.util.StringUtils.txt,0
./DatabaseClean/ant-1.7/org.apache.tools.ant.types.Parameter.txt,0
./DatabaseClean/ant-1.7/org.apache.tools.ant.util.regexp.Jdk14RegexpMatcher.txt,0
./DatabaseClean/ant-1.7/org.apache.tools.ant.DirectoryScanner.txt,1
./DatabaseClean/ant-1.7/org.apache.tools.ant.taskdefs.LogOutputStream.txt,0
./DatabaseClean/ant-1.7/org.apache.tools.ant.taskdefs.optional.jsp.JspMangler.txt,0
./DatabaseClean/ant-1.7/org.apache.tools.ant.taskdefs.optional.dotnet.Ildasm.txt,0
./DatabaseClean/ant-1.7/org.apache.tools.ant.taskdefs.Apt.txt,1
./DatabaseClean/ant-1.7/org.apache.tools.ant.taskdefs.MacroInstance.txt,1
./DatabaseClean/ant-1.7/org.apache.tools.ant.DemuxOutputStream.txt,0
./DatabaseClean/ant-1.7/org.apache.tools.ant.types.ZipScanner.txt,1
./DatabaseClean/ant-1.7/org.apache.tools.ant.taskdefs.ExecTask.txt,1
./DatabaseClean/ant-1.7/org.apache.tools.ant.types.DataType.txt,0
./DatabaseClean/ant-1.7/org.apache.tools.ant.types.ArchiveFileSet.txt,1
./DatabaseClean/ant-1.7/org.apache.tools.ant.taskdefs.rmic.XNewRmic.txt,0
./DatabaseClean/ant-1.7/org.apache.tools.ant.taskdefs.optional.junit.Enumerations.txt,0
./DatabaseClean/ant-1.7/org.apache.tools.ant.taskdefs.Nice.txt,0
./DatabaseClean/ant-1.7/org.apache.tools.ant.taskdefs.optional.Script.txt,0
./DatabaseClean/ant-1.7/org.apache.tools.ant.taskdefs.optional.junit.JUnitVersionHelper.txt,1
./DatabaseClean/ant-1.7/org.apache.tools.ant.AntClassLoader.txt,1
./DatabaseClean/ant-1.7/org.apache.tools.ant.types.selectors.DifferentSelector.txt,0
./DatabaseClean/ant-1.7/org.apache.tools.ant.taskdefs.optional.junit.DOMUtil.txt,0
./DatabaseClean/ant-1.7/org.apache.tools.ant.types.selectors.modifiedselector.DigestAlgorithm.txt,0
./DatabaseClean/ant-1.7/org.apache.tools.ant.taskdefs.optional.windows.Attrib.txt,1
./DatabaseClean/ant-1.7/org.apache.tools.ant.taskdefs.cvslib.ChangeLogWriter.txt,0
./DatabaseClean/ant-1.7/org.apache.tools.ant.taskdefs.optional.extension.JarLibDisplayTask.txt,0
./DatabaseClean/ant-1.7/org.apache.tools.ant.taskdefs.optional.ssh.SSHExec.txt,1
./DatabaseClean/ant-1.7/org.apache.tools.ant.taskdefs.TaskOutputStream.txt,0
./DatabaseClean/ant-1.7/org.apache.tools.ant.types.resources.selectors.Size.txt,0
./DatabaseClean/ant-1.7/org.apache.tools.ant.types.selectors.MajoritySelector.txt,0
./DatabaseClean/ant-1.7/org.apache.tools.ant.taskdefs.condition.IsFailure.txt,0
./DatabaseClean/ant-1.7/org.apache.tools.ant.taskdefs.optional.junit.XalanExecutor.txt,0
./DatabaseClean/ant-1.7/org.apache.tools.ant.types.selectors.SizeSelector.txt,0
./DatabaseClean/ant-1.7/org.apache.tools.ant.taskdefs.optional.Cab.txt,0
./DatabaseClean/ant-1.7/org.apache.tools.ant.util.TimeoutObserver.txt,0
./DatabaseClean/ant-1.7/org.apache.tools.ant.util.DOMElementWriter.txt,0
./DatabaseClean/ant-1.7/org.apache.tools.ant.types.resources.CompressedResource.txt,0
./DatabaseClean/ant-1.7/org.apache.tools.ant.taskdefs.optional.depend.ClassFile.txt,0
./DatabaseClean/ant-1.7/org.apache.tools.zip.ZipEntry.txt,1
./DatabaseClean/ant-1.7/org.apache.tools.ant.types.AntFilterReader.txt,0
./DatabaseClean/ant-1.7/org.apache.tools.ant.DynamicAttribute.txt,0
./DatabaseClean/ant-1.7/org.apache.tools.ant.types.selectors.ExtendSelector.txt,0
./DatabaseClean/ant-1.7/org.apache.tools.ant.taskdefs.optional.ccm.CCMCheck.txt,0
./DatabaseClean/ant-1.7/org.apache.tools.ant.taskdefs.JikesOutputParser.txt,0
./DatabaseClean/ant-1.7/org.apache.tools.ant.taskdefs.LoadProperties.txt,1
./DatabaseClean/ant-1.7/org.apache.tools.ant.taskdefs.condition.Not.txt,0
./DatabaseClean/ant-1.7/org.apache.tools.ant.taskdefs.optional.ReplaceRegExp.txt,1
./DatabaseClean/ant-1.7/org.apache.tools.ant.taskdefs.BuildNumber.txt,0
./DatabaseClean/ant-1.7/org.apache.tools.ant.BuildLogger.txt,0
./DatabaseClean/ant-1.7/org.apache.tools.ant.types.resources.comparators.Reverse.txt,0
./DatabaseClean/ant-1.7/org.apache.tools.ant.types.resources.ArchiveResource.txt,0
./DatabaseClean/ant-1.7/org.apache.tools.ant.types.resources.First.txt,0
./DatabaseClean/ant-1.7/org.apache.tools.ant.taskdefs.email.Mailer.txt,1
./DatabaseClean/ant-1.7/org.apache.tools.ant.taskdefs.optional.junit.XMLResultAggregator.txt,0
./DatabaseClean/ant-1.7/org.apache.tools.ant.util.regexp.RegexpMatcher.txt,0
./DatabaseClean/ant-1.7/org.apache.tools.ant.types.selectors.OrSelector.txt,0
./DatabaseClean/ant-1.7/org.apache.tools.ant.types.spi.Service.txt,0
./DatabaseClean/ant-1.7/org.apache.tools.ant.taskdefs.Pack.txt,1
./DatabaseClean/ant-1.7/org.apache.tools.ant.taskdefs.optional.ejb.DescriptorHandler.txt,0
./DatabaseClean/ant-1.7/org.apache.tools.ant.taskdefs.optional.jlink.jlink.txt,0
./DatabaseClean/ant-1.7/org.apache.tools.ant.taskdefs.optional.perforce.SimpleP4OutputHandler.txt,0
./DatabaseClean/ant-1.7/org.apache.tools.ant.types.Mapper.txt,0
./DatabaseClean/ant-1.7/org.apache.tools.ant.Task.txt,0
./DatabaseClean/ant-1.7/org.apache.tools.ant.types.resources.Files.txt,1
./DatabaseClean/ant-1.7/org.apache.tools.ant.types.selectors.modifiedselector.HashvalueAlgorithm.txt,0
./DatabaseClean/ant-1.7/org.apache.tools.ant.util.SourceFileScanner.txt,0
./DatabaseClean/ant-1.7/org.apache.tools.ant.taskdefs.optional.i18n.Translate.txt,0
./DatabaseClean/ant-1.7/org.apache.tools.ant.util.optional.WeakishReference12.txt,0
./DatabaseClean/ant-1.7/org.apache.tools.ant.types.selectors.FilenameSelector.txt,0
./DatabaseClean/ant-1.7/org.apache.tools.ant.taskdefs.optional.junit.FormatterElement.txt,0
./DatabaseClean/ant-1.7/org.apache.tools.ant.util.regexp.RegexpMatcherFactory.txt,0
./DatabaseClean/ant-1.7/org.apache.tools.ant.taskdefs.Mkdir.txt,0
./DatabaseClean/ant-1.7/org.apache.tools.ant.BuildListener.txt,1
./DatabaseClean/ant-1.7/org.apache.tools.ant.taskdefs.optional.jlink.ClassNameReader.txt,0
./DatabaseClean/ant-1.7/org.apache.tools.ant.taskdefs.optional.vss.MSVSSConstants.txt,0
./DatabaseClean/ant-1.7/org.apache.tools.ant.taskdefs.optional.clearcase.CCMklbtype.txt,0
./DatabaseClean/ant-1.7/org.apache.tools.ant.taskdefs.optional.pvcs.PvcsProject.txt,0
./DatabaseClean/ant-1.7/org.apache.tools.ant.filters.StripJavaComments.txt,0
./DatabaseClean/ant-1.7/org.apache.tools.ant.taskdefs.Taskdef.txt,0
./DatabaseClean/ant-1.7/org.apache.tools.ant.util.LineTokenizer.txt,0
./DatabaseClean/ant-1.7/org.apache.tools.ant.filters.ReplaceTokens.txt,1
./DatabaseClean/ant-1.7/org.apache.tools.ant.PathTokenizer.txt,0
./DatabaseClean/ant-1.7/org.apache.tools.ant.filters.BaseParamFilterReader.txt,0
./DatabaseClean/ant-1.7/org.apache.tools.ant.types.selectors.MappingSelector.txt,0
./DatabaseClean/ant-1.7/org.apache.tools.ant.util.ConcatFileInputStream.txt,0
./DatabaseClean/ant-1.7/org.apache.tools.ant.types.resources.selectors.And.txt,0
./DatabaseClean/ant-1.7/org.apache.tools.ant.taskdefs.optional.javacc.JJTree.txt,0
./DatabaseClean/ant-1.7/org.apache.tools.ant.taskdefs.optional.dotnet.DotnetBaseMatchingTask.txt,0
./DatabaseClean/ant-1.7/org.apache.tools.ant.filters.ExpandProperties.txt,0
./DatabaseClean/ant-1.7/org.apache.tools.ant.types.selectors.modifiedselector.PropertiesfileCache.txt,0
./DatabaseClean/ant-1.7/org.apache.tools.ant.taskdefs.cvslib.RCSFile.txt,0
./DatabaseClean/ant-1.7/org.apache.tools.ant.types.resources.ZipResource.txt,0
./DatabaseClean/ant-1.7/org.apache.tools.ant.taskdefs.ExecuteStreamHandler.txt,0
./DatabaseClean/ant-1.7/org.apache.tools.ant.taskdefs.optional.dotnet.NetCommand.txt,0
./DatabaseClean/ant-1.7/org.apache.tools.ant.listener.TimestampedLogger.txt,0
./DatabaseClean/ant-1.7/org.apache.tools.mail.ErrorInQuitException.txt,0
./DatabaseClean/ant-1.7/org.apache.tools.ant.taskdefs.UpToDate.txt,1
./DatabaseClean/ant-1.7/org.apache.tools.ant.types.resources.comparators.Exists.txt,0
./DatabaseClean/ant-1.7/org.apache.tools.ant.util.ProxySetup.txt,0
./DatabaseClean/ant-1.7/org.apache.tools.ant.taskdefs.ManifestTask.txt,1
./DatabaseClean/ant-1.7/org.apache.tools.ant.taskdefs.optional.ccm.Continuus.txt,0
./DatabaseClean/ant-1.7/org.apache.tools.ant.util.Retryable.txt,0
./DatabaseClean/ant-1.7/org.apache.tools.ant.taskdefs.optional.RenameExtensions.txt,0
./DatabaseClean/ant-1.7/org.apache.tools.ant.BuildEvent.txt,0
./DatabaseClean/ant-1.7/org.apache.tools.ant.util.CompositeMapper.txt,0
./DatabaseClean/ant-1.7/org.apache.tools.ant.types.resources.FileResource.txt,1
./DatabaseClean/ant-1.7/org.apache.tools.ant.util.ScriptRunnerBase.txt,0
./DatabaseClean/ant-1.7/org.apache.tools.ant.taskdefs.cvslib.RedirectingStreamHandler.txt,0
./DatabaseClean/ant-1.7/org.apache.tools.ant.launch.Launcher.txt,1
./DatabaseClean/ant-1.7/org.apache.tools.ant.taskdefs.condition.IsTrue.txt,0
./DatabaseClean/ant-1.7/org.apache.tools.ant.taskdefs.Zip.txt,1
./DatabaseClean/ant-1.7/org.apache.tools.ant.taskdefs.optional.unix.AbstractAccessTask.txt,1
./DatabaseClean/ant-1.7/org.apache.tools.ant.taskdefs.optional.extension.ExtensionSet.txt,0
./DatabaseClean/ant-1.7/org.apache.tools.ant.types.resources.selectors.Or.txt,0
./DatabaseClean/ant-1.7/org.apache.tools.bzip2.BZip2Constants.txt,0
./DatabaseClean/ant-1.7/org.apache.tools.ant.util.GlobPatternMapper.txt,1
./DatabaseClean/ant-1.7/org.apache.tools.ant.taskdefs.War.txt,1
./DatabaseClean/ant-1.7/org.apache.tools.ant.taskdefs.optional.vss.MSVSSADD.txt,0
./DatabaseClean/ant-1.7/org.apache.tools.ant.types.Permissions.txt,0
./DatabaseClean/ant-1.7/org.apache.tools.ant.taskdefs.condition.HasFreeSpace.txt,0
./DatabaseClean/ant-1.7/org.apache.tools.ant.taskdefs.email.UUMailer.txt,0
./DatabaseClean/ant-1.7/org.apache.tools.ant.types.resources.selectors.ResourceSelector.txt,0
./DatabaseClean/ant-1.7/org.apache.tools.ant.util.ResourceUtils.txt,1
./DatabaseClean/ant-1.7/org.apache.tools.ant.AntTypeDefinition.txt,0
./DatabaseClean/ant-1.7/org.apache.tools.ant.taskdefs.AntlibDefinition.txt,0
./DatabaseClean/ant-1.7/org.apache.tools.ant.taskdefs.optional.j2ee.WebLogicHotDeploymentTool.txt,0
./DatabaseClean/ant-1.7/org.apache.tools.ant.taskdefs.optional.vss.MSVSSLABEL.txt,0
./DatabaseClean/ant-1.7/org.apache.tools.ant.types.selectors.ExtendFileSelector.txt,0
./DatabaseClean/ant-1.7/org.apache.tools.ant.util.optional.JavaxScriptRunner.txt,1
./DatabaseClean/ant-1.7/org.apache.tools.ant.taskdefs.optional.perforce.P4Change.txt,0
./DatabaseClean/ant-1.7/org.apache.tools.ant.taskdefs.optional.ssh.Scp.txt,1
./DatabaseClean/ant-1.7/org.apache.tools.ant.taskdefs.optional.javah.SunJavah.txt,0
./DatabaseClean/ant-1.7/org.apache.tools.ant.types.CommandlineJava.txt,0
./DatabaseClean/ant-1.7/org.apache.tools.ant.filters.ClassConstants.txt,0
./DatabaseClean/ant-1.7/org.apache.tools.ant.taskdefs.optional.clearcase.CCLock.txt,0
./DatabaseClean/ant-1.7/org.apache.tools.ant.taskdefs.Cvs.txt,0
./DatabaseClean/ant-1.7/org.apache.tools.ant.types.Reference.txt,0
./DatabaseClean/ant-1.7/org.apache.tools.ant.filters.LineContains.txt,0
./DatabaseClean/ant-1.7/org.apache.tools.ant.taskdefs.optional.junit.Constants.txt,1
./DatabaseClean/ant-1.7/org.apache.tools.ant.taskdefs.Available.txt,1
./DatabaseClean/ant-1.7/org.apache.tools.ant.types.selectors.TypeSelector.txt,0
./DatabaseClean/ant-1.7/org.apache.tools.ant.taskdefs.Sleep.txt,0
./DatabaseClean/ant-1.7/org.apache.tools.ant.types.resources.comparators.ResourceComparator.txt,0
./DatabaseClean/ant-1.7/org.apache.tools.ant.types.resources.comparators.Type.txt,0
./DatabaseClean/ant-1.7/org.apache.tools.ant.filters.TabsToSpaces.txt,0
./DatabaseClean/ant-1.7/org.apache.tools.ant.taskdefs.compilers.Jikes.txt,0
./DatabaseClean/ant-1.7/org.apache.tools.ant.types.ResourceCollection.txt,0
./DatabaseClean/ant-1.7/org.apache.tools.ant.util.IdentityStack.txt,0
./DatabaseClean/ant-1.7/org.apache.tools.ant.UnknownElement.txt,1
./DatabaseClean/ant-1.7/org.apache.tools.ant.taskdefs.Checksum.txt,1
./DatabaseClean/ant-1.7/org.apache.tools.ant.taskdefs.optional.ejb.WebsphereDeploymentTool.txt,0
./DatabaseClean/ant-1.7/org.apache.tools.ant.taskdefs.Basename.txt,0
./DatabaseClean/ant-1.7/org.apache.tools.ant.taskdefs.optional.javah.Kaffeh.txt,0
./DatabaseClean/ant-1.7/org.apache.tools.ant.util.ChainedMapper.txt,0
./DatabaseClean/ant-1.7/org.apache.tools.ant.taskdefs.optional.ccm.CCMCheckout.txt,0
./DatabaseClean/ant-1.7/org.apache.tools.ant.types.resources.BaseResourceCollectionWrapper.txt,1
./DatabaseClean/ant-1.7/org.apache.tools.ant.taskdefs.BUnzip2.txt,0
./DatabaseClean/ant-1.7/org.apache.tools.ant.util.Base64Converter.txt,0
./DatabaseClean/ant-1.7/org.apache.tools.ant.taskdefs.optional.ssh.AbstractSshMessage.txt,0
./DatabaseClean/ant-1.7/org.apache.tools.ant.types.resources.selectors.Majority.txt,0
./DatabaseClean/ant-1.7/org.apache.tools.ant.taskdefs.FixCRLF.txt,1
./DatabaseClean/ant-1.7/org.apache.tools.ant.taskdefs.optional.j2ee.HotDeploymentTool.txt,0
./DatabaseClean/ant-1.7/org.apache.tools.ant.types.resources.Intersect.txt,0
./DatabaseClean/ant-1.7/org.apache.tools.ant.taskdefs.Javac.txt,1
./DatabaseClean/ant-1.7/org.apache.tools.ant.types.resources.Touchable.txt,0
./DatabaseClean/ant-1.7/org.apache.tools.ant.taskdefs.optional.extension.resolvers.LocationResolver.txt,0
./DatabaseClean/ant-1.7/org.apache.tools.ant.taskdefs.optional.sos.SOSGet.txt,0
./DatabaseClean/ant-1.7/org.apache.tools.ant.types.ArchiveScanner.txt,1
./DatabaseClean/ant-1.7/org.apache.tools.ant.taskdefs.optional.depend.constantpool.Utf8CPInfo.txt,0
./DatabaseClean/ant-1.7/org.apache.tools.ant.types.resources.JavaResource.txt,1
./DatabaseClean/ant-1.7/org.apache.tools.ant.taskdefs.optional.ejb.IPlanetDeploymentTool.txt,1
./DatabaseClean/ant-1.7/org.apache.tools.ant.types.selectors.SelectorContainer.txt,0
./DatabaseClean/ant-1.7/org.apache.tools.ant.taskdefs.email.MimeMailer.txt,1
./DatabaseClean/ant-1.7/org.apache.tools.ant.taskdefs.optional.ssh.Directory.txt,0
./DatabaseClean/ant-1.7/org.apache.tools.ant.types.FilterSetCollection.txt,0
./DatabaseClean/ant-1.7/org.apache.tools.ant.taskdefs.optional.depend.DirectoryIterator.txt,0
./DatabaseClean/ant-1.7/org.apache.tools.ant.taskdefs.condition.IsSigned.txt,1
./DatabaseClean/ant-1.7/org.apache.tools.ant.taskdefs.cvslib.CvsVersion.txt,1
./DatabaseClean/ant-1.7/org.apache.tools.ant.taskdefs.optional.depend.constantpool.ConstantPool.txt,0
./DatabaseClean/ant-1.7/org.apache.tools.ant.taskdefs.optional.clearcase.CCCheckout.txt,0
./DatabaseClean/ant-1.7/org.apache.tools.ant.taskdefs.XSLTProcess.txt,1
./DatabaseClean/ant-1.7/org.apache.tools.ant.TypeAdapter.txt,0
./DatabaseClean/ant-1.7/org.apache.tools.ant.taskdefs.SQLExec.txt,1
./DatabaseClean/ant-1.7/org.apache.tools.ant.taskdefs.optional.clearcase.CCCheckin.txt,0
./DatabaseClean/ant-1.7/org.apache.tools.ant.util.FileUtils.txt,1
./DatabaseClean/ant-1.7/org.apache.tools.ant.PropertyHelper.txt,1
./DatabaseClean/ant-1.7/org.apache.tools.ant.taskdefs.optional.dotnet.ImportTypelib.txt,0
./DatabaseClean/ant-1.7/org.apache.tools.ant.taskdefs.optional.extension.resolvers.URLResolver.txt,0
./DatabaseClean/ant-1.7/org.apache.tools.ant.taskdefs.optional.native2ascii.KaffeNative2Ascii.txt,0
./DatabaseClean/ant-1.7/org.apache.tools.ant.types.Substitution.txt,1
./DatabaseClean/ant-1.7/org.apache.tools.ant.taskdefs.cvslib.CvsUser.txt,0
./DatabaseClean/ant-1.7/org.apache.tools.zip.ExtraFieldUtils.txt,1
./DatabaseClean/ant-1.7/org.apache.tools.ant.filters.TailFilter.txt,0
./DatabaseClean/ant-1.7/org.apache.tools.ant.taskdefs.optional.junit.Xalan2Executor.txt,0
./DatabaseClean/ant-1.7/org.apache.tools.ant.taskdefs.Length.txt,1
./DatabaseClean/ant-1.7/org.apache.tools.ant.types.selectors.SelectSelector.txt,0
./DatabaseClean/ant-1.7/org.apache.tools.ant.listener.AnsiColorLogger.txt,0
./DatabaseClean/ant-1.7/org.apache.tools.ant.types.Quantifier.txt,0
./DatabaseClean/ant-1.7/org.apache.tools.ant.taskdefs.optional.clearcase.ClearCase.txt,0
./DatabaseClean/ant-1.7/org.apache.tools.ant.taskdefs.optional.clearcase.CCUnlock.txt,0
./DatabaseClean/ant-1.7/org.apache.tools.ant.taskdefs.ResourceCount.txt,0
./DatabaseClean/ant-1.7/org.apache.tools.ant.taskdefs.Concat.txt,1
./DatabaseClean/ant-1.7/org.apache.tools.ant.util.ScriptRunnerCreator.txt,0
./DatabaseClean/ant-1.7/org.apache.tools.ant.types.resources.comparators.Content.txt,0
./DatabaseClean/ant-1.7/org.apache.tools.ant.taskdefs.optional.ssh.SSHUserInfo.txt,0
./DatabaseClean/ant-1.7/org.apache.tools.ant.util.JavaEnvUtils.txt,0
./DatabaseClean/ant-1.7/org.apache.tools.ant.util.XmlConstants.txt,0
./DatabaseClean/ant-1.7/org.apache.tools.ant.taskdefs.Unpack.txt,1
./DatabaseClean/ant-1.7/org.apache.tools.ant.taskdefs.optional.extension.ExtensionResolver.txt,0
./DatabaseClean/ant-1.7/org.apache.tools.tar.TarUtils.txt,0
./DatabaseClean/ant-1.7/org.apache.tools.zip.UnixStat.txt,0
./DatabaseClean/ant-1.7/org.apache.tools.ant.types.resources.selectors.Type.txt,0
./DatabaseClean/ant-1.7/org.apache.tools.ant.types.FileList.txt,0
./DatabaseClean/ant-1.7/org.apache.tools.ant.taskdefs.optional.TraXLiaison.txt,1
./DatabaseClean/ant-1.7/org.apache.tools.ant.ExitException.txt,0
./DatabaseClean/ant-1.7/org.apache.tools.ant.taskdefs.optional.net.MimeMail.txt,0
./DatabaseClean/ant-1.7/org.apache.tools.ant.launch.Locator.txt,1
./DatabaseClean/ant-1.7/org.apache.tools.ant.taskdefs.optional.depend.constantpool.IntegerCPInfo.txt,0
./DatabaseClean/ant-1.7/org.apache.tools.ant.taskdefs.optional.perforce.P4Labelsync.txt,0
./DatabaseClean/ant-1.7/org.apache.tools.ant.taskdefs.optional.dotnet.VisualBasicCompile.txt,0
./DatabaseClean/ant-1.7/org.apache.tools.ant.taskdefs.optional.extension.JarLibAvailableTask.txt,0
./DatabaseClean/ant-1.7/org.apache.tools.ant.DynamicElement.txt,0
./DatabaseClean/ant-1.7/org.apache.tools.ant.taskdefs.email.Header.txt,0
./DatabaseClean/ant-1.7/org.apache.tools.ant.taskdefs.Tstamp.txt,0
./DatabaseClean/ant-1.7/org.apache.tools.ant.taskdefs.optional.sound.SoundTask.txt,0
./DatabaseClean/ant-1.7/org.apache.tools.ant.taskdefs.optional.javacc.JJDoc.txt,0
./DatabaseClean/ant-1.7/org.apache.tools.ant.types.selectors.modifiedselector.Cache.txt,0
./DatabaseClean/ant-1.7/org.apache.tools.ant.types.TarFileSet.txt,0
./DatabaseClean/ant-1.7/org.apache.tools.ant.taskdefs.optional.ejb.JonasDeploymentTool.txt,0
./DatabaseClean/ant-1.7/org.apache.tools.tar.TarConstants.txt,0
./DatabaseClean/ant-1.7/org.apache.tools.ant.taskdefs.compilers.Sj.txt,0
./DatabaseClean/ant-1.7/org.apache.tools.ant.taskdefs.optional.perforce.P4Delete.txt,0
./DatabaseClean/ant-1.7/org.apache.tools.ant.taskdefs.optional.EchoProperties.txt,0
./DatabaseClean/ant-1.7/org.apache.tools.ant.taskdefs.condition.Http.txt,0
./DatabaseClean/ant-1.7/org.apache.tools.ant.taskdefs.Rename.txt,0
./DatabaseClean/ant-1.7/org.apache.tools.ant.taskdefs.optional.depend.ClassFileIterator.txt,0
./DatabaseClean/ant-1.7/org.apache.tools.ant.taskdefs.Jikes.txt,0
./DatabaseClean/ant-1.7/org.apache.tools.ant.taskdefs.optional.depend.constantpool.ConstantPoolEntry.txt,0
./DatabaseClean/ant-1.7/org.apache.tools.ant.taskdefs.optional.perforce.P4OutputStream.txt,0
./DatabaseClean/ant-1.7/org.apache.tools.ant.taskdefs.condition.Matches.txt,0
./DatabaseClean/ant-1.7/org.apache.tools.ant.taskdefs.Exec.txt,0
./DatabaseClean/ant-1.7/org.apache.tools.ant.taskdefs.optional.jsp.compilers.JspCompilerAdapter.txt,0
./DatabaseClean/ant-1.7/org.apache.tools.ant.util.TaskLogger.txt,0
./DatabaseClean/ant-1.7/org.apache.tools.ant.taskdefs.optional.junit.BriefJUnitResultFormatter.txt,0
./DatabaseClean/ant-1.7/org.apache.tools.ant.taskdefs.condition.FilesMatch.txt,0
./DatabaseClean/ant-1.7/org.apache.tools.ant.taskdefs.optional.clearcase.CCRmtype.txt,0
./DatabaseClean/ant-1.7/org.apache.tools.ant.util.PackageNameMapper.txt,0
./DatabaseClean/ant-1.7/org.apache.tools.ant.types.selectors.SelectorUtils.txt,1
./DatabaseClean/ant-1.7/org.apache.tools.ant.taskdefs.optional.Javah.txt,0
./DatabaseClean/ant-1.7/org.apache.tools.ant.taskdefs.LoadFile.txt,0
./DatabaseClean/ant-1.7/org.apache.tools.ant.taskdefs.condition.HasMethod.txt,0
./DatabaseClean/ant-1.7/org.apache.tools.ant.taskdefs.WhichResource.txt,0
./DatabaseClean/ant-1.7/org.apache.tools.ant.types.resources.Difference.txt,0
./DatabaseClean/ant-1.7/org.apache.tools.ant.taskdefs.optional.sound.AntSoundPlayer.txt,0
./DatabaseClean/ant-1.7/org.apache.tools.ant.taskdefs.optional.j2ee.GenericHotDeploymentTool.txt,0
./DatabaseClean/ant-1.7/org.apache.tools.ant.util.facade.ImplementationSpecificArgument.txt,0
./DatabaseClean/ant-1.7/org.apache.tools.ant.taskdefs.Move.txt,1
./DatabaseClean/ant-1.7/org.apache.tools.ant.taskdefs.condition.Equals.txt,0
./DatabaseClean/ant-1.7/org.apache.tools.ant.types.Comparison.txt,0
./DatabaseClean/ant-1.7/org.apache.tools.ant.taskdefs.optional.junit.JUnitTaskMirrorImpl.txt,0
./DatabaseClean/ant-1.7/org.apache.tools.ant.IntrospectionHelper.txt,1
./DatabaseClean/ant-1.7/org.apache.tools.ant.taskdefs.XSLTLoggerAware.txt,0
./DatabaseClean/ant-1.7/org.apache.tools.ant.taskdefs.cvslib.ChangeLogTask.txt,1
./DatabaseClean/ant-1.7/org.apache.tools.ant.taskdefs.optional.depend.constantpool.FieldRefCPInfo.txt,0
./DatabaseClean/ant-1.7/org.apache.tools.ant.taskdefs.cvslib.ChangeLogParser.txt,1
./DatabaseClean/ant-1.7/org.apache.tools.ant.dispatch.Dispatchable.txt,0
./DatabaseClean/ant-1.7/org.apache.tools.ant.taskdefs.cvslib.CvsTagDiff.txt,1
./DatabaseClean/ant-1.7/org.apache.tools.bzip2.CBZip2OutputStream.txt,1
./DatabaseClean/ant-1.7/org.apache.tools.ant.taskdefs.condition.Os.txt,1
./DatabaseClean/ant-1.7/org.apache.tools.ant.util.ScriptRunnerHelper.txt,0
./DatabaseClean/ant-1.7/org.apache.tools.ant.taskdefs.Exit.txt,0
./DatabaseClean/ant-1.7/org.apache.tools.ant.util.MergingMapper.txt,0
./DatabaseClean/ant-1.7/org.apache.tools.ant.taskdefs.MacroDef.txt,1
./DatabaseClean/ant-1.7/org.apache.tools.ant.taskdefs.TempFile.txt,1
./DatabaseClean/ant-1.7/org.apache.tools.ant.taskdefs.MakeUrl.txt,0
./DatabaseClean/ant-1.7/org.apache.tools.ant.taskdefs.optional.sos.SOSCmd.txt,0
./DatabaseClean/ant-1.7/org.apache.tools.ant.taskdefs.condition.IsReachable.txt,0
./DatabaseClean/ant-1.7/org.apache.tools.ant.taskdefs.DefaultExcludes.txt,0
./DatabaseClean/ant-1.7/org.apache.tools.ant.filters.StripLineBreaks.txt,0
./DatabaseClean/ant-1.7/org.apache.tools.ant.taskdefs.Transform.txt,0
./DatabaseClean/ant-1.7/org.apache.tools.ant.DefaultLogger.txt,1
./DatabaseClean/ant-1.7/org.apache.tools.ant.util.ClasspathUtils.txt,0
./DatabaseClean/ant-1.7/org.apache.tools.ant.types.resources.Sort.txt,1
./DatabaseClean/ant-1.7/org.apache.tools.ant.taskdefs.Copydir.txt,0
./DatabaseClean/ant-1.7/org.apache.tools.ant.types.PatternSet.txt,0
./DatabaseClean/ant-1.7/org.apache.tools.ant.types.Environment.txt,0
./DatabaseClean/ant-1.7/org.apache.tools.ant.helper.ProjectHelperImpl.txt,0
./DatabaseClean/ant-1.7/org.apache.tools.ant.taskdefs.Expand.txt,1
./DatabaseClean/ant-1.7/org.apache.tools.ant.types.selectors.BaseSelectorContainer.txt,1
./DatabaseClean/ant-1.7/org.apache.tools.ant.taskdefs.optional.javah.JavahAdapter.txt,0
./DatabaseClean/ant-1.7/org.apache.tools.ant.types.selectors.PresentSelector.txt,0
./DatabaseClean/ant-1.7/org.apache.tools.ant.input.MultipleChoiceInputRequest.txt,0
./DatabaseClean/ant-1.7/org.apache.tools.ant.taskdefs.EchoXML.txt,1
./DatabaseClean/ant-1.7/org.apache.tools.mail.MailMessage.txt,0
./DatabaseClean/ant-1.7/org.apache.tools.ant.taskdefs.optional.depend.constantpool.DoubleCPInfo.txt,0
./DatabaseClean/ant-1.7/org.apache.tools.ant.taskdefs.condition.Socket.txt,0
./DatabaseClean/ant-1.7/org.apache.tools.ant.ExitStatusException.txt,0
./DatabaseClean/ant-1.7/org.apache.tools.ant.Target.txt,1
./DatabaseClean/ant-1.7/org.apache.tools.ant.types.resources.selectors.Name.txt,0
./DatabaseClean/ant-1.7/org.apache.tools.ant.taskdefs.condition.Contains.txt,0
./DatabaseClean/ant-1.7/org.apache.tools.ant.taskdefs.optional.junit.JUnitTaskMirror.txt,0
./DatabaseClean/ant-1.7/org.apache.tools.ant.ProjectComponent.txt,0
./DatabaseClean/ant-1.7/org.apache.tools.ant.filters.StripLineComments.txt,0
./DatabaseClean/ant-1.7/org.apache.tools.ant.taskdefs.optional.dotnet.CSharp.txt,0
./DatabaseClean/ant-1.7/org.apache.tools.ant.types.ResourceFactory.txt,0
./DatabaseClean/ant-1.7/org.apache.tools.ant.DynamicConfiguratorNS.txt,0
./DatabaseClean/ant-1.7/org.apache.tools.ant.types.TimeComparison.txt,0
./DatabaseClean/ant-1.7/org.apache.tools.ant.taskdefs.optional.vss.MSVSSCREATE.txt,0
./DatabaseClean/ant-1.7/org.apache.tools.tar.TarBuffer.txt,1
./DatabaseClean/ant-1.7/org.apache.tools.ant.types.selectors.NotSelector.txt,0
./DatabaseClean/ant-1.7/org.apache.tools.ant.util.depend.bcel.AncestorAnalyzer.txt,0
./DatabaseClean/ant-1.7/org.apache.tools.ant.taskdefs.DependSet.txt,1
./DatabaseClean/ant-1.7/org.apache.tools.ant.types.selectors.DependSelector.txt,0
./DatabaseClean/ant-1.7/org.apache.tools.ant.types.resources.TarResource.txt,0
./DatabaseClean/ant-1.7/org.apache.tools.ant.taskdefs.optional.perforce.P4Submit.txt,0
./DatabaseClean/ant-1.7/org.apache.tools.ant.types.Parameterizable.txt,0
./DatabaseClean/ant-1.7/org.apache.tools.ant.taskdefs.Copy.txt,1
./DatabaseClean/ant-1.7/org.apache.tools.ant.util.WeakishReference.txt,0
./DatabaseClean/ant-1.7/org.apache.tools.ant.taskdefs.CVSPass.txt,0
./DatabaseClean/ant-1.7/org.apache.tools.ant.types.LogLevel.txt,0
./DatabaseClean/ant-1.7/org.apache.tools.ant.taskdefs.optional.dotnet.WsdlToDotnet.txt,0
./DatabaseClean/ant-1.7/org.apache.tools.ant.types.resources.comparators.Size.txt,0
./DatabaseClean/ant-1.7/org.apache.tools.ant.types.PropertySet.txt,0
./DatabaseClean/ant-1.7/org.apache.tools.ant.taskdefs.optional.j2ee.ServerDeploy.txt,0
./DatabaseClean/ant-1.7/org.apache.tools.ant.util.CollectionUtils.txt,1
./DatabaseClean/ant-1.7/org.apache.tools.ant.Project.txt,1
./DatabaseClean/ant-1.7/org.apache.tools.ant.taskdefs.optional.jsp.JspNameMangler.txt,0
./DatabaseClean/ant-1.7/org.apache.tools.ant.taskdefs.Replace.txt,1
./DatabaseClean/ant-1.7/org.apache.tools.ant.taskdefs.optional.clearcase.CCMkdir.txt,0
./DatabaseClean/ant-1.7/org.apache.tools.zip.UnrecognizedExtraField.txt,1
./DatabaseClean/ant-1.7/org.apache.tools.ant.taskdefs.optional.SchemaValidate.txt,0
./DatabaseClean/ant-1.7/org.apache.tools.ant.types.Path.txt,1
./DatabaseClean/ant-1.7/org.apache.tools.ant.taskdefs.optional.clearcase.CCMkelem.txt,0
./DatabaseClean/ant-1.7/org.apache.tools.ant.types.RegularExpression.txt,0
./DatabaseClean/ant-1.7/org.apache.tools.ant.types.resources.FailFast.txt,0
./DatabaseClean/ant-1.7/org.apache.tools.ant.taskdefs.CopyPath.txt,0
./DatabaseClean/ant-1.7/org.apache.tools.ant.taskdefs.compilers.Jvc.txt,0
./DatabaseClean/ant-1.7/org.apache.tools.ant.types.resolver.ApacheCatalogResolver.txt,0
./DatabaseClean/ant-1.7/org.apache.tools.ant.taskdefs.optional.extension.Specification.txt,0
./DatabaseClean/ant-1.7/org.apache.tools.ant.taskdefs.optional.script.ScriptDefBase.txt,0
./DatabaseClean/ant-1.7/org.apache.tools.ant.taskdefs.optional.clearcase.CCUpdate.txt,0
./DatabaseClean/ant-1.7/org.apache.tools.ant.taskdefs.optional.depend.Depend.txt,1
./DatabaseClean/ant-1.7/org.apache.tools.ant.taskdefs.optional.perforce.P4Base.txt,0
./DatabaseClean/ant-1.7/org.apache.tools.tar.TarOutputStream.txt,1
./DatabaseClean/ant-1.7/org.apache.tools.ant.types.resources.Resources.txt,0
./DatabaseClean/ant-1.7/org.apache.tools.ant.taskdefs.optional.ssh.ScpFromMessage.txt,1
./DatabaseClean/ant-1.7/org.apache.tools.ant.taskdefs.optional.junit.JUnitResultFormatter.txt,0
./DatabaseClean/ant-1.7/org.apache.tools.ant.taskdefs.Ear.txt,1
./DatabaseClean/ant-1.7/org.apache.tools.ant.util.Tokenizer.txt,0
./DatabaseClean/ant-1.7/org.apache.tools.ant.taskdefs.Rmic.txt,1
./DatabaseClean/ant-1.7/org.apache.tools.ant.input.DefaultInputHandler.txt,0
./DatabaseClean/ant-1.7/org.apache.tools.ant.util.RegexpPatternMapper.txt,1
./DatabaseClean/ant-1.7/org.apache.tools.ant.taskdefs.optional.ccm.CCMCheckinDefault.txt,0
./DatabaseClean/ant-1.7/org.apache.tools.ant.taskdefs.condition.Condition.txt,0
./DatabaseClean/ant-1.7/org.apache.tools.ant.taskdefs.optional.unix.Chgrp.txt,0
./DatabaseClean/ant-1.7/org.apache.tools.ant.taskdefs.XSLTLiaison2.txt,0
./DatabaseClean/ant-1.7/org.apache.tools.ant.taskdefs.XSLTLiaison3.txt,0
./DatabaseClean/ant-1.7/org.apache.tools.ant.taskdefs.rmic.RmicAdapter.txt,0
./DatabaseClean/ant-1.7/org.apache.tools.ant.util.java15.ProxyDiagnostics.txt,0
./DatabaseClean/ant-1.7/org.apache.tools.ant.taskdefs.condition.Xor.txt,0
./DatabaseClean/ant-1.7/org.apache.tools.ant.util.FlatFileNameMapper.txt,0
./DatabaseClean/ant-1.7/org.apache.tools.ant.filters.util.JavaClassHelper.txt,0
./DatabaseClean/ant-1.7/org.apache.tools.ant.taskdefs.optional.ejb.InnerClassFilenameFilter.txt,0
./DatabaseClean/ant-1.7/org.apache.tools.ant.types.resources.selectors.Compare.txt,0
./DatabaseClean/ant-1.7/org.apache.tools.ant.taskdefs.optional.depend.constantpool.FloatCPInfo.txt,0
./DatabaseClean/ant-1.7/org.apache.tools.ant.util.FileNameMapper.txt,0
./DatabaseClean/ant-1.7/org.apache.tools.ant.taskdefs.optional.perforce.P4Counter.txt,0
./DatabaseClean/ant-1.7/org.apache.tools.ant.types.resources.ImmutableResourceException.txt,0
./DatabaseClean/ant-1.7/org.apache.tools.ant.taskdefs.optional.ejb.BorlandGenerateClient.txt,0
./DatabaseClean/ant-1.7/org.apache.tools.ant.util.optional.NoExitSecurityManager.txt,0
./DatabaseClean/ant-1.7/org.apache.tools.ant.filters.util.ChainReaderHelper.txt,1
./DatabaseClean/ant-1.7/org.apache.tools.ant.taskdefs.ManifestException.txt,0
./DatabaseClean/ant-1.7/org.apache.tools.ant.taskdefs.ExecuteWatchdog.txt,0
./DatabaseClean/ant-1.7/org.apache.tools.ant.util.TeeOutputStream.txt,0
./DatabaseClean/ant-1.7/org.apache.tools.ant.taskdefs.optional.perforce.P4Handler.txt,0
./DatabaseClean/ant-1.7/org.apache.tools.ant.taskdefs.optional.clearcase.CCMkattr.txt,0
./DatabaseClean/ant-1.7/org.apache.tools.ant.util.regexp.RegexpFactory.txt,0
./DatabaseClean/ant-1.7/org.apache.tools.ant.taskdefs.optional.extension.LibFileSet.txt,0
./DatabaseClean/ant-1.7/org.apache.tools.ant.taskdefs.optional.extension.Compatibility.txt,0
./DatabaseClean/ant-1.7/org.apache.tools.ant.types.resources.StringResource.txt,0
./DatabaseClean/ant-1.7/org.apache.tools.ant.filters.TokenFilter.txt,0
./DatabaseClean/ant-1.7/org.apache.tools.ant.util.OutputStreamFunneler.txt,0
./DatabaseClean/ant-1.7/org.apache.tools.ant.taskdefs.SubAnt.txt,1
./DatabaseClean/ant-1.7/org.apache.tools.ant.types.optional.depend.DependScanner.txt,0
./DatabaseClean/ant-1.7/org.apache.tools.ant.launch.AntMain.txt,0
./DatabaseClean/ant-1.7/org.apache.tools.ant.taskdefs.Ant.txt,1
./DatabaseClean/ant-1.7/org.apache.tools.ant.util.ReflectWrapper.txt,0
./DatabaseClean/ant-1.7/org.apache.tools.ant.types.selectors.SelectorScanner.txt,0
./DatabaseClean/ant-1.7/org.apache.tools.ant.util.DateUtils.txt,1
./DatabaseClean/ant-1.7/org.apache.tools.ant.types.FilterChain.txt,0
./DatabaseClean/ant-1.7/org.apache.tools.ant.launch.LaunchException.txt,0
./DatabaseClean/ant-1.7/org.apache.tools.ant.taskdefs.optional.native2ascii.Native2AsciiAdapter.txt,0
./DatabaseClean/ant-1.7/org.apache.tools.ant.input.GreedyInputHandler.txt,0
./DatabaseClean/ant-1.7/org.apache.tools.ant.types.optional.ScriptMapper.txt,0
./DatabaseClean/ant-1.7/org.apache.tools.ant.types.resolver.ApacheCatalog.txt,0
./DatabaseClean/ant-1.7/org.apache.tools.ant.taskdefs.StreamPumper.txt,1
./DatabaseClean/ant-1.7/org.apache.tools.ant.taskdefs.optional.perforce.P4Edit.txt,0
./DatabaseClean/ant-1.7/org.apache.tools.ant.taskdefs.optional.vss.MSVSSCHECKIN.txt,0
./DatabaseClean/ant-1.7/org.apache.tools.ant.DynamicElementNS.txt,0
./DatabaseClean/ant-1.7/org.apache.tools.ant.taskdefs.JDBCTask.txt,1
./DatabaseClean/ant-1.7/org.apache.tools.ant.taskdefs.email.EmailTask.txt,1
./DatabaseClean/ant-1.7/org.apache.tools.ant.taskdefs.Execute.txt,0
./DatabaseClean/ant-1.7/org.apache.tools.ant.taskdefs.optional.XMLValidateTask.txt,0
./DatabaseClean/ant-1.7/org.apache.tools.ant.types.optional.depend.ClassfileSet.txt,0
./DatabaseClean/ant-1.7/org.apache.tools.ant.util.KeepAliveOutputStream.txt,0
./DatabaseClean/ant-1.7/org.apache.tools.ant.taskdefs.optional.jlink.JlinkTask.txt,0
./DatabaseClean/ant-1.7/org.apache.tools.ant.XmlLogger.txt,1
./DatabaseClean/ant-1.7/org.apache.tools.ant.taskdefs.optional.junit.XMLConstants.txt,0
./DatabaseClean/ant-1.7/org.apache.tools.ant.filters.StringInputStream.txt,0
./DatabaseClean/ant-1.7/org.apache.tools.ant.taskdefs.rmic.DefaultRmicAdapter.txt,1
./DatabaseClean/ant-1.7/org.apache.tools.ant.taskdefs.Dirname.txt,0
./DatabaseClean/ant-1.7/org.apache.tools.ant.taskdefs.optional.perforce.P4Fstat.txt,0
./DatabaseClean/ant-1.7/org.apache.tools.ant.taskdefs.optional.vss.MSVSSCHECKOUT.txt,0
./DatabaseClean/ant-1.7/org.apache.tools.ant.taskdefs.optional.extension.LibraryDisplayer.txt,0
./DatabaseClean/ant-1.7/org.apache.tools.ant.types.TarScanner.txt,0
./DatabaseClean/ant-1.7/org.apache.tools.ant.filters.ConcatFilter.txt,0
./DatabaseClean/ant-1.7/org.apache.tools.ant.taskdefs.ImportTask.txt,0
./DatabaseClean/ant-1.7/org.apache.tools.ant.taskdefs.optional.perforce.P4Resolve.txt,0
./DatabaseClean/ant-1.7/org.apache.tools.ant.taskdefs.SendEmail.txt,0
./DatabaseClean/ant-1.7/org.apache.tools.ant.taskdefs.Delete.txt,1
./DatabaseClean/ant-1.7/org.apache.tools.ant.util.StringTokenizer.txt,0
./DatabaseClean/ant-1.7/org.apache.tools.ant.taskdefs.Input.txt,0
./DatabaseClean/ant-1.7/org.apache.tools.ant.taskdefs.optional.sos.SOS.txt,0
./DatabaseClean/ant-1.7/org.apache.tools.ant.taskdefs.optional.dotnet.DotnetDefine.txt,0
./DatabaseClean/ant-1.7/org.apache.tools.ant.taskdefs.optional.ccm.CCMCheckin.txt,0
./DatabaseClean/ant-1.7/org.apache.tools.ant.SubBuildListener.txt,0
./DatabaseClean/ant-1.7/org.apache.tools.ant.taskdefs.XmlProperty.txt,1
./DatabaseClean/ant-1.7/org.apache.tools.ant.types.resources.GZipResource.txt,0
./DatabaseClean/ant-1.7/org.apache.tools.ant.Main.txt,1
./DatabaseClean/ant-1.7/org.apache.tools.ant.filters.LineContainsRegExp.txt,0
./DatabaseClean/ant-1.7/org.apache.tools.ant.taskdefs.optional.junit.JUnitTask.txt,1
./DatabaseClean/ant-1.7/org.apache.tools.ant.types.FileSet.txt,0
./DatabaseClean/ant-1.7/org.apache.tools.ant.taskdefs.condition.ResourcesMatch.txt,0
./DatabaseClean/ant-1.7/org.apache.tools.ant.taskdefs.ConditionTask.txt,0
./DatabaseClean/ant-1.7/org.apache.tools.ant.taskdefs.Java.txt,1
./DatabaseClean/ant-1.7/org.apache.tools.ant.util.depend.DependencyAnalyzer.txt,0
./DatabaseClean/ant-1.7/org.apache.tools.ant.taskdefs.optional.sos.SOSCheckout.txt,0
./DatabaseClean/ant-1.7/org.apache.tools.ant.types.optional.ScriptCondition.txt,0
./DatabaseClean/ant-1.7/org.apache.tools.ant.util.FileTokenizer.txt,0
./DatabaseClean/ant-1.7/org.apache.tools.ant.taskdefs.Copyfile.txt,0
./DatabaseClean/ant-1.7/org.apache.tools.ant.taskdefs.optional.ssh.ScpFromMessageBySftp.txt,1
./DatabaseClean/ant-1.7/org.apache.tools.ant.TaskAdapter.txt,0
./DatabaseClean/ant-1.7/org.apache.tools.ant.taskdefs.AntStructure.txt,0
./DatabaseClean/ant-1.7/org.apache.tools.ant.taskdefs.cvslib.CVSEntry.txt,0
./DatabaseClean/ant-1.7/org.apache.tools.ant.NoBannerLogger.txt,1
./DatabaseClean/ant-1.7/org.apache.tools.ant.taskdefs.Antlib.txt,1
./DatabaseClean/ant-1.7/org.apache.tools.ant.types.resources.selectors.InstanceOf.txt,0
./DatabaseClean/ant-1.7/org.apache.tools.ant.taskdefs.optional.jsp.WLJspc.txt,0
./DatabaseClean/ant-1.7/org.apache.tools.ant.MagicNames.txt,1
./DatabaseClean/ant-1.7/org.apache.tools.ant.types.RedirectorElement.txt,0
./DatabaseClean/ant-1.7/org.apache.tools.ant.taskdefs.compilers.Kjc.txt,0
./DatabaseClean/ant-1.7/org.apache.tools.ant.types.resources.selectors.None.txt,0
./DatabaseClean/ant-1.7/org.apache.tools.ant.taskdefs.Classloader.txt,1
./DatabaseClean/ant-1.7/org.apache.tools.ant.taskdefs.optional.ejb.WeblogicTOPLinkDeploymentTool.txt,0
./DatabaseClean/ant-1.7/org.apache.tools.ant.DynamicConfigurator.txt,0
./DatabaseClean/ant-1.7/org.apache.tools.ant.taskdefs.optional.j2ee.JonasHotDeploymentTool.txt,0
./DatabaseClean/ant-1.7/org.apache.tools.ant.taskdefs.optional.clearcase.CCUnCheckout.txt,0
./DatabaseClean/ant-1.7/org.apache.tools.ant.taskdefs.optional.vss.MSVSSHISTORY.txt,0
./DatabaseClean/ant-1.7/org.apache.tools.ant.DynamicAttributeNS.txt,0
./DatabaseClean/ant-1.7/org.apache.tools.ant.taskdefs.Tar.txt,1
./DatabaseClean/ant-1.7/org.apache.tools.ant.taskdefs.rmic.WLRmic.txt,1
./DatabaseClean/ant-1.7/org.apache.tools.ant.taskdefs.SignJar.txt,1
./DatabaseClean/ant-1.7/org.apache.tools.ant.taskdefs.Definer.txt,1
./DatabaseClean/ant-1.7/org.apache.tools.ant.taskdefs.optional.extension.JarLibResolveTask.txt,0
./DatabaseClean/ant-1.7/org.apache.tools.ant.taskdefs.compilers.AptExternalCompilerAdapter.txt,0
./DatabaseClean/ant-1.7/org.apache.tools.ant.taskdefs.optional.jsp.compilers.DefaultJspCompilerAdapter.txt,0
./DatabaseClean/ant-1.7/org.apache.tools.ant.types.ResourceLocation.txt,0
./DatabaseClean/ant-1.7/org.apache.tools.ant.types.selectors.modifiedselector.ModifiedSelector.txt,1
./DatabaseClean/ant-1.7/org.apache.tools.ant.taskdefs.optional.depend.AntAnalyzer.txt,1
./DatabaseClean/ant-1.7/org.apache.tools.ant.taskdefs.condition.ConditionBase.txt,0
./DatabaseClean/ant-1.7/org.apache.tools.ant.taskdefs.optional.perforce.P4Integrate.txt,0
./DatabaseClean/ant-1.7/org.apache.tools.ant.util.ReflectUtil.txt,1
./DatabaseClean/ant-1.7/org.apache.tools.ant.taskdefs.optional.ccm.CCMCreateTask.txt,0
./DatabaseClean/ant-1.7/org.apache.tools.ant.taskdefs.Get.txt,1
./DatabaseClean/ant-1.7/org.apache.tools.ant.util.RetryHandler.txt,0
./DatabaseClean/ant-1.7/org.apache.tools.ant.types.mappers.FilterMapper.txt,0
./DatabaseClean/ant-1.7/org.apache.tools.zip.ZipFile.txt,1
./DatabaseClean/ant-1.7/org.apache.tools.ant.taskdefs.compilers.CompilerAdapterFactory.txt,0
./DatabaseClean/ant-1.7/org.apache.tools.ant.util.LazyHashtable.txt,0
./DatabaseClean/ant-1.7/org.apache.tools.ant.types.selectors.DateSelector.txt,0
./DatabaseClean/ant-1.7/org.apache.tools.ant.taskdefs.optional.script.ScriptDef.txt,0
./DatabaseClean/ant-1.7/org.apache.tools.ant.taskdefs.condition.IsFileSelected.txt,0
./DatabaseClean/ant-1.7/org.apache.tools.ant.taskdefs.ExecuteOn.txt,1
./DatabaseClean/ant-1.7/org.apache.tools.ant.taskdefs.PathConvert.txt,0
./DatabaseClean/ant-1.7/org.apache.tools.tar.TarEntry.txt,1
./DatabaseClean/ant-1.7/org.apache.tools.ant.taskdefs.optional.jsp.Jasper41Mangler.txt,0
./DatabaseClean/ant-1.7/org.apache.tools.ant.types.resources.selectors.Not.txt,0
./DatabaseClean/ant-1.7/org.apache.tools.ant.taskdefs.optional.depend.constantpool.MethodRefCPInfo.txt,0
./DatabaseClean/ant-1.7/org.apache.tools.ant.taskdefs.Echo.txt,0
./DatabaseClean/ant-1.7/org.apache.tools.ant.util.DOMUtils.txt,0
./DatabaseClean/ant-1.7/org.apache.tools.ant.helper.DefaultExecutor.txt,0
./DatabaseClean/ant-1.7/org.apache.tools.ant.taskdefs.optional.extension.Compatability.txt,0
./DatabaseClean/ant-1.7/org.apache.tools.ant.util.Watchdog.txt,1
./DatabaseClean/ant-1.7/org.apache.tools.ant.taskdefs.optional.vss.MSVSSGET.txt,0
./DatabaseClean/ant-1.7/org.apache.tools.ant.taskdefs.DiagnosticsTask.txt,0
./DatabaseClean/ant-1.7/org.apache.tools.ant.taskdefs.optional.extension.DeweyDecimal.txt,0
./DatabaseClean/ant-1.7/org.apache.tools.ant.taskdefs.condition.And.txt,0
./DatabaseClean/ant-1.7/org.apache.tools.ant.types.Commandline.txt,1
./DatabaseClean/ant-1.7/org.apache.tools.ant.UnsupportedElementException.txt,0
./DatabaseClean/ant-1.7/org.apache.tools.ant.taskdefs.optional.ccm.CCMReconfigure.txt,0
./DatabaseClean/ant-1.7/org.apache.tools.ant.Executor.txt,0
./DatabaseClean/ant-1.7/org.apache.tools.ant.taskdefs.Recorder.txt,1
./DatabaseClean/ant-1.7/org.apache.tools.ant.types.selectors.AbstractSelectorContainer.txt,1
./DatabaseClean/ant-1.7/org.apache.tools.ant.types.resources.Tokens.txt,0
./DatabaseClean/ant-1.7/org.apache.tools.ant.taskdefs.compilers.Javac13.txt,0
./DatabaseClean/ant-1.7/org.apache.tools.ant.taskdefs.compilers.Javac12.txt,0
./DatabaseClean/ant-1.7/org.apache.tools.ant.taskdefs.optional.perforce.P4Revert.txt,0
./DatabaseClean/ant-1.7/org.apache.tools.ant.filters.HeadFilter.txt,0
./DatabaseClean/ant-1.7/org.apache.tools.ant.taskdefs.optional.junit.JUnitTestRunner.txt,1
./DatabaseClean/ant-1.7/org.apache.tools.ant.dispatch.DispatchTask.txt,0
./DatabaseClean/ant-1.7/org.apache.tools.ant.types.resources.PropertyResource.txt,0
./DatabaseClean/ant-1.7/org.apache.tools.ant.taskdefs.Jar.txt,1
./DatabaseClean/ant-1.7/org.apache.tools.ant.taskdefs.optional.jsp.JspC.txt,0
./DatabaseClean/ant-1.7/org.apache.tools.zip.ZipLong.txt,1
./DatabaseClean/ant-1.7/org.apache.tools.ant.util.depend.AbstractAnalyzer.txt,0
./DatabaseClean/ant-1.7/org.apache.tools.ant.util.ReaderInputStream.txt,0
./DatabaseClean/ant-1.7/org.apache.tools.ant.types.selectors.ContainsSelector.txt,0
./DatabaseClean/ant-1.7/org.apache.tools.ant.taskdefs.GenerateKey.txt,0
./DatabaseClean/ant-1.7/org.apache.tools.ant.types.resources.BaseResourceCollectionContainer.txt,1
./DatabaseClean/ant-1.7/org.apache.tools.ant.taskdefs.Typedef.txt,0
./DatabaseClean/ant-1.7/org.apache.tools.ant.helper.SingleCheckExecutor.txt,0
./DatabaseClean/ant-1.7/org.apache.tools.ant.types.Resource.txt,0
./DatabaseClean/ant-1.7/org.apache.tools.ant.taskdefs.optional.perforce.P4Add.txt,0
./DatabaseClean/ant-1.7/org.apache.tools.ant.taskdefs.optional.PropertyFile.txt,0
./DatabaseClean/ant-1.7/org.apache.tools.ant.types.Description.txt,0
./DatabaseClean/ant-1.7/org.apache.tools.ant.types.FlexInteger.txt,0
./DatabaseClean/ant-1.7/org.apache.tools.ant.taskdefs.Filter.txt,0
./DatabaseClean/ant-1.7/org.apache.tools.ant.taskdefs.AbstractCvsTask.txt,1
./DatabaseClean/ant-1.7/org.apache.tools.ant.taskdefs.optional.extension.ExtensionUtil.txt,0
./DatabaseClean/ant-1.7/org.apache.tools.ant.taskdefs.optional.unix.Chown.txt,0
./DatabaseClean/ant-1.7/org.apache.tools.ant.BuildException.txt,0
./DatabaseClean/ant-1.7/org.apache.tools.ant.taskdefs.Sync.txt,1
./DatabaseClean/ant-1.7/org.apache.tools.ant.taskdefs.optional.depend.ClassFileUtils.txt,0
./DatabaseClean/ant-1.7/org.apache.tools.ant.types.EnumeratedAttribute.txt,0
./DatabaseClean/ant-1.7/org.apache.tools.ant.taskdefs.optional.jsp.compilers.JasperC.txt,0
./DatabaseClean/ant-1.7/org.apache.tools.ant.taskdefs.optional.ejb.IPlanetEjbcTask.txt,0
./DatabaseClean/ant-1.7/org.apache.tools.ant.taskdefs.optional.javacc.JavaCC.txt,0
./DatabaseClean/ant-1.7/org.apache.tools.ant.util.ConcatResourceInputStream.txt,0
./DatabaseClean/ant-1.7/org.apache.tools.ant.types.selectors.modifiedselector.EqualComparator.txt,0
./DatabaseClean/ant-1.7/org.apache.tools.ant.taskdefs.condition.IsFalse.txt,0
./DatabaseClean/ant-1.7/org.apache.tools.ant.taskdefs.RecorderEntry.txt,1
./DatabaseClean/ant-1.7/org.apache.tools.ant.dispatch.DispatchUtils.txt,0
./DatabaseClean/ant-1.7/org.apache.tools.ant.util.regexp.Regexp.txt,0
./DatabaseClean/ant-1.7/org.apache.tools.ant.taskdefs.optional.sos.SOSLabel.txt,0
./DatabaseClean/ant-1.7/org.apache.tools.ant.taskdefs.Manifest.txt,1
./DatabaseClean/ant-1.7/org.apache.tools.ant.types.resources.selectors.Exists.txt,0
./DatabaseClean/ant-1.7/org.apache.tools.ant.taskdefs.optional.ejb.EjbJar.txt,0
./DatabaseClean/ant-1.7/org.apache.tools.ant.taskdefs.optional.jdepend.JDependTask.txt,0
./DatabaseClean/ant-1.7/org.apache.tools.bzip2.CBZip2InputStream.txt,1
./DatabaseClean/ant-1.7/org.apache.tools.ant.taskdefs.compilers.JavacExternal.txt,0
./DatabaseClean/ant-1.7/org.apache.tools.ant.taskdefs.optional.ANTLR.txt,0
./DatabaseClean/ant-1.7/org.apache.tools.ant.taskdefs.optional.ejb.BorlandDeploymentTool.txt,1
./DatabaseClean/ant-1.7/org.apache.tools.ant.listener.MailLogger.txt,1
./DatabaseClean/ant-1.7/org.apache.tools.ant.taskdefs.optional.clearcase.CCMklabel.txt,0
./DatabaseClean/ant-1.7/org.apache.tools.ant.util.UUEncoder.txt,0
./DatabaseClean/ant-1.7/org.apache.tools.ant.taskdefs.ExecuteJava.txt,0
./DatabaseClean/ant-1.7/org.apache.tools.ant.taskdefs.condition.ParserSupports.txt,0
./DatabaseClean/ant-1.7/org.apache.tools.ant.taskdefs.optional.jlink.ConstantPool.txt,0
./DatabaseClean/ant-1.7/org.apache.tools.ant.taskdefs.optional.sos.SOSCheckin.txt,0
./DatabaseClean/ant-1.7/org.apache.tools.ant.types.selectors.modifiedselector.Algorithm.txt,0
./DatabaseClean/ant-1.7/org.apache.tools.ant.util.depend.bcel.DependencyVisitor.txt,0
./DatabaseClean/ant-1.7/org.apache.tools.ant.taskdefs.KeySubst.txt,0
./DatabaseClean/ant-1.7/org.apache.tools.ant.types.FilterSet.txt,1
./DatabaseClean/ant-1.7/org.apache.tools.ant.taskdefs.optional.depend.constantpool.NameAndTypeCPInfo.txt,0
./DatabaseClean/ant-1.7/org.apache.tools.ant.types.selectors.modifiedselector.ChecksumAlgorithm.txt,0
./DatabaseClean/ant-1.7/org.apache.tools.ant.taskdefs.XSLTLogger.txt,0
./DatabaseClean/ant-1.7/org.apache.tools.ant.input.PropertyFileInputHandler.txt,0
./DatabaseClean/ant-1.7/org.apache.tools.ant.types.DTDLocation.txt,0
./DatabaseClean/ant-1.7/org.apache.tools.ant.taskdefs.optional.perforce.P4Sync.txt,0
./DatabaseClean/ant-1.7/org.apache.tools.ant.taskdefs.Deltree.txt,0
./DatabaseClean/ant-1.7/org.apache.tools.ant.taskdefs.rmic.KaffeRmic.txt,0
./DatabaseClean/ant-1.7/org.apache.tools.ant.input.InputRequest.txt,0
./DatabaseClean/ant-1.7/org.apache.tools.ant.UnsupportedAttributeException.txt,0
./DatabaseClean/ant-1.7/org.apache.tools.ant.taskdefs.Touch.txt,1
./DatabaseClean/ant-1.7/org.apache.tools.ant.types.selectors.SignedSelector.txt,0
./DatabaseClean/ant-1.7/org.apache.tools.ant.filters.PrefixLines.txt,0
./DatabaseClean/ant-1.7/org.apache.tools.ant.taskdefs.optional.splash.SplashTask.txt,1
./DatabaseClean/ant-1.7/org.apache.tools.ant.taskdefs.Patch.txt,0
./DatabaseClean/ant-1.7/org.apache.tools.ant.types.optional.ScriptSelector.txt,0
./DatabaseClean/ant-1.7/org.apache.tools.ant.taskdefs.email.EmailAddress.txt,0
./DatabaseClean/ant-1.7/org.apache.tools.ant.types.XMLCatalog.txt,0
./DatabaseClean/ant-1.7/org.apache.tools.ant.taskdefs.optional.native2ascii.Native2AsciiAdapterFactory.txt,0
./DatabaseClean/ant-1.7/org.apache.tools.bzip2.CRC.txt,0
./DatabaseClean/ant-1.7/org.apache.tools.ant.taskdefs.compilers.AptCompilerAdapter.txt,0
./DatabaseClean/ant-1.7/org.apache.tools.ant.taskdefs.GZip.txt,0
./DatabaseClean/ant-1.7/org.apache.tools.ant.taskdefs.cvslib.CvsTagEntry.txt,0
./DatabaseClean/ant-1.7/org.apache.tools.ant.util.ContainerMapper.txt,0
./DatabaseClean/ant-1.7/org.apache.tools.ant.util.XMLFragment.txt,0
./DatabaseClean/ant-1.7/org.apache.tools.ant.taskdefs.optional.junit.SummaryJUnitResultFormatter.txt,0
./DatabaseClean/ant-1.7/org.apache.tools.ant.taskdefs.Redirector.txt,1
./DatabaseClean/ant-1.7/org.apache.tools.zip.ZipShort.txt,1
./DatabaseClean/ant-1.7/org.apache.tools.ant.types.resources.FileResourceIterator.txt,0
./DatabaseClean/ant-1.7/org.apache.tools.ant.TaskContainer.txt,0
./DatabaseClean/ant-1.7/org.apache.tools.ant.types.selectors.AndSelector.txt,0
./DatabaseClean/ant-1.7/org.apache.tools.ant.util.regexp.JakartaOroRegexp.txt,0
./DatabaseClean/ant-1.7/org.apache.tools.ant.taskdefs.compilers.CompilerAdapter.txt,0
./DatabaseClean/ant-1.7/org.apache.tools.ant.taskdefs.optional.junit.PlainJUnitResultFormatter.txt,0
./DatabaseClean/ant-1.7/org.apache.tools.ant.taskdefs.Sequential.txt,0
./DatabaseClean/ant-1.7/org.apache.tools.ant.types.AbstractFileSet.txt,1
./DatabaseClean/ant-1.7/org.apache.tools.ant.taskdefs.optional.depend.constantpool.InterfaceMethodRefCPInfo.txt,0
./DatabaseClean/ant-1.7/org.apache.tools.ant.FileScanner.txt,0
./DatabaseClean/ant-1.7/org.apache.tools.ant.taskdefs.optional.ejb.EJBDeploymentTool.txt,0
./DatabaseClean/ant-1.7/org.apache.tools.ant.taskdefs.optional.extension.JarLibManifestTask.txt,0
./DatabaseClean/ant-1.7/org.apache.tools.ant.taskdefs.optional.extension.Extension.txt,0
./DatabaseClean/ant-1.7/org.apache.tools.ant.util.IdentityMapper.txt,0
./DatabaseClean/ant-1.7/org.apache.tools.ant.util.JAXPUtils.txt,0
./DatabaseClean/ant-1.7/org.apache.tools.ant.util.UnPackageNameMapper.txt,0
./DatabaseClean/ant-1.7/org.apache.tools.ant.taskdefs.optional.ejb.GenericDeploymentTool.txt,0
./DatabaseClean/ant-1.7/org.apache.tools.ant.taskdefs.rmic.SunRmic.txt,1
./DatabaseClean/ant-1.7/org.apache.tools.ant.types.resources.Union.txt,0
./DatabaseClean/ant-1.7/org.apache.tools.ant.Diagnostics.txt,1
./DatabaseClean/ant-1.7/org.apache.tools.ant.util.LineOrientedOutputStream.txt,0
./DatabaseClean/ant-1.7/org.apache.tools.ant.taskdefs.optional.splash.SplashScreen.txt,1
./DatabaseClean/ant-1.7/org.apache.tools.ant.types.optional.ScriptFilter.txt,1
./DatabaseClean/ant-1.7/org.apache.tools.ant.taskdefs.optional.jsp.compilers.JspCompilerAdapterFactory.txt,0
./DatabaseClean/ant-1.7/org.apache.tools.ant.taskdefs.LoadResource.txt,1
./DatabaseClean/ant-1.7/org.apache.tools.ant.taskdefs.optional.extension.ExtensionAdapter.txt,0
./DatabaseClean/ant-1.7/org.apache.tools.ant.taskdefs.optional.depend.constantpool.ClassCPInfo.txt,0
./DatabaseClean/ant-1.7/org.apache.tools.ant.util.regexp.JakartaOroMatcher.txt,0
./DatabaseClean/ant-1.7/org.apache.tools.ant.types.spi.Provider.txt,0
./DatabaseClean/ant-1.7/org.apache.tools.ant.taskdefs.optional.perforce.P4Have.txt,0
./DatabaseClean/ant-1.7/org.apache.tools.ant.taskdefs.optional.Native2Ascii.txt,0
./DatabaseClean/ant-1.7/org.apache.tools.ant.taskdefs.optional.j2ee.AbstractHotDeploymentTool.txt,0
./DatabaseClean/ant-1.7/org.apache.tools.ant.types.resources.comparators.Date.txt,1
./DatabaseClean/ant-1.7/org.apache.tools.ant.Location.txt,0
./DatabaseClean/ant-1.7/org.apache.tools.ant.types.ZipFileSet.txt,0
./DatabaseClean/ant-1.7/org.apache.tools.ant.taskdefs.GUnzip.txt,0
./DatabaseClean/ant-1.7/org.apache.tools.ant.util.LeadPipeInputStream.txt,0
./DatabaseClean/ant-1.7/org.apache.tools.ant.helper.AntXMLContext.txt,0
./DatabaseClean/ant-1.7/org.apache.tools.ant.util.regexp.JakartaRegexpMatcher.txt,0
./DatabaseClean/ant-1.7/org.apache.tools.ant.util.regexp.JakartaRegexpRegexp.txt,0
./DatabaseClean/ant-1.7/org.apache.tools.ant.taskdefs.optional.pvcs.Pvcs.txt,0
./DatabaseClean/ant-1.7/org.apache.tools.tar.TarInputStream.txt,1
./DatabaseClean/ant-1.7/org.apache.tools.ant.types.selectors.NoneSelector.txt,0
./DatabaseClean/ant-1.7/org.apache.tools.ant.types.selectors.FileSelector.txt,0
./DatabaseClean/ant-1.7/org.apache.tools.ant.taskdefs.condition.Or.txt,0
./DatabaseClean/ant-1.7/org.apache.tools.ant.taskdefs.Chmod.txt,1
./DatabaseClean/ant-1.7/org.apache.tools.ant.types.selectors.ContainsRegexpSelector.txt,0
./DatabaseClean/ant-1.7/org.apache.tools.ant.types.resources.BZip2Resource.txt,0
./DatabaseClean/ant-1.7/org.apache.tools.ant.taskdefs.optional.ssh.ScpToMessageBySftp.txt,0
./DatabaseClean/ant-1.7/org.apache.tools.ant.types.Assertions.txt,0
./DatabaseClean/ant-1.7/org.apache.tools.ant.taskdefs.condition.IsReference.txt,1
./DatabaseClean/ant-1.7/org.apache.tools.ant.helper.ProjectHelper2.txt,1
./DatabaseClean/ant-1.7/org.apache.tools.ant.taskdefs.optional.junit.AggregateTransformer.txt,0
./DatabaseClean/ant-1.7/org.apache.tools.ant.util.depend.bcel.FullAnalyzer.txt,0
./DatabaseClean/ant-1.7/org.apache.tools.ant.taskdefs.optional.ssh.LogListener.txt,0
./DatabaseClean/ant-1.7/org.apache.tools.ant.taskdefs.ProcessDestroyer.txt,0
./DatabaseClean/ant-1.7/org.apache.tools.ant.types.resources.comparators.Name.txt,0
./DatabaseClean/ant-1.7/org.apache.tools.ant.filters.EscapeUnicode.txt,0
./DatabaseClean/ant-1.7/org.apache.tools.ant.taskdefs.optional.native2ascii.DefaultNative2Ascii.txt,0
./DatabaseClean/ant-1.7/org.apache.tools.ant.util.regexp.RegexpUtil.txt,0
./DatabaseClean/ant-1.7/org.apache.tools.ant.taskdefs.PumpStreamHandler.txt,1
./DatabaseClean/ant-1.7/org.apache.tools.ant.taskdefs.Parallel.txt,1
./DatabaseClean/ant-1.7/org.apache.tools.ant.util.PropertyOutputStream.txt,0
./DatabaseClean/ant-1.7/org.apache.tools.ant.taskdefs.email.PlainMailer.txt,1
./DatabaseClean/ant-1.7/org.apache.tools.ant.taskdefs.optional.extension.resolvers.AntResolver.txt,0
./DatabaseClean/ant-1.7/org.apache.tools.ant.taskdefs.compilers.DefaultCompilerAdapter.txt,1
./DatabaseClean/ant-1.7/org.apache.tools.ant.taskdefs.optional.ssh.SSHBase.txt,0
./DatabaseClean/ant-1.7/org.apache.tools.ant.taskdefs.optional.dotnet.DotnetResource.txt,0
./DatabaseClean/ant-1.7/org.apache.tools.ant.taskdefs.optional.depend.constantpool.LongCPInfo.txt,0
./DatabaseClean/ant-1.7/org.apache.tools.ant.taskdefs.BZip2.txt,0
./DatabaseClean/ant-1.7/org.apache.tools.ant.taskdefs.Property.txt,1
./DatabaseClean/ant-1.7/org.apache.tools.ant.taskdefs.optional.depend.constantpool.StringCPInfo.txt,0
./DatabaseClean/ant-1.7/org.apache.tools.ant.taskdefs.cvslib.RedirectingOutputStream.txt,0
./DatabaseClean/ant-1.7/org.apache.tools.ant.filters.BaseFilterReader.txt,0
./DatabaseClean/ant-1.7/org.apache.tools.ant.types.DirSet.txt,0
./DatabaseClean/ant-1.7/org.apache.tools.ant.taskdefs.optional.native2ascii.SunNative2Ascii.txt,0
./DatabaseClean/ant-1.7/org.apache.tools.ant.taskdefs.PreSetDef.txt,0
./DatabaseClean/ant-1.7/org.apache.tools.ant.taskdefs.optional.javah.JavahAdapterFactory.txt,0
./DatabaseClean/ant-1.7/org.apache.tools.ant.types.optional.AbstractScriptComponent.txt,1
./DatabaseClean/ant-1.7/org.apache.tools.ant.taskdefs.optional.ejb.WeblogicDeploymentTool.txt,1
./DatabaseClean/ant-1.7/org.apache.tools.ant.types.resources.comparators.DelegatedResourceComparator.txt,0
./DatabaseClean/ant-1.7/org.apache.tools.ant.util.DeweyDecimal.txt,0
./DatabaseClean/ant-1.7/org.apache.tools.ant.filters.ChainableReader.txt,0
./DatabaseClean/ant-1.7/org.apache.tools.ant.types.resources.URLResource.txt,0
./DatabaseClean/ant-1.7/org.apache.tools.ant.taskdefs.Untar.txt,1
./DatabaseClean/ant-1.7/org.apache.tools.ant.listener.CommonsLoggingListener.txt,0
./DatabaseClean/ant-1.7/org.apache.tools.ant.ComponentHelper.txt,0
./DatabaseClean/ant-1.7/org.apache.tools.ant.RuntimeConfigurable.txt,1
./DatabaseClean/ant-1.7/org.apache.tools.mail.SmtpResponseReader.txt,0
./DatabaseClean/ant-1.7/org.apache.tools.ant.taskdefs.VerifyJar.txt,1
./DatabaseClean/ant-1.7/org.apache.tools.ant.taskdefs.optional.ssh.ScpToMessage.txt,1
./DatabaseClean/ant-1.7/org.apache.tools.ant.taskdefs.optional.unix.Symlink.txt,1
./DatabaseClean/ant-1.7/org.apache.tools.ant.ProjectHelper.txt,1
./DatabaseClean/ant-1.7/org.apache.tools.ant.listener.Log4jListener.txt,1
./DatabaseClean/ant-1.7/org.apache.tools.ant.filters.FixCrLfFilter.txt,0
./DatabaseClean/ant-1.7/org.apache.tools.ant.taskdefs.AbstractJarSignerTask.txt,0
./DatabaseClean/ant-1.7/org.apache.tools.ant.taskdefs.optional.ejb.JbossDeploymentTool.txt,0
./DatabaseClean/ant-1.7/org.apache.tools.ant.taskdefs.ManifestClassPath.txt,1
./DatabaseClean/ant-1.7/org.apache.tools.ant.taskdefs.optional.perforce.P4Reopen.txt,0
./DatabaseClean/ant-1.7/org.apache.tools.ant.types.selectors.BaseSelector.txt,0
./DatabaseClean/ant-1.7/org.apache.tools.ant.types.resources.selectors.ResourceSelectorContainer.txt,0
./DatabaseClean/ant-1.7/org.apache.tools.ant.taskdefs.compilers.Gcj.txt,1
./DatabaseClean/ant-1.7/org.apache.tools.ant.taskdefs.optional.depend.JarFileIterator.txt,0
