file_path,label
./DatabaseClean/camel-1.6/org.apache.camel.component.cxf.CxfComponent.txt,0
./DatabaseClean/camel-1.6/org.apache.camel.impl.DefaultExchangeFormatter.txt,0
./DatabaseClean/camel-1.6/org.apache.camel.component.jetty.JettyHttpComponent.txt,0
./DatabaseClean/camel-1.6/org.apache.camel.language.simple.SimpleLanguage.txt,1
./DatabaseClean/camel-1.6/org.apache.camel.util.ServiceHelper.txt,1
./DatabaseClean/camel-1.6/org.apache.camel.component.file.FileProcessStrategy.txt,0
./DatabaseClean/camel-1.6/org.apache.camel.component.restlet.RestletConstants.txt,0
./DatabaseClean/camel-1.6/org.apache.camel.impl.DefaultLifecycleStrategy.txt,1
./DatabaseClean/camel-1.6/org.apache.camel.RecipientList.txt,0
./DatabaseClean/camel-1.6/org.apache.camel.language.groovy.CamelGroovyMethods.txt,0
./DatabaseClean/camel-1.6/org.apache.camel.language.simple.FileExpressionBuilder.txt,1
./DatabaseClean/camel-1.6/org.apache.camel.component.file.remote.RemoteFileComponent.txt,0
./DatabaseClean/camel-1.6/org.apache.camel.component.jmx.JMXEndpoint.txt,0
./DatabaseClean/camel-1.6/org.apache.camel.component.file.remote.SftpEndpoint.txt,0
./DatabaseClean/camel-1.6/org.apache.camel.model.loadbalancer.StickyLoadBalanceStrategy.txt,1
./DatabaseClean/camel-1.6/org.apache.camel.component.bean.DefaultAnnotationExpressionFactory.txt,0
./DatabaseClean/camel-1.6/org.apache.camel.processor.loadbalancer.StickyLoadBalancer.txt,1
./DatabaseClean/camel-1.6/org.apache.camel.view.XmlGraphGenerator.txt,0
./DatabaseClean/camel-1.6/org.apache.camel.impl.converter.AsyncProcessorTypeConverter.txt,0
./DatabaseClean/camel-1.6/org.apache.camel.component.irc.IrcBinding.txt,0
./DatabaseClean/camel-1.6/org.apache.camel.bam.processor.ProcessContext.txt,0
./DatabaseClean/camel-1.6/org.apache.camel.processor.resequencer.ResequencerEngine.txt,0
./DatabaseClean/camel-1.6/org.apache.camel.RuntimeCamelException.txt,0
./DatabaseClean/camel-1.6/org.apache.camel.processor.resequencer.Element.txt,0
./DatabaseClean/camel-1.6/org.apache.camel.impl.converter.ArrayTypeConverter.txt,0
./DatabaseClean/camel-1.6/org.apache.camel.model.dataformat.JsonDataFormat.txt,1
./DatabaseClean/camel-1.6/org.apache.camel.builder.NoErrorHandlerBuilder.txt,1
./DatabaseClean/camel-1.6/org.apache.camel.component.mina.MinaPayloadHelper.txt,0
./DatabaseClean/camel-1.6/org.apache.camel.ProducerTemplate.txt,1
./DatabaseClean/camel-1.6/org.apache.camel.component.cxf.CxfSoapConsumer.txt,0
./DatabaseClean/camel-1.6/org.apache.camel.processor.TryProcessor.txt,1
./DatabaseClean/camel-1.6/org.apache.camel.converter.xmlbeans.XmlBeansDataFormat.txt,0
./DatabaseClean/camel-1.6/org.apache.camel.component.file.FileProducer.txt,0
./DatabaseClean/camel-1.6/org.apache.camel.processor.loadbalancer.RandomLoadBalancer.txt,1
./DatabaseClean/camel-1.6/org.apache.camel.component.jhc.AsyncHttpRequestHandler.txt,0
./DatabaseClean/camel-1.6/org.apache.camel.component.bean.DefaultParameterMappingStrategy.txt,1
./DatabaseClean/camel-1.6/org.apache.camel.model.ExpressionNode.txt,0
./DatabaseClean/camel-1.6/org.apache.camel.model.ChoiceType.txt,0
./DatabaseClean/camel-1.6/org.apache.camel.CamelExchangeException.txt,1
./DatabaseClean/camel-1.6/org.apache.camel.component.xquery.XQueryComponent.txt,0
./DatabaseClean/camel-1.6/org.apache.camel.processor.idempotent.MessageIdRepository.txt,0
./DatabaseClean/camel-1.6/org.apache.camel.spring.handler.LazyLoadingBeanDefinitionParser.txt,0
./DatabaseClean/camel-1.6/org.apache.camel.component.cxf.invoker.CxfClient.txt,0
./DatabaseClean/camel-1.6/org.apache.camel.component.cxf.transport.spring.CamelConduitDefinitionParser.txt,0
./DatabaseClean/camel-1.6/org.apache.camel.processor.ConvertBodyProcessor.txt,0
./DatabaseClean/camel-1.6/org.apache.camel.component.bean.RegistryBean.txt,0
./DatabaseClean/camel-1.6/org.apache.camel.language.Constant.txt,0
./DatabaseClean/camel-1.6/org.apache.camel.component.mail.MailProducer.txt,0
./DatabaseClean/camel-1.6/org.apache.camel.component.cxf.CxfSoapComponent.txt,0
./DatabaseClean/camel-1.6/org.apache.camel.dataformat.hl7.HL7Converter.txt,0
./DatabaseClean/camel-1.6/org.apache.camel.model.TryType.txt,0
./DatabaseClean/camel-1.6/org.apache.camel.builder.RouteBuilder.txt,1
./DatabaseClean/camel-1.6/org.apache.camel.model.language.NamespaceAwareExpression.txt,0
./DatabaseClean/camel-1.6/org.apache.camel.component.jpa.JpaProducer.txt,0
./DatabaseClean/camel-1.6/org.apache.camel.component.stream.StreamMessage.txt,0
./DatabaseClean/camel-1.6/org.apache.camel.spi.InterceptStrategy.txt,1
./DatabaseClean/camel-1.6/org.apache.camel.util.ExpressionListComparator.txt,0
./DatabaseClean/camel-1.6/org.apache.camel.component.jms.JmsTemporaryQueueEndpoint.txt,0
./DatabaseClean/camel-1.6/org.apache.camel.model.language.PhpExpression.txt,0
./DatabaseClean/camel-1.6/org.apache.camel.spi.LanguageResolver.txt,0
./DatabaseClean/camel-1.6/org.apache.camel.util.IntrospectionSupport.txt,0
./DatabaseClean/camel-1.6/org.apache.camel.component.mina.MinaHelper.txt,0
./DatabaseClean/camel-1.6/org.apache.camel.FailedToCreateProducerException.txt,1
./DatabaseClean/camel-1.6/org.apache.camel.TypeConverter.txt,0
./DatabaseClean/camel-1.6/org.apache.camel.impl.converter.StaticMethodTypeConverter.txt,0
./DatabaseClean/camel-1.6/org.apache.camel.component.dataset.DataSet.txt,0
./DatabaseClean/camel-1.6/org.apache.camel.util.ReflectionInjector.txt,0
./DatabaseClean/camel-1.6/org.apache.camel.component.atom.AtomPollingConsumer.txt,0
./DatabaseClean/camel-1.6/org.apache.camel.bam.processor.JpaBamProcessorSupport.txt,0
./DatabaseClean/camel-1.6/org.apache.camel.component.dataset.DataSetComponent.txt,0
./DatabaseClean/camel-1.6/org.apache.camel.builder.xml.DomResultHandlerFactory.txt,0
./DatabaseClean/camel-1.6/org.apache.camel.component.bean.MethodInfoCache.txt,0
./DatabaseClean/camel-1.6/org.apache.camel.component.quartz.QuartzMessage.txt,0
./DatabaseClean/camel-1.6/org.apache.camel.component.mina.MinaExchange.txt,0
./DatabaseClean/camel-1.6/org.apache.camel.component.jpa.DefaultTransactionStrategy.txt,0
./DatabaseClean/camel-1.6/org.apache.camel.language.simple.AbstractSimpleLanguage.txt,0
./DatabaseClean/camel-1.6/org.apache.camel.language.Simple.txt,0
./DatabaseClean/camel-1.6/org.apache.camel.impl.DefaultComponentResolver.txt,0
./DatabaseClean/camel-1.6/org.apache.camel.model.dataformat.ZipDataFormat.txt,1
./DatabaseClean/camel-1.6/org.apache.camel.util.FactoryFinder.txt,1
./DatabaseClean/camel-1.6/org.apache.camel.management.JmxSystemPropertyKeys.txt,0
./DatabaseClean/camel-1.6/org.apache.camel.processor.aggregate.AggregationStrategy.txt,0
./DatabaseClean/camel-1.6/org.apache.camel.model.ResequencerType.txt,0
./DatabaseClean/camel-1.6/org.apache.camel.model.language.JavaScriptExpression.txt,0
./DatabaseClean/camel-1.6/org.apache.camel.component.xmpp.XmppPrivateChatProducer.txt,0
./DatabaseClean/camel-1.6/org.apache.camel.model.MarshalType.txt,0
./DatabaseClean/camel-1.6/org.apache.camel.component.ResourceBasedEndpoint.txt,0
./DatabaseClean/camel-1.6/org.apache.camel.impl.DefaultPollingEndpoint.txt,1
./DatabaseClean/camel-1.6/org.apache.camel.converter.jaxb.JaxbDataFormat.txt,0
./DatabaseClean/camel-1.6/org.apache.camel.component.jcr.JcrProducer.txt,0
./DatabaseClean/camel-1.6/org.apache.camel.converter.jaxb.StringHeader.txt,0
./DatabaseClean/camel-1.6/org.apache.camel.component.cxf.interceptors.PayloadContentRedirectInterceptor.txt,0
./DatabaseClean/camel-1.6/org.apache.camel.bam.TimeExpression.txt,0
./DatabaseClean/camel-1.6/org.apache.camel.component.log.LogComponent.txt,0
./DatabaseClean/camel-1.6/org.apache.camel.spring.spi.SpringInjector.txt,0
./DatabaseClean/camel-1.6/org.apache.camel.model.dataformat.XMLBeansDataFormat.txt,0
./DatabaseClean/camel-1.6/org.apache.camel.processor.aggregate.AggregationCollection.txt,0
./DatabaseClean/camel-1.6/org.apache.camel.component.jms.JmsConfiguration.txt,0
./DatabaseClean/camel-1.6/org.apache.camel.component.file.FileMessage.txt,0
./DatabaseClean/camel-1.6/org.apache.camel.component.timer.TimerEndpoint.txt,0
./DatabaseClean/camel-1.6/org.apache.camel.component.jpa.JpaComponent.txt,0
./DatabaseClean/camel-1.6/org.apache.camel.model.dataformat.ArtixDSContentType.txt,0
./DatabaseClean/camel-1.6/org.apache.camel.component.cxf.CxfSoapEndpoint.txt,0
./DatabaseClean/camel-1.6/org.apache.camel.component.cxf.spring.CxfEndpointBean.txt,0
./DatabaseClean/camel-1.6/org.apache.camel.impl.DefaultProducerTemplate.txt,1
./DatabaseClean/camel-1.6/org.apache.camel.processor.loadbalancer.LoadBalancerSupport.txt,0
./DatabaseClean/camel-1.6/org.apache.camel.component.jmx.JMXComponent.txt,0
./DatabaseClean/camel-1.6/org.apache.camel.builder.BinaryPredicateSupport.txt,0
./DatabaseClean/camel-1.6/org.apache.camel.ExpectedBodyTypeException.txt,1
./DatabaseClean/camel-1.6/org.apache.camel.processor.aggregate.UseLatestAggregationStrategy.txt,0
./DatabaseClean/camel-1.6/org.apache.camel.component.mock.AssertionClause.txt,0
./DatabaseClean/camel-1.6/org.apache.camel.model.loadbalancer.TopicLoadBalanceStrategy.txt,1
./DatabaseClean/camel-1.6/org.apache.camel.processor.LoopProcessor.txt,1
./DatabaseClean/camel-1.6/org.apache.camel.component.cxf.util.UriUtils.txt,0
./DatabaseClean/camel-1.6/org.apache.camel.builder.xml.ResultHandler.txt,0
./DatabaseClean/camel-1.6/org.apache.camel.processor.Interceptor.txt,1
./DatabaseClean/camel-1.6/org.apache.camel.component.jhc.AsyncResponseHandler.txt,0
./DatabaseClean/camel-1.6/org.apache.camel.component.cxf.transport.spring.CamelDestinationDefinitionParser.txt,0
./DatabaseClean/camel-1.6/org.apache.camel.component.bean.ConstantBeanHolder.txt,0
./DatabaseClean/camel-1.6/org.apache.camel.impl.DefaultProducer.txt,0
./DatabaseClean/camel-1.6/org.apache.camel.builder.ProcessorBuilder.txt,1
./DatabaseClean/camel-1.6/org.apache.camel.component.restlet.RestletBinding.txt,0
./DatabaseClean/camel-1.6/org.apache.camel.impl.MessageSupport.txt,1
./DatabaseClean/camel-1.6/org.apache.camel.model.RouteType.txt,0
./DatabaseClean/camel-1.6/org.apache.camel.component.jms.CamelMessageListener.txt,0
./DatabaseClean/camel-1.6/org.apache.camel.component.xmpp.XmppEndpoint.txt,0
./DatabaseClean/camel-1.6/org.apache.camel.component.spring.integration.adapter.config.AbstractCamelContextBeanDefinitionParaser.txt,0
./DatabaseClean/camel-1.6/org.apache.camel.processor.Logger.txt,1
./DatabaseClean/camel-1.6/org.apache.camel.component.restlet.RestletEndpoint.txt,0
./DatabaseClean/camel-1.6/org.apache.camel.component.jhc.JhcHeaderFilterStrategy.txt,0
./DatabaseClean/camel-1.6/org.apache.camel.bam.ActivityLifecycle.txt,0
./DatabaseClean/camel-1.6/org.apache.camel.component.cxf.util.Dummy.txt,0
./DatabaseClean/camel-1.6/org.apache.camel.component.cxf.transport.spring.AbstractCamelContextBeanDefinitionParser.txt,0
./DatabaseClean/camel-1.6/org.apache.camel.component.xmpp.XmppGroupChatProducer.txt,0
./DatabaseClean/camel-1.6/org.apache.camel.spring.util.SimpleRouteBuilder.txt,0
./DatabaseClean/camel-1.6/org.apache.camel.component.jpa.Consumed.txt,0
./DatabaseClean/camel-1.6/org.apache.camel.component.jms.JmsExchange.txt,0
./DatabaseClean/camel-1.6/org.apache.camel.converter.jaxp.DomConverter.txt,0
./DatabaseClean/camel-1.6/org.apache.camel.component.stream.StreamComponent.txt,0
./DatabaseClean/camel-1.6/org.apache.camel.processor.interceptor.TraceInterceptor.txt,1
./DatabaseClean/camel-1.6/org.apache.camel.component.spring.integration.SpringIntegrationComponent.txt,0
./DatabaseClean/camel-1.6/org.apache.camel.builder.ValueBuilder.txt,1
./DatabaseClean/camel-1.6/org.apache.camel.processor.MarshalProcessor.txt,1
./DatabaseClean/camel-1.6/org.apache.camel.component.cxf.CxfConstants.txt,0
./DatabaseClean/camel-1.6/org.apache.camel.util.PackageHelper.txt,1
./DatabaseClean/camel-1.6/org.apache.camel.model.loadbalancer.LoadBalancerType.txt,1
./DatabaseClean/camel-1.6/org.apache.camel.spi.HeaderFilterStrategy.txt,1
./DatabaseClean/camel-1.6/org.apache.camel.impl.ProcessorPollingConsumer.txt,0
./DatabaseClean/camel-1.6/org.apache.camel.component.bean.BeanProcessor.txt,1
./DatabaseClean/camel-1.6/org.apache.camel.component.seda.CollectionProducer.txt,1
./DatabaseClean/camel-1.6/org.apache.camel.Message.txt,1
./DatabaseClean/camel-1.6/org.apache.camel.dataformat.xstream.XStreamDataFormat.txt,0
./DatabaseClean/camel-1.6/org.apache.camel.builder.ConstantProcessorBuilder.txt,0
./DatabaseClean/camel-1.6/org.apache.camel.component.restlet.RestletHeaderFilterStrategy.txt,0
./DatabaseClean/camel-1.6/org.apache.camel.spring.spi.TransactionInterceptor.txt,0
./DatabaseClean/camel-1.6/org.apache.camel.component.jetty.JettyHttpEndpoint.txt,0
./DatabaseClean/camel-1.6/org.apache.camel.component.restlet.RestletComponent.txt,0
./DatabaseClean/camel-1.6/org.apache.camel.impl.converter.InstanceMethodTypeConverter.txt,0
./DatabaseClean/camel-1.6/org.apache.camel.component.atom.AtomEndpoint.txt,0
./DatabaseClean/camel-1.6/org.apache.camel.processor.DelayPolicy.txt,1
./DatabaseClean/camel-1.6/org.apache.camel.component.cxf.interceptors.XMLMessageInInterceptor.txt,0
./DatabaseClean/camel-1.6/org.apache.camel.component.atom.AtomConsumerSupport.txt,0
./DatabaseClean/camel-1.6/org.apache.camel.component.spring.integration.SpringIntegrationProducer.txt,0
./DatabaseClean/camel-1.6/org.apache.camel.bam.model.ProcessDefinition.txt,0
./DatabaseClean/camel-1.6/org.apache.camel.component.bean.CamelInvocationHandler.txt,1
./DatabaseClean/camel-1.6/org.apache.camel.spring.util.MainRunner.txt,0
./DatabaseClean/camel-1.6/org.apache.camel.component.stringtemplate.StringTemplateEndpoint.txt,0
./DatabaseClean/camel-1.6/org.apache.camel.impl.converter.EnumTypeConverter.txt,0
./DatabaseClean/camel-1.6/org.apache.camel.impl.NoPolicy.txt,0
./DatabaseClean/camel-1.6/org.apache.camel.component.mail.MailConsumer.txt,0
./DatabaseClean/camel-1.6/org.apache.camel.model.InterceptorType.txt,0
./DatabaseClean/camel-1.6/org.apache.camel.component.bean.BeanInvocation.txt,0
./DatabaseClean/camel-1.6/org.apache.camel.component.jms.JmsHeaderFilterStrategy.txt,0
./DatabaseClean/camel-1.6/org.apache.camel.component.mock.MockComponent.txt,0
./DatabaseClean/camel-1.6/org.apache.camel.processor.ErrorHandlerSupport.txt,1
./DatabaseClean/camel-1.6/org.apache.camel.component.xmpp.XmppExchange.txt,0
./DatabaseClean/camel-1.6/org.apache.camel.component.http.HttpHeaderFilterStrategy.txt,0
./DatabaseClean/camel-1.6/org.apache.camel.impl.DefaultUnitOfWork.txt,1
./DatabaseClean/camel-1.6/org.apache.camel.model.CatchType.txt,0
./DatabaseClean/camel-1.6/org.apache.camel.component.http.HttpBinding.txt,0
./DatabaseClean/camel-1.6/org.apache.camel.component.amqp.AMQPComponent.txt,0
./DatabaseClean/camel-1.6/org.apache.camel.component.cxf.invoker.InvokingContext.txt,0
./DatabaseClean/camel-1.6/org.apache.camel.component.jdbc.JdbcProducer.txt,0
./DatabaseClean/camel-1.6/org.apache.camel.component.test.TestComponent.txt,0
./DatabaseClean/camel-1.6/org.apache.camel.component.quartz.QuartzConsumer.txt,0
./DatabaseClean/camel-1.6/org.apache.camel.component.cxf.invoker.PayloadMessage.txt,0
./DatabaseClean/camel-1.6/org.apache.camel.model.NodeFactory.txt,0
./DatabaseClean/camel-1.6/org.apache.camel.component.jhc.AsyncBufferingHttpServiceHandler.txt,0
./DatabaseClean/camel-1.6/org.apache.camel.processor.DelayProcessorSupport.txt,1
./DatabaseClean/camel-1.6/org.apache.camel.processor.ThreadProcessor.txt,0
./DatabaseClean/camel-1.6/org.apache.camel.processor.MulticastProcessor.txt,1
./DatabaseClean/camel-1.6/org.apache.camel.component.dataset.SimpleDataSet.txt,0
./DatabaseClean/camel-1.6/org.apache.camel.impl.DefaultCamelContext.txt,1
./DatabaseClean/camel-1.6/org.apache.camel.component.bean.BeanExchange.txt,0
./DatabaseClean/camel-1.6/org.apache.camel.spring.CamelContextFactoryBean.txt,0
./DatabaseClean/camel-1.6/org.apache.camel.dataformat.csv.CsvDataFormat.txt,0
./DatabaseClean/camel-1.6/org.apache.camel.processor.Splitter.txt,1
./DatabaseClean/camel-1.6/org.apache.camel.component.jms.requestor.PersistentReplyToRequestor.txt,0
./DatabaseClean/camel-1.6/org.apache.camel.RuntimeTransformException.txt,0
./DatabaseClean/camel-1.6/org.apache.camel.impl.ProxyInstantiationException.txt,0
./DatabaseClean/camel-1.6/org.apache.camel.component.freemarker.FreemarkerComponent.txt,0
./DatabaseClean/camel-1.6/org.apache.camel.component.irc.IrcErrorLogger.txt,0
./DatabaseClean/camel-1.6/org.apache.camel.processor.SendProcessor.txt,1
./DatabaseClean/camel-1.6/org.apache.camel.util.TimeoutMap.txt,0
./DatabaseClean/camel-1.6/org.apache.camel.component.xmpp.RuntimeXmppException.txt,0
./DatabaseClean/camel-1.6/org.apache.camel.processor.LoggingErrorHandler.txt,1
./DatabaseClean/camel-1.6/org.apache.camel.builder.DeadLetterChannelBuilder.txt,1
./DatabaseClean/camel-1.6/org.apache.camel.component.cxf.CxfMessage.txt,0
./DatabaseClean/camel-1.6/org.apache.camel.processor.RoutingSlip.txt,1
./DatabaseClean/camel-1.6/org.apache.camel.component.timer.TimerComponent.txt,0
./DatabaseClean/camel-1.6/org.apache.camel.component.cxf.interceptors.DOMOutInterceptor.txt,0
./DatabaseClean/camel-1.6/org.apache.camel.converter.jaxb.HeaderType.txt,0
./DatabaseClean/camel-1.6/org.apache.camel.component.seda.SedaEndpoint.txt,0
./DatabaseClean/camel-1.6/org.apache.camel.component.cxf.interceptors.AbstractMessageInInterceptor.txt,0
./DatabaseClean/camel-1.6/org.apache.camel.component.xmpp.XmppBinding.txt,0
./DatabaseClean/camel-1.6/org.apache.camel.component.spring.integration.converter.SpringIntegrationConverter.txt,0
./DatabaseClean/camel-1.6/org.apache.camel.component.jms.requestor.FutureHandler.txt,0
./DatabaseClean/camel-1.6/org.apache.camel.model.language.SqlExpression.txt,0
./DatabaseClean/camel-1.6/org.apache.camel.osgi.OsgiAnnotationTypeConverterLoader.txt,0
./DatabaseClean/camel-1.6/org.apache.camel.Consume.txt,0
./DatabaseClean/camel-1.6/org.apache.camel.impl.ZipDataFormat.txt,0
./DatabaseClean/camel-1.6/org.apache.camel.model.RoutesType.txt,0
./DatabaseClean/camel-1.6/org.apache.camel.component.cxf.invoker.CxfClientFactoryBean.txt,0
./DatabaseClean/camel-1.6/org.apache.camel.impl.converter.PropertyEditorTypeConverter.txt,0
./DatabaseClean/camel-1.6/org.apache.camel.component.jms.RuntimeJmsException.txt,0
./DatabaseClean/camel-1.6/org.apache.camel.processor.loadbalancer.TopicLoadBalancer.txt,1
./DatabaseClean/camel-1.6/org.apache.camel.model.SetHeaderType.txt,0
./DatabaseClean/camel-1.6/org.apache.camel.component.restlet.RestletConsumer.txt,0
./DatabaseClean/camel-1.6/org.apache.camel.component.jetty.CamelContinuationServlet.txt,0
./DatabaseClean/camel-1.6/org.apache.camel.Property.txt,0
./DatabaseClean/camel-1.6/org.apache.camel.model.language.RubyExpression.txt,0
./DatabaseClean/camel-1.6/org.apache.camel.language.ognl.OgnlLanguage.txt,0
./DatabaseClean/camel-1.6/org.apache.camel.component.mina.MinaEndpoint.txt,0
./DatabaseClean/camel-1.6/org.apache.camel.processor.validation.ValidatingProcessor.txt,1
./DatabaseClean/camel-1.6/org.apache.camel.model.ProcessorRef.txt,0
./DatabaseClean/camel-1.6/org.apache.camel.processor.loadbalancer.LoadBalancerConsumer.txt,1
./DatabaseClean/camel-1.6/org.apache.camel.language.bean.RuntimeBeanExpressionException.txt,0
./DatabaseClean/camel-1.6/org.apache.camel.spi.Policy.txt,0
./DatabaseClean/camel-1.6/org.apache.camel.component.file.FileConsumer.txt,1
./DatabaseClean/camel-1.6/org.apache.camel.spi.NamespaceAware.txt,0
./DatabaseClean/camel-1.6/org.apache.camel.component.cxf.feature.PayLoadDataFormatFeature.txt,0
./DatabaseClean/camel-1.6/org.apache.camel.OutHeaders.txt,0
./DatabaseClean/camel-1.6/org.apache.camel.component.http.HttpMethods.txt,0
./DatabaseClean/camel-1.6/org.apache.camel.NoTypeConversionAvailableException.txt,1
./DatabaseClean/camel-1.6/org.apache.camel.component.jms.requestor.Requestor.txt,0
./DatabaseClean/camel-1.6/org.apache.camel.model.OutputType.txt,1
./DatabaseClean/camel-1.6/org.apache.camel.component.ref.RefComponent.txt,0
./DatabaseClean/camel-1.6/org.apache.camel.processor.interceptor.Breakpoint.txt,0
./DatabaseClean/camel-1.6/org.apache.camel.management.PerformanceCounter.txt,0
./DatabaseClean/camel-1.6/org.apache.camel.converter.CamelConverter.txt,0
./DatabaseClean/camel-1.6/org.apache.camel.spring.spi.SpringTransactionPolicy.txt,0
./DatabaseClean/camel-1.6/org.apache.camel.spring.SpringCamelContext.txt,0
./DatabaseClean/camel-1.6/org.apache.camel.processor.Throttler.txt,1
./DatabaseClean/camel-1.6/org.apache.camel.component.cxf.util.CxfHeaderHelper.txt,0
./DatabaseClean/camel-1.6/org.apache.camel.spi.ErrorHandlerWrappingStrategy.txt,0
./DatabaseClean/camel-1.6/org.apache.camel.InvalidHeaderTypeException.txt,0
./DatabaseClean/camel-1.6/org.apache.camel.Exchange.txt,1
./DatabaseClean/camel-1.6/org.apache.camel.component.cxf.interceptors.FakeBindingOperationInfo.txt,0
./DatabaseClean/camel-1.6/org.apache.camel.model.RedeliveryPolicyType.txt,0
./DatabaseClean/camel-1.6/org.apache.camel.component.bean.BeanHolder.txt,0
./DatabaseClean/camel-1.6/org.apache.camel.component.spring.integration.SpringIntegrationConsumer.txt,0
./DatabaseClean/camel-1.6/org.apache.camel.NoSuchHeaderException.txt,1
./DatabaseClean/camel-1.6/org.apache.camel.processor.interceptor.StreamCaching.txt,1
./DatabaseClean/camel-1.6/org.apache.camel.spring.RouteBuilderFinder.txt,0
./DatabaseClean/camel-1.6/org.apache.camel.bam.model.EntitySupport.txt,0
./DatabaseClean/camel-1.6/org.apache.camel.component.http.HttpExchange.txt,0
./DatabaseClean/camel-1.6/org.apache.camel.management.InstrumentationInterceptStrategy.txt,1
./DatabaseClean/camel-1.6/org.apache.camel.model.InOnlyType.txt,0
./DatabaseClean/camel-1.6/org.apache.camel.model.IdempotentConsumerType.txt,0
./DatabaseClean/camel-1.6/org.apache.camel.component.cxf.invoker.RawMessageInvokingContext.txt,0
./DatabaseClean/camel-1.6/org.apache.camel.processor.interceptor.Debugger.txt,1
./DatabaseClean/camel-1.6/org.apache.camel.util.TimeoutMapEntry.txt,0
./DatabaseClean/camel-1.6/org.apache.camel.processor.ChoiceProcessor.txt,1
./DatabaseClean/camel-1.6/org.apache.camel.component.cxf.CxfConsumer.txt,0
./DatabaseClean/camel-1.6/org.apache.camel.component.atom.UpdatedDateFilter.txt,0
./DatabaseClean/camel-1.6/org.apache.camel.builder.script.Python.txt,0
./DatabaseClean/camel-1.6/org.apache.camel.processor.validation.NoXmlBodyValidationException.txt,0
./DatabaseClean/camel-1.6/org.apache.camel.util.LRUCache.txt,0
./DatabaseClean/camel-1.6/org.apache.camel.component.stream.StreamEndpoint.txt,0
./DatabaseClean/camel-1.6/org.apache.camel.EndpointInject.txt,1
./DatabaseClean/camel-1.6/org.apache.camel.processor.resequencer.SequenceElementComparator.txt,0
./DatabaseClean/camel-1.6/org.apache.camel.impl.ProcessorEndpoint.txt,0
./DatabaseClean/camel-1.6/org.apache.camel.processor.resequencer.ExpressionResultComparator.txt,0
./DatabaseClean/camel-1.6/org.apache.camel.impl.ScheduledPollConsumer.txt,1
./DatabaseClean/camel-1.6/org.apache.camel.component.spring.integration.SpringIntegrationEndpoint.txt,0
./DatabaseClean/camel-1.6/org.apache.camel.builder.script.ScriptBuilder.txt,0
./DatabaseClean/camel-1.6/org.apache.camel.impl.converter.TypeConverterLoader.txt,0
./DatabaseClean/camel-1.6/org.apache.camel.component.bean.MethodInfo.txt,1
./DatabaseClean/camel-1.6/org.apache.camel.processor.ExchangePatternProcessor.txt,1
./DatabaseClean/camel-1.6/org.apache.camel.model.BeanRef.txt,0
./DatabaseClean/camel-1.6/org.apache.camel.component.cxf.interceptors.DOMInInterceptor.txt,0
./DatabaseClean/camel-1.6/org.apache.camel.builder.script.JavaScript.txt,0
./DatabaseClean/camel-1.6/org.apache.camel.converter.xmlbeans.XmlBeansConverter.txt,0
./DatabaseClean/camel-1.6/org.apache.camel.component.quartz.CamelJob.txt,0
./DatabaseClean/camel-1.6/org.apache.camel.component.jms.requestor.PersistentReplyToFutureHandler.txt,0
./DatabaseClean/camel-1.6/org.apache.camel.component.atom.AtomComponent.txt,0
./DatabaseClean/camel-1.6/org.apache.camel.converter.jaxb.LongHeader.txt,0
./DatabaseClean/camel-1.6/org.apache.camel.processor.DelegateProcessor.txt,1
./DatabaseClean/camel-1.6/org.apache.camel.component.http.HttpMessage.txt,0
./DatabaseClean/camel-1.6/org.apache.camel.builder.script.BeanShell.txt,0
./DatabaseClean/camel-1.6/org.apache.camel.component.cxf.CxfSoapProducer.txt,0
./DatabaseClean/camel-1.6/org.apache.camel.processor.exceptionpolicy.ExceptionPolicyStrategy.txt,0
./DatabaseClean/camel-1.6/org.apache.camel.component.mina.MinaConverter.txt,0
./DatabaseClean/camel-1.6/org.apache.camel.processor.UnitOfWorkProcessor.txt,1
./DatabaseClean/camel-1.6/org.apache.camel.impl.SerializationDataFormat.txt,0
./DatabaseClean/camel-1.6/org.apache.camel.component.jms.JmsConsumer.txt,0
./DatabaseClean/camel-1.6/org.apache.camel.spi.ExceptionHandler.txt,0
./DatabaseClean/camel-1.6/org.apache.camel.component.irc.IrcConsumer.txt,0
./DatabaseClean/camel-1.6/org.apache.camel.component.mina.TextLineDelimiter.txt,0
./DatabaseClean/camel-1.6/org.apache.camel.processor.idempotent.jpa.JpaMessageIdRepository.txt,0
./DatabaseClean/camel-1.6/org.apache.camel.converter.jaxb.MessageType.txt,0
./DatabaseClean/camel-1.6/org.apache.camel.impl.DefaultRouteContext.txt,1
./DatabaseClean/camel-1.6/org.apache.camel.language.juel.JuelLanguage.txt,0
./DatabaseClean/camel-1.6/org.apache.camel.model.DelayerType.txt,0
./DatabaseClean/camel-1.6/org.apache.camel.component.jcr.JcrConverter.txt,0
./DatabaseClean/camel-1.6/org.apache.camel.language.juel.JuelExpression.txt,0
./DatabaseClean/camel-1.6/org.apache.camel.model.ToType.txt,0
./DatabaseClean/camel-1.6/org.apache.camel.util.NoFactoryAvailableException.txt,0
./DatabaseClean/camel-1.6/org.apache.camel.component.file.strategy.RenameFileProcessStrategy.txt,0
./DatabaseClean/camel-1.6/org.apache.camel.component.dataset.DataSetSupport.txt,1
./DatabaseClean/camel-1.6/org.apache.camel.component.seda.SedaConsumer.txt,1
./DatabaseClean/camel-1.6/org.apache.camel.component.jms.JmsProviderMetadata.txt,0
./DatabaseClean/camel-1.6/org.apache.camel.component.jms.requestor.DeferredRequestReplyMap.txt,0
./DatabaseClean/camel-1.6/org.apache.camel.util.concurrent.AtomicExchange.txt,0
./DatabaseClean/camel-1.6/org.apache.camel.component.file.remote.RemoteFileExchange.txt,0
./DatabaseClean/camel-1.6/org.apache.camel.component.uface.UFaceEndpoint.txt,0
./DatabaseClean/camel-1.6/org.apache.camel.component.mina.MinaComponent.txt,0
./DatabaseClean/camel-1.6/org.apache.camel.spi.Registry.txt,1
./DatabaseClean/camel-1.6/org.apache.camel.model.LoopType.txt,0
./DatabaseClean/camel-1.6/org.apache.camel.impl.EventDrivenPollingConsumer.txt,1
./DatabaseClean/camel-1.6/org.apache.camel.builder.ErrorHandlerBuilder.txt,1
./DatabaseClean/camel-1.6/org.apache.camel.bam.ActivityBuilder.txt,0
./DatabaseClean/camel-1.6/org.apache.camel.component.seda.ListPollingConsumer.txt,0
./DatabaseClean/camel-1.6/org.apache.camel.component.irc.IrcExchange.txt,0
./DatabaseClean/camel-1.6/org.apache.camel.impl.DelegateLifecycleStrategy.txt,1
./DatabaseClean/camel-1.6/org.apache.camel.language.jxpath.JXPath.txt,0
./DatabaseClean/camel-1.6/org.apache.camel.model.language.ExpressionType.txt,0
./DatabaseClean/camel-1.6/org.apache.camel.spring.util.ReflectionUtils.txt,0
./DatabaseClean/camel-1.6/org.apache.camel.Predicate.txt,0
./DatabaseClean/camel-1.6/org.apache.camel.impl.LoggingExceptionHandler.txt,1
./DatabaseClean/camel-1.6/org.apache.camel.language.ognl.OGNL.txt,0
./DatabaseClean/camel-1.6/org.apache.camel.processor.idempotent.jpa.MessageProcessed.txt,0
./DatabaseClean/camel-1.6/org.apache.camel.model.UnmarshalType.txt,0
./DatabaseClean/camel-1.6/org.apache.camel.builder.ErrorHandlerBuilderRef.txt,1
./DatabaseClean/camel-1.6/org.apache.camel.spring.spi.TransactionErrorHandlerBuilder.txt,0
./DatabaseClean/camel-1.6/org.apache.camel.builder.BuilderSupport.txt,1
./DatabaseClean/camel-1.6/org.apache.camel.component.cxf.CxfProducer.txt,0
./DatabaseClean/camel-1.6/org.apache.camel.component.mail.MailExchange.txt,0
./DatabaseClean/camel-1.6/org.apache.camel.component.spring.integration.adapter.config.CamelSourceAdpaterParser.txt,0
./DatabaseClean/camel-1.6/org.apache.camel.language.bean.BeanExpression.txt,0
./DatabaseClean/camel-1.6/org.apache.camel.component.jpa.Callback.txt,0
./DatabaseClean/camel-1.6/org.apache.camel.component.file.remote.RemoteFileMessage.txt,0
./DatabaseClean/camel-1.6/org.apache.camel.spi.UnitOfWork.txt,1
./DatabaseClean/camel-1.6/org.apache.camel.impl.ReportingTypeConverterRegistry.txt,0
./DatabaseClean/camel-1.6/org.apache.camel.impl.ServiceSupport.txt,1
./DatabaseClean/camel-1.6/org.apache.camel.component.spring.integration.SpringIntegrationBinding.txt,0
./DatabaseClean/camel-1.6/org.apache.camel.component.cxf.interceptors.XMLMessageOutInterceptor.txt,0
./DatabaseClean/camel-1.6/org.apache.camel.component.jms.DestinationEndpoint.txt,0
./DatabaseClean/camel-1.6/org.apache.camel.builder.xml.DomResultHandler.txt,0
./DatabaseClean/camel-1.6/org.apache.camel.component.http.HttpPollingConsumer.txt,0
./DatabaseClean/camel-1.6/org.apache.camel.component.validator.msv.MsvComponent.txt,0
./DatabaseClean/camel-1.6/org.apache.camel.processor.validation.SchemaValidationException.txt,0
./DatabaseClean/camel-1.6/org.apache.camel.impl.ReportingTypeConverterLoader.txt,1
./DatabaseClean/camel-1.6/org.apache.camel.component.mail.MailConverters.txt,0
./DatabaseClean/camel-1.6/org.apache.camel.RuntimeExpressionException.txt,0
./DatabaseClean/camel-1.6/org.apache.camel.builder.ExpressionBuilder.txt,1
./DatabaseClean/camel-1.6/org.apache.camel.component.jhc.JhcEndpoint.txt,0
./DatabaseClean/camel-1.6/org.apache.camel.spi.ExchangeConverter.txt,0
./DatabaseClean/camel-1.6/org.apache.camel.util.AsyncProcessorHelper.txt,0
./DatabaseClean/camel-1.6/org.apache.camel.impl.converter.CachingInjector.txt,0
./DatabaseClean/camel-1.6/org.apache.camel.component.http.DefaultHttpBinding.txt,0
./DatabaseClean/camel-1.6/org.apache.camel.component.cxf.util.DataInInterceptor.txt,0
./DatabaseClean/camel-1.6/org.apache.camel.language.simple.FileLanguage.txt,1
./DatabaseClean/camel-1.6/org.apache.camel.model.FilterType.txt,0
./DatabaseClean/camel-1.6/org.apache.camel.impl.PredicateSupport.txt,0
./DatabaseClean/camel-1.6/org.apache.camel.spring.spi.BeanInjector.txt,0
./DatabaseClean/camel-1.6/org.apache.camel.osgi.OsgiLanguageResolver.txt,0
./DatabaseClean/camel-1.6/org.apache.camel.component.list.ListEndpoint.txt,0
./DatabaseClean/camel-1.6/org.apache.camel.language.ExpressionEvaluationException.txt,0
./DatabaseClean/camel-1.6/org.apache.camel.component.bean.XPathAnnotationExpressionFactory.txt,1
./DatabaseClean/camel-1.6/org.apache.camel.language.header.HeaderLanguage.txt,0
./DatabaseClean/camel-1.6/org.apache.camel.bam.rules.TemporalRule.txt,0
./DatabaseClean/camel-1.6/org.apache.camel.util.EndpointHelper.txt,1
./DatabaseClean/camel-1.6/org.apache.camel.component.jms.JmsProducer.txt,0
./DatabaseClean/camel-1.6/org.apache.camel.bam.model.ActivityState.txt,0
./DatabaseClean/camel-1.6/org.apache.camel.processor.BatchProcessor.txt,1
./DatabaseClean/camel-1.6/org.apache.camel.component.uface.swing.SwingComponent.txt,0
./DatabaseClean/camel-1.6/org.apache.camel.component.seda.QueueComponent.txt,0
./DatabaseClean/camel-1.6/org.apache.camel.model.loadbalancer.RandomLoadBalanceStrategy.txt,1
./DatabaseClean/camel-1.6/org.apache.camel.spi.DataFormat.txt,0
./DatabaseClean/camel-1.6/org.apache.camel.component.jms.MessagePropertyAccessException.txt,0
./DatabaseClean/camel-1.6/org.apache.camel.impl.DefaultLanguageResolver.txt,1
./DatabaseClean/camel-1.6/org.apache.camel.converter.jaxb.FallbackTypeConverter.txt,0
./DatabaseClean/camel-1.6/org.apache.camel.component.mina.MinaConsumer.txt,0
./DatabaseClean/camel-1.6/org.apache.camel.model.language.ConstantExpression.txt,0
./DatabaseClean/camel-1.6/org.apache.camel.component.spring.integration.adapter.config.CamelTargetAdapterParser.txt,0
./DatabaseClean/camel-1.6/org.apache.camel.component.mock.MockEndpoint.txt,1
./DatabaseClean/camel-1.6/org.apache.camel.impl.converter.DefaultTypeConverter.txt,1
./DatabaseClean/camel-1.6/org.apache.camel.component.mail.MailComponent.txt,0
./DatabaseClean/camel-1.6/org.apache.camel.model.TransformType.txt,0
./DatabaseClean/camel-1.6/org.apache.camel.language.groovy.GroovyRouteBuilder.txt,0
./DatabaseClean/camel-1.6/org.apache.camel.component.file.remote.SftpConsumer.txt,0
./DatabaseClean/camel-1.6/org.apache.camel.spring.CamelTemplateFactoryBean.txt,0
./DatabaseClean/camel-1.6/org.apache.camel.AsyncProcessor.txt,1
./DatabaseClean/camel-1.6/org.apache.camel.model.language.LanguageExpression.txt,0
./DatabaseClean/camel-1.6/org.apache.camel.processor.interceptor.Tracer.txt,1
./DatabaseClean/camel-1.6/org.apache.camel.model.ThreadType.txt,0
./DatabaseClean/camel-1.6/org.apache.camel.Intercept.txt,0
./DatabaseClean/camel-1.6/org.apache.camel.model.dataformat.StringDataFormat.txt,0
./DatabaseClean/camel-1.6/org.apache.camel.component.jms.requestor.MessageSelectorProvider.txt,0
./DatabaseClean/camel-1.6/org.apache.camel.component.jhc.JhcMessage.txt,0
./DatabaseClean/camel-1.6/org.apache.camel.impl.DefaultExchange.txt,1
./DatabaseClean/camel-1.6/org.apache.camel.component.freemarker.NoCacheStorage.txt,0
./DatabaseClean/camel-1.6/org.apache.camel.spring.remoting.SendBeforeInterceptor.txt,0
./DatabaseClean/camel-1.6/org.apache.camel.processor.idempotent.NoMessageIdException.txt,0
./DatabaseClean/camel-1.6/org.apache.camel.util.CollectionHelper.txt,1
./DatabaseClean/camel-1.6/org.apache.camel.model.dataformat.FlatpackDataFormat.txt,1
./DatabaseClean/camel-1.6/org.apache.camel.component.cxf.interceptors.AbstractMessageOutInterceptor.txt,0
./DatabaseClean/camel-1.6/org.apache.camel.component.file.remote.RemoteFileConsumer.txt,0
./DatabaseClean/camel-1.6/org.apache.camel.model.loadbalancer.RoundRobinLoadBalanceStrategy.txt,1
./DatabaseClean/camel-1.6/org.apache.camel.AlreadyStoppedException.txt,0
./DatabaseClean/camel-1.6/org.apache.camel.scala.dsl.builder.RouteBuilder.txt,0
./DatabaseClean/camel-1.6/org.apache.camel.builder.script.ScriptEvaluationException.txt,0
./DatabaseClean/camel-1.6/org.apache.camel.Header.txt,0
./DatabaseClean/camel-1.6/org.apache.camel.component.dataset.DataSetEndpoint.txt,1
./DatabaseClean/camel-1.6/org.apache.camel.processor.exceptionpolicy.DefaultExceptionPolicyStrategy.txt,1
./DatabaseClean/camel-1.6/org.apache.camel.osgi.OsgiResolverUtil.txt,0
./DatabaseClean/camel-1.6/org.apache.camel.component.jdbc.JdbcEndpoint.txt,0
./DatabaseClean/camel-1.6/org.apache.camel.model.language.HeaderExpression.txt,0
./DatabaseClean/camel-1.6/org.apache.camel.CamelException.txt,0
./DatabaseClean/camel-1.6/org.apache.camel.component.cxf.transport.spring.NamespaceHandler.txt,0
./DatabaseClean/camel-1.6/org.apache.camel.component.uface.swing.Main.txt,0
./DatabaseClean/camel-1.6/org.apache.camel.builder.PredicateFactory.txt,0
./DatabaseClean/camel-1.6/org.apache.camel.converter.jaxb.ObjectHeader.txt,0
./DatabaseClean/camel-1.6/org.apache.camel.component.cxf.feature.AbstractDataFormatFeature.txt,0
./DatabaseClean/camel-1.6/org.apache.camel.management.InstrumentationErrorHandlerWrappingStrategy.txt,1
./DatabaseClean/camel-1.6/org.apache.camel.component.jms.JmsBinding.txt,0
./DatabaseClean/camel-1.6/org.apache.camel.converter.jaxp.XmlConverter.txt,1
./DatabaseClean/camel-1.6/org.apache.camel.ValidationException.txt,0
./DatabaseClean/camel-1.6/org.apache.camel.model.RecipientListType.txt,0
./DatabaseClean/camel-1.6/org.apache.camel.converter.jaxp.StreamSourceConverter.txt,0
./DatabaseClean/camel-1.6/org.apache.camel.component.jms.DefaultQueueBrowseStrategy.txt,0
./DatabaseClean/camel-1.6/org.apache.camel.model.ConvertBodyType.txt,0
./DatabaseClean/camel-1.6/org.apache.camel.util.CamelContextHelper.txt,1
./DatabaseClean/camel-1.6/org.apache.camel.model.dataformat.TidyMarkupDataFormat.txt,0
./DatabaseClean/camel-1.6/org.apache.camel.component.http.HttpProducer.txt,0
./DatabaseClean/camel-1.6/org.apache.camel.component.ibatis.IBatisPollingConsumer.txt,0
./DatabaseClean/camel-1.6/org.apache.camel.model.language.MethodCallExpression.txt,1
./DatabaseClean/camel-1.6/org.apache.camel.component.file.remote.FtpOperationFailedException.txt,0
./DatabaseClean/camel-1.6/org.apache.camel.impl.PollingConsumerSupport.txt,1
./DatabaseClean/camel-1.6/org.apache.camel.processor.aggregate.DefaultAggregationCollection.txt,1
./DatabaseClean/camel-1.6/org.apache.camel.model.PolicyRef.txt,0
./DatabaseClean/camel-1.6/org.apache.camel.builder.xml.XsltBuilder.txt,0
./DatabaseClean/camel-1.6/org.apache.camel.model.ThrottlerType.txt,0
./DatabaseClean/camel-1.6/org.apache.camel.component.file.strategy.FileRenamer.txt,0
./DatabaseClean/camel-1.6/org.apache.camel.component.cxf.invoker.AbstractInvokingContext.txt,0
./DatabaseClean/camel-1.6/org.apache.camel.management.CamelNamingStrategy.txt,1
./DatabaseClean/camel-1.6/org.apache.camel.bam.rules.ProcessRules.txt,0
./DatabaseClean/camel-1.6/org.apache.camel.component.rmi.RmiEndpoint.txt,0
./DatabaseClean/camel-1.6/org.apache.camel.bam.model.TemporalEntity.txt,0
./DatabaseClean/camel-1.6/org.apache.camel.bam.processor.BamProcessorSupport.txt,0
./DatabaseClean/camel-1.6/org.apache.camel.component.xquery.XQueryBuilder.txt,0
./DatabaseClean/camel-1.6/org.apache.camel.spring.CamelProxyFactoryType.txt,0
./DatabaseClean/camel-1.6/org.apache.camel.language.xpath.XPathLanguage.txt,0
./DatabaseClean/camel-1.6/org.apache.camel.component.jdbc.JdbcComponent.txt,0
./DatabaseClean/camel-1.6/org.apache.camel.component.cxf.converter.CxfConverter.txt,0
./DatabaseClean/camel-1.6/org.apache.camel.Produce.txt,0
./DatabaseClean/camel-1.6/org.apache.camel.language.ognl.RootObject.txt,0
./DatabaseClean/camel-1.6/org.apache.camel.component.quartz.QuartzComponent.txt,0
./DatabaseClean/camel-1.6/org.apache.camel.processor.HandleFaultProcessor.txt,1
./DatabaseClean/camel-1.6/org.apache.camel.NoSuchBeanException.txt,1
./DatabaseClean/camel-1.6/org.apache.camel.processor.DelegateAsyncProcessor.txt,1
./DatabaseClean/camel-1.6/org.apache.camel.component.jms.JmsTemporaryTopicEndpoint.txt,0
./DatabaseClean/camel-1.6/org.apache.camel.model.ProcessorType.txt,1
./DatabaseClean/camel-1.6/org.apache.camel.impl.DefaultScheduledPollConsumer.txt,1
./DatabaseClean/camel-1.6/org.apache.camel.language.groovy.GroovyExpression.txt,0
./DatabaseClean/camel-1.6/org.apache.camel.processor.ThroughputLogger.txt,0
./DatabaseClean/camel-1.6/org.apache.camel.processor.FilterProcessor.txt,1
./DatabaseClean/camel-1.6/org.apache.camel.processor.exceptionpolicy.ExceptionPolicyKey.txt,0
./DatabaseClean/camel-1.6/org.apache.camel.processor.interceptor.DelayInterceptor.txt,0
./DatabaseClean/camel-1.6/org.apache.camel.impl.JndiRegistry.txt,1
./DatabaseClean/camel-1.6/org.apache.camel.component.bean.BeanEndpoint.txt,0
./DatabaseClean/camel-1.6/org.apache.camel.spring.remoting.CamelServiceExporter.txt,0
./DatabaseClean/camel-1.6/org.apache.camel.spi.TypeConverterAware.txt,0
./DatabaseClean/camel-1.6/org.apache.camel.component.jms.JmsIOConverter.txt,0
./DatabaseClean/camel-1.6/org.apache.camel.language.bean.BeanLanguage.txt,0
./DatabaseClean/camel-1.6/org.apache.camel.processor.resequencer.Timeout.txt,0
./DatabaseClean/camel-1.6/org.apache.camel.converter.HasAnnotation.txt,0
./DatabaseClean/camel-1.6/org.apache.camel.component.file.remote.FtpProducer.txt,0
./DatabaseClean/camel-1.6/org.apache.camel.processor.Aggregator.txt,1
./DatabaseClean/camel-1.6/org.apache.camel.processor.TransformProcessor.txt,1
./DatabaseClean/camel-1.6/org.apache.camel.spi.Language.txt,0
./DatabaseClean/camel-1.6/org.apache.camel.impl.ScheduledPollEndpoint.txt,0
./DatabaseClean/camel-1.6/org.apache.camel.component.cxf.MessageInvoker.txt,0
./DatabaseClean/camel-1.6/org.apache.camel.management.InstrumentationLifecycleStrategy.txt,1
./DatabaseClean/camel-1.6/org.apache.camel.language.NamespacePrefix.txt,0
./DatabaseClean/camel-1.6/org.apache.camel.component.file.strategy.NoOpFileProcessStrategy.txt,0
./DatabaseClean/camel-1.6/org.apache.camel.spi.LifecycleStrategy.txt,0
./DatabaseClean/camel-1.6/org.apache.camel.language.IllegalSyntaxException.txt,0
./DatabaseClean/camel-1.6/org.apache.camel.model.language.GroovyExpression.txt,0
./DatabaseClean/camel-1.6/org.apache.camel.model.LoggingLevel.txt,0
./DatabaseClean/camel-1.6/org.apache.camel.component.jcr.JcrEndpoint.txt,0
./DatabaseClean/camel-1.6/org.apache.camel.impl.converter.TypeConverterRegistry.txt,0
./DatabaseClean/camel-1.6/org.apache.camel.model.dataformat.CsvDataFormat.txt,1
./DatabaseClean/camel-1.6/org.apache.camel.component.mail.MailBinding.txt,0
./DatabaseClean/camel-1.6/org.apache.camel.component.http.HttpClientConfigurer.txt,0
./DatabaseClean/camel-1.6/org.apache.camel.component.list.ListComponent.txt,0
./DatabaseClean/camel-1.6/org.apache.camel.processor.Resequencer.txt,1
./DatabaseClean/camel-1.6/org.apache.camel.component.cxf.CamelInvoker.txt,0
./DatabaseClean/camel-1.6/org.apache.camel.component.cxf.interceptors.SoapMessageInInterceptor.txt,0
./DatabaseClean/camel-1.6/org.apache.camel.component.jpa.TransactionStrategy.txt,0
./DatabaseClean/camel-1.6/org.apache.camel.processor.interceptor.DebugInterceptor.txt,0
./DatabaseClean/camel-1.6/org.apache.camel.Producer.txt,0
./DatabaseClean/camel-1.6/org.apache.camel.model.RoutingSlipType.txt,0
./DatabaseClean/camel-1.6/org.apache.camel.builder.PredicateSupport.txt,0
./DatabaseClean/camel-1.6/org.apache.camel.component.cxf.util.NullDestination.txt,0
./DatabaseClean/camel-1.6/org.apache.camel.component.cxf.DataFormat.txt,0
./DatabaseClean/camel-1.6/org.apache.camel.model.HandleFaultType.txt,0
./DatabaseClean/camel-1.6/org.apache.camel.component.jmx.JMXMessage.txt,0
./DatabaseClean/camel-1.6/org.apache.camel.component.bean.ParameterMappingStrategy.txt,0
./DatabaseClean/camel-1.6/org.apache.camel.language.LanguageExpression.txt,0
./DatabaseClean/camel-1.6/org.apache.camel.builder.script.ScriptLanguageResolver.txt,0
./DatabaseClean/camel-1.6/org.apache.camel.management.ManagedEndpoint.txt,0
./DatabaseClean/camel-1.6/org.apache.camel.model.MulticastType.txt,0
./DatabaseClean/camel-1.6/org.apache.camel.component.irc.IrcEndpoint.txt,0
./DatabaseClean/camel-1.6/org.apache.camel.component.restlet.converter.RestletConverter.txt,0
./DatabaseClean/camel-1.6/org.apache.camel.component.event.EventEndpoint.txt,0
./DatabaseClean/camel-1.6/org.apache.camel.model.Block.txt,0
./DatabaseClean/camel-1.6/org.apache.camel.converter.ObjectConverter.txt,1
./DatabaseClean/camel-1.6/org.apache.camel.AsyncCallback.txt,1
./DatabaseClean/camel-1.6/org.apache.camel.spring.Main.txt,0
./DatabaseClean/camel-1.6/org.apache.camel.language.jxpath.JXPathLanguage.txt,0
./DatabaseClean/camel-1.6/org.apache.camel.component.ibatis.IBatisProducer.txt,0
./DatabaseClean/camel-1.6/org.apache.camel.builder.Builder.txt,1
./DatabaseClean/camel-1.6/org.apache.camel.processor.interceptor.StreamCachingInterceptor.txt,1
./DatabaseClean/camel-1.6/org.apache.camel.component.spring.integration.SpringIntegrationExchange.txt,0
./DatabaseClean/camel-1.6/org.apache.camel.InvalidPayloadException.txt,1
./DatabaseClean/camel-1.6/org.apache.camel.model.dataformat.ArtixDSDataFormat.txt,0
./DatabaseClean/camel-1.6/org.apache.camel.component.http.HttpConverter.txt,0
./DatabaseClean/camel-1.6/org.apache.camel.model.IdentifiedType.txt,0
./DatabaseClean/camel-1.6/org.apache.camel.component.event.EventComponent.txt,0
./DatabaseClean/camel-1.6/org.apache.camel.component.jpa.QueryFactory.txt,0
./DatabaseClean/camel-1.6/org.apache.camel.processor.resequencer.ElementComparator.txt,0
./DatabaseClean/camel-1.6/org.apache.camel.component.cxf.interceptors.SoapMessageOutInterceptor.txt,0
./DatabaseClean/camel-1.6/org.apache.camel.language.juel.EL.txt,0
./DatabaseClean/camel-1.6/org.apache.camel.processor.loadbalancer.LoadBalancer.txt,0
./DatabaseClean/camel-1.6/org.apache.camel.HeaderFilterStrategyAware.txt,0
./DatabaseClean/camel-1.6/org.apache.camel.spring.remoting.CamelProxyFactoryBean.txt,0
./DatabaseClean/camel-1.6/org.apache.camel.language.groovy.GroovyLanguage.txt,0
./DatabaseClean/camel-1.6/org.apache.camel.model.language.ELExpression.txt,0
./DatabaseClean/camel-1.6/org.apache.camel.InOut.txt,0
./DatabaseClean/camel-1.6/org.apache.camel.component.bean.NoBeanAvailableException.txt,0
./DatabaseClean/camel-1.6/org.apache.camel.model.language.XQueryExpression.txt,0
./DatabaseClean/camel-1.6/org.apache.camel.processor.Delayer.txt,1
./DatabaseClean/camel-1.6/org.apache.camel.component.test.TestEndpoint.txt,0
./DatabaseClean/camel-1.6/org.apache.camel.language.juel.BeanAndMethodELResolver.txt,0
./DatabaseClean/camel-1.6/org.apache.camel.component.jhc.JhcServerEngineFactory.txt,0
./DatabaseClean/camel-1.6/org.apache.camel.model.ProceedType.txt,1
./DatabaseClean/camel-1.6/org.apache.camel.converter.jaxp.StringSource.txt,0
./DatabaseClean/camel-1.6/org.apache.camel.model.SendType.txt,0
./DatabaseClean/camel-1.6/org.apache.camel.builder.script.ScriptLanguage.txt,0
./DatabaseClean/camel-1.6/org.apache.camel.CamelContext.txt,1
./DatabaseClean/camel-1.6/org.apache.camel.component.http.HttpEndpoint.txt,0
./DatabaseClean/camel-1.6/org.apache.camel.processor.DeadLetterChannel.txt,1
./DatabaseClean/camel-1.6/org.apache.camel.RuntimeExchangeException.txt,1
./DatabaseClean/camel-1.6/org.apache.camel.component.http.CamelServlet.txt,0
./DatabaseClean/camel-1.6/org.apache.camel.model.config.BatchResequencerConfig.txt,0
./DatabaseClean/camel-1.6/org.apache.camel.processor.resequencer.SequenceSender.txt,0
./DatabaseClean/camel-1.6/org.apache.camel.language.Bean.txt,0
./DatabaseClean/camel-1.6/org.apache.camel.ResolveEndpointFailedException.txt,1
./DatabaseClean/camel-1.6/org.apache.camel.InvalidTypeException.txt,0
./DatabaseClean/camel-1.6/org.apache.camel.model.ThrowFaultType.txt,0
./DatabaseClean/camel-1.6/org.apache.camel.model.dataformat.HL7DataFormat.txt,1
./DatabaseClean/camel-1.6/org.apache.camel.model.ExceptionType.txt,0
./DatabaseClean/camel-1.6/org.apache.camel.bam.model.ProcessInstance.txt,0
./DatabaseClean/camel-1.6/org.apache.camel.spring.SpringRouteBuilder.txt,0
./DatabaseClean/camel-1.6/org.apache.camel.spring.handler.CamelNamespaceHandler.txt,0
./DatabaseClean/camel-1.6/org.apache.camel.builder.ExpressionClause.txt,1
./DatabaseClean/camel-1.6/org.apache.camel.component.file.strategy.FileProcessStrategyFactory.txt,1
./DatabaseClean/camel-1.6/org.apache.camel.component.file.remote.SftpUtils.txt,0
./DatabaseClean/camel-1.6/org.apache.camel.processor.loadbalancer.QueueLoadBalancer.txt,0
./DatabaseClean/camel-1.6/org.apache.camel.management.Counter.txt,0
./DatabaseClean/camel-1.6/org.apache.camel.component.cxf.spring.CxfEndpointBeanDefinitionParser.txt,0
./DatabaseClean/camel-1.6/org.apache.camel.component.jms.JmsQueueEndpoint.txt,0
./DatabaseClean/camel-1.6/org.apache.camel.component.irc.IrcProducer.txt,0
./DatabaseClean/camel-1.6/org.apache.camel.component.jms.JmsComponent.txt,0
./DatabaseClean/camel-1.6/org.apache.camel.model.RouteBuilderRef.txt,0
./DatabaseClean/camel-1.6/org.apache.camel.component.restlet.MethodBasedRouter.txt,0
./DatabaseClean/camel-1.6/org.apache.camel.component.ibatis.IBatisComponent.txt,0
./DatabaseClean/camel-1.6/org.apache.camel.spring.spi.ApplicationContextRegistry.txt,0
./DatabaseClean/camel-1.6/org.apache.camel.converter.stream.StreamCacheConverter.txt,1
./DatabaseClean/camel-1.6/org.apache.camel.component.file.remote.RemoteFileProducer.txt,0
./DatabaseClean/camel-1.6/org.apache.camel.component.bean.AmbiguousMethodCallException.txt,0
./DatabaseClean/camel-1.6/org.apache.camel.impl.DefaultConsumer.txt,1
./DatabaseClean/camel-1.6/org.apache.camel.component.xmpp.XmppComponent.txt,0
./DatabaseClean/camel-1.6/org.apache.camel.spi.Provider.txt,0
./DatabaseClean/camel-1.6/org.apache.camel.component.bean.BeanComponent.txt,0
./DatabaseClean/camel-1.6/org.apache.camel.model.ExpressionSubElementType.txt,0
./DatabaseClean/camel-1.6/org.apache.camel.view.ModelFileGenerator.txt,1
./DatabaseClean/camel-1.6/org.apache.camel.component.spring.integration.SpringIntegrationMessage.txt,0
./DatabaseClean/camel-1.6/org.apache.camel.processor.resequencer.DefaultExchangeComparator.txt,0
./DatabaseClean/camel-1.6/org.apache.camel.converter.jaxb.IntegerHeader.txt,0
./DatabaseClean/camel-1.6/org.apache.camel.util.MessageHelper.txt,1
./DatabaseClean/camel-1.6/org.apache.camel.processor.interceptor.TraceFormatter.txt,0
./DatabaseClean/camel-1.6/org.apache.camel.model.InterceptorRef.txt,0
./DatabaseClean/camel-1.6/org.apache.camel.language.constant.ConstantLanguage.txt,0
./DatabaseClean/camel-1.6/org.apache.camel.component.xmpp.XmppConsumer.txt,0
./DatabaseClean/camel-1.6/org.apache.camel.CamelTemplate.txt,0
./DatabaseClean/camel-1.6/org.apache.camel.component.validator.jing.RelaxNGCompactSyntaxComponent.txt,0
./DatabaseClean/camel-1.6/org.apache.camel.builder.xml.StringResultHandler.txt,0
./DatabaseClean/camel-1.6/org.apache.camel.component.jhc.JhcConverter.txt,0
./DatabaseClean/camel-1.6/org.apache.camel.component.cxf.interceptors.RawMessageContentRedirectInterceptor.txt,0
./DatabaseClean/camel-1.6/org.apache.camel.converter.IOConverter.txt,1
./DatabaseClean/camel-1.6/org.apache.camel.component.jpa.JpaConsumer.txt,0
./DatabaseClean/camel-1.6/org.apache.camel.model.language.PythonExpression.txt,0
./DatabaseClean/camel-1.6/org.apache.camel.management.ManagedService.txt,0
./DatabaseClean/camel-1.6/org.apache.camel.component.file.strategy.DeleteFileProcessStrategy.txt,0
./DatabaseClean/camel-1.6/org.apache.camel.component.atom.AtomConverter.txt,0
./DatabaseClean/camel-1.6/org.apache.camel.model.language.SimpleExpression.txt,0
./DatabaseClean/camel-1.6/org.apache.camel.Consumer.txt,0
./DatabaseClean/camel-1.6/org.apache.camel.spi.RouteContext.txt,1
./DatabaseClean/camel-1.6/org.apache.camel.component.jms.JmsPollingConsumer.txt,0
./DatabaseClean/camel-1.6/org.apache.camel.view.RouteDotGenerator.txt,0
./DatabaseClean/camel-1.6/org.apache.camel.builder.xml.InvalidXPathExpression.txt,0
./DatabaseClean/camel-1.6/org.apache.camel.component.cxf.feature.MessageInvokerInterceptor.txt,0
./DatabaseClean/camel-1.6/org.apache.camel.util.jndi.JndiContext.txt,0
./DatabaseClean/camel-1.6/org.apache.camel.builder.script.Groovy.txt,0
./DatabaseClean/camel-1.6/org.apache.camel.converter.jaxp.StaxConverter.txt,0
./DatabaseClean/camel-1.6/org.apache.camel.component.jhc.JhcProducer.txt,0
./DatabaseClean/camel-1.6/org.apache.camel.processor.validation.DefaultValidationErrorHandler.txt,1
./DatabaseClean/camel-1.6/org.apache.camel.bam.model.ActivityDefinition.txt,0
./DatabaseClean/camel-1.6/org.apache.camel.component.xmpp.XmppMessage.txt,0
./DatabaseClean/camel-1.6/org.apache.camel.impl.ExpressionSupport.txt,0
./DatabaseClean/camel-1.6/org.apache.camel.model.SplitterType.txt,0
./DatabaseClean/camel-1.6/org.apache.camel.component.file.remote.FtpEndpoint.txt,0
./DatabaseClean/camel-1.6/org.apache.camel.impl.DefaultMessage.txt,1
./DatabaseClean/camel-1.6/org.apache.camel.spring.CamelBeanPostProcessor.txt,0
./DatabaseClean/camel-1.6/org.apache.camel.processor.RedeliveryPolicy.txt,1
./DatabaseClean/camel-1.6/org.apache.camel.component.cxf.feature.MessageDataFormatFeature.txt,0
./DatabaseClean/camel-1.6/org.apache.camel.osgi.CamelContextFactoryBean.txt,0
./DatabaseClean/camel-1.6/org.apache.camel.processor.RecipientList.txt,0
./DatabaseClean/camel-1.6/org.apache.camel.component.stream.StreamConsumer.txt,0
./DatabaseClean/camel-1.6/org.apache.camel.spring.CamelServiceExporterType.txt,0
./DatabaseClean/camel-1.6/org.apache.camel.builder.DataFormatClause.txt,1
./DatabaseClean/camel-1.6/org.apache.camel.component.rmi.RmiProducer.txt,0
./DatabaseClean/camel-1.6/org.apache.camel.model.RemovePropertyType.txt,0
./DatabaseClean/camel-1.6/org.apache.camel.model.InterceptType.txt,1
./DatabaseClean/camel-1.6/org.apache.camel.component.file.remote.RemoteFileEndpoint.txt,0
./DatabaseClean/camel-1.6/org.apache.camel.impl.DefaultExchangeConverter.txt,0
./DatabaseClean/camel-1.6/org.apache.camel.spring.spi.SpringConverters.txt,0
./DatabaseClean/camel-1.6/org.apache.camel.component.jms.ConsumerType.txt,0
./DatabaseClean/camel-1.6/org.apache.camel.component.file.remote.FtpConsumer.txt,0
./DatabaseClean/camel-1.6/org.apache.camel.component.quartz.QuartzExchange.txt,0
./DatabaseClean/camel-1.6/org.apache.camel.converter.CollectionConverter.txt,0
./DatabaseClean/camel-1.6/org.apache.camel.component.validator.SpringValidator.txt,0
./DatabaseClean/camel-1.6/org.apache.camel.processor.resequencer.Sequence.txt,0
./DatabaseClean/camel-1.6/org.apache.camel.component.spring.integration.adapter.config.NamespaceHandler.txt,0
./DatabaseClean/camel-1.6/org.apache.camel.impl.EventDrivenConsumerRoute.txt,0
./DatabaseClean/camel-1.6/org.apache.camel.util.ExchangeHelper.txt,1
./DatabaseClean/camel-1.6/org.apache.camel.component.cxf.AsyncProcessorDecorator.txt,0
./DatabaseClean/camel-1.6/org.apache.camel.component.jpa.DeleteHandler.txt,0
./DatabaseClean/camel-1.6/org.apache.camel.util.DefaultTimeoutMap.txt,0
./DatabaseClean/camel-1.6/org.apache.camel.util.IOHelper.txt,1
./DatabaseClean/camel-1.6/org.apache.camel.impl.ProducerTemplateProcessor.txt,0
./DatabaseClean/camel-1.6/org.apache.camel.NoSuchEndpointException.txt,1
./DatabaseClean/camel-1.6/org.apache.camel.component.jms.MessagePropertyNamesAccessException.txt,0
./DatabaseClean/camel-1.6/org.apache.camel.util.UnsafeUriCharactersEncoder.txt,0
./DatabaseClean/camel-1.6/org.apache.camel.Pattern.txt,0
./DatabaseClean/camel-1.6/org.apache.camel.InvalidPayloadRuntimeException.txt,1
./DatabaseClean/camel-1.6/org.apache.camel.processor.StreamResequencer.txt,1
./DatabaseClean/camel-1.6/org.apache.camel.component.sql.SqlEndpoint.txt,0
./DatabaseClean/camel-1.6/org.apache.camel.component.vm.VmComponent.txt,0
./DatabaseClean/camel-1.6/org.apache.camel.component.jms.QueueBrowseStrategy.txt,0
./DatabaseClean/camel-1.6/org.apache.camel.CamelContextAware.txt,1
./DatabaseClean/camel-1.6/org.apache.camel.builder.ErrorHandlerBuilderSupport.txt,1
./DatabaseClean/camel-1.6/org.apache.camel.component.seda.SedaComponent.txt,0
./DatabaseClean/camel-1.6/org.apache.camel.component.cxf.invoker.InvokingContextFactory.txt,0
./DatabaseClean/camel-1.6/org.apache.camel.component.jms.JmsEndpoint.txt,0
./DatabaseClean/camel-1.6/org.apache.camel.component.atom.AtomProducer.txt,0
./DatabaseClean/camel-1.6/org.apache.camel.processor.UnmarshalProcessor.txt,1
./DatabaseClean/camel-1.6/org.apache.camel.util.ValueHolder.txt,0
./DatabaseClean/camel-1.6/org.apache.camel.component.cxf.CxfSoapBinding.txt,0
./DatabaseClean/camel-1.6/org.apache.camel.model.SetPropertyType.txt,0
./DatabaseClean/camel-1.6/org.apache.camel.impl.DefaultEndpoint.txt,1
./DatabaseClean/camel-1.6/org.apache.camel.Converter.txt,0
./DatabaseClean/camel-1.6/org.apache.camel.component.http.BasicAuthenticationHttpClientConfigurer.txt,0
./DatabaseClean/camel-1.6/org.apache.camel.impl.ProducerCache.txt,1
./DatabaseClean/camel-1.6/org.apache.camel.util.MainSupport.txt,0
./DatabaseClean/camel-1.6/org.apache.camel.Properties.txt,0
./DatabaseClean/camel-1.6/org.apache.camel.util.ExpressionComparator.txt,0
./DatabaseClean/camel-1.6/org.apache.camel.model.dataformat.XStreamDataFormat.txt,1
./DatabaseClean/camel-1.6/org.apache.camel.model.Description.txt,0
./DatabaseClean/camel-1.6/org.apache.camel.component.validator.jing.JingValidator.txt,0
./DatabaseClean/camel-1.6/org.apache.camel.component.spring.integration.adapter.AbstractCamelAdapter.txt,0
./DatabaseClean/camel-1.6/org.apache.camel.Headers.txt,0
./DatabaseClean/camel-1.6/org.apache.camel.spring.handler.ScriptDefinitionParser.txt,0
./DatabaseClean/camel-1.6/org.apache.camel.model.dataformat.DataFormatsType.txt,0
./DatabaseClean/camel-1.6/org.apache.camel.component.bean.ParameterInfo.txt,0
./DatabaseClean/camel-1.6/org.apache.camel.component.rmi.RmiConsumer.txt,0
./DatabaseClean/camel-1.6/org.apache.camel.component.mina.MinaPayloadHolder.txt,0
./DatabaseClean/camel-1.6/org.apache.camel.builder.sql.SQL.txt,0
./DatabaseClean/camel-1.6/org.apache.camel.component.jms.requestor.ReplyHandler.txt,0
./DatabaseClean/camel-1.6/org.apache.camel.component.jms.DestinationTransformProcessor.txt,0
./DatabaseClean/camel-1.6/org.apache.camel.component.spring.integration.adapter.CamelTargetAdapter.txt,0
./DatabaseClean/camel-1.6/org.apache.camel.component.spring.integration.adapter.CamelSourceAdapter.txt,0
./DatabaseClean/camel-1.6/org.apache.camel.spring.EndpointFactoryBean.txt,0
./DatabaseClean/camel-1.6/org.apache.camel.util.SystemHelper.txt,0
./DatabaseClean/camel-1.6/org.apache.camel.language.LanguageAnnotation.txt,0
./DatabaseClean/camel-1.6/org.apache.camel.model.dataformat.JaxbDataFormat.txt,1
./DatabaseClean/camel-1.6/org.apache.camel.osgi.OsgiFactoryFinder.txt,0
./DatabaseClean/camel-1.6/org.apache.camel.language.jxpath.JXPathExpression.txt,0
./DatabaseClean/camel-1.6/org.apache.camel.component.file.FileExchange.txt,0
./DatabaseClean/camel-1.6/org.apache.camel.builder.xml.MessageVariableResolver.txt,0
./DatabaseClean/camel-1.6/org.apache.camel.spi.InstrumentationAgent.txt,0
./DatabaseClean/camel-1.6/org.apache.camel.component.ResourceBasedComponent.txt,0
./DatabaseClean/camel-1.6/org.apache.camel.component.irc.IrcComponent.txt,0
./DatabaseClean/camel-1.6/org.apache.camel.spring.factory.BeanEndpointFactory.txt,0
./DatabaseClean/camel-1.6/org.apache.camel.component.log.LogFormatter.txt,1
./DatabaseClean/camel-1.6/org.apache.camel.processor.ErrorHandler.txt,0
./DatabaseClean/camel-1.6/org.apache.camel.component.rmi.RmiRegistryBean.txt,0
./DatabaseClean/camel-1.6/org.apache.camel.model.WhenType.txt,0
./DatabaseClean/camel-1.6/org.apache.camel.Routes.txt,1
./DatabaseClean/camel-1.6/org.apache.camel.component.validator.ValidatorComponent.txt,0
./DatabaseClean/camel-1.6/org.apache.camel.builder.xml.StreamResultHandler.txt,0
./DatabaseClean/camel-1.6/org.apache.camel.component.velocity.VelocityComponent.txt,0
./DatabaseClean/camel-1.6/org.apache.camel.model.FromType.txt,0
./DatabaseClean/camel-1.6/org.apache.camel.component.quartz.QuartzEndpoint.txt,0
./DatabaseClean/camel-1.6/org.apache.camel.osgi.OsgiComponentResolver.txt,0
./DatabaseClean/camel-1.6/org.apache.camel.component.jms.requestor.FailedToProcessResponse.txt,0
./DatabaseClean/camel-1.6/org.apache.camel.component.uface.UFaceComponent.txt,0
./DatabaseClean/camel-1.6/org.apache.camel.builder.PredicateBuilder.txt,0
./DatabaseClean/camel-1.6/org.apache.camel.builder.xml.XPathBuilder.txt,1
./DatabaseClean/camel-1.6/org.apache.camel.management.ManagedRoute.txt,0
./DatabaseClean/camel-1.6/org.apache.camel.util.ObjectHelper.txt,1
./DatabaseClean/camel-1.6/org.apache.camel.model.language.BeanShellExpression.txt,0
./DatabaseClean/camel-1.6/org.apache.camel.component.http.HttpConsumer.txt,0
./DatabaseClean/camel-1.6/org.apache.camel.language.ognl.OgnlExpression.txt,0
./DatabaseClean/camel-1.6/org.apache.camel.impl.CamelPostProcessorHelper.txt,0
./DatabaseClean/camel-1.6/org.apache.camel.impl.DefaultHeaderFilterStrategy.txt,1
./DatabaseClean/camel-1.6/org.apache.camel.model.OtherwiseType.txt,0
./DatabaseClean/camel-1.6/org.apache.camel.model.InOutType.txt,0
./DatabaseClean/camel-1.6/org.apache.camel.component.jhc.JhcComponent.txt,0
./DatabaseClean/camel-1.6/org.apache.camel.processor.validation.ValidatorErrorHandler.txt,1
./DatabaseClean/camel-1.6/org.apache.camel.builder.ProcessorFactory.txt,0
./DatabaseClean/camel-1.6/org.apache.camel.component.jcr.JcrComponent.txt,0
./DatabaseClean/camel-1.6/org.apache.camel.component.atom.AtomUtils.txt,0
./DatabaseClean/camel-1.6/org.apache.camel.component.stream.StreamProducer.txt,0
./DatabaseClean/camel-1.6/org.apache.camel.spring.CamelJMXAgentType.txt,0
./DatabaseClean/camel-1.6/org.apache.camel.component.jhc.JhcExchange.txt,0
./DatabaseClean/camel-1.6/org.apache.camel.component.uface.UFaceBrowser.txt,0
./DatabaseClean/camel-1.6/org.apache.camel.spi.ComponentResolver.txt,0
./DatabaseClean/camel-1.6/org.apache.camel.processor.interceptor.ExchangeFormatter.txt,0
./DatabaseClean/camel-1.6/org.apache.camel.processor.idempotent.IdempotentConsumer.txt,1
./DatabaseClean/camel-1.6/org.apache.camel.component.jhc.JhcConsumer.txt,0
./DatabaseClean/camel-1.6/org.apache.camel.builder.NoRouteBuilder.txt,0
./DatabaseClean/camel-1.6/org.apache.camel.impl.converter.ToStringTypeConverter.txt,0
./DatabaseClean/camel-1.6/org.apache.camel.model.PipelineType.txt,0
./DatabaseClean/camel-1.6/org.apache.camel.model.RouteContainer.txt,0
./DatabaseClean/camel-1.6/org.apache.camel.model.SetExchangePatternType.txt,0
./DatabaseClean/camel-1.6/org.apache.camel.component.rmi.RmiComponent.txt,0
./DatabaseClean/camel-1.6/org.apache.camel.spi.BrowsableEndpoint.txt,0
./DatabaseClean/camel-1.6/org.apache.camel.component.bean.MethodBean.txt,0
./DatabaseClean/camel-1.6/org.apache.camel.component.file.strategy.FileProcessStrategySupport.txt,0
./DatabaseClean/camel-1.6/org.apache.camel.builder.script.PHP.txt,0
./DatabaseClean/camel-1.6/org.apache.camel.builder.LoggingErrorHandlerBuilder.txt,1
./DatabaseClean/camel-1.6/org.apache.camel.component.jpa.JpaEndpoint.txt,0
./DatabaseClean/camel-1.6/org.apache.camel.model.SetOutHeaderType.txt,0
./DatabaseClean/camel-1.6/org.apache.camel.impl.StringDataFormat.txt,0
./DatabaseClean/camel-1.6/org.apache.camel.processor.resequencer.TimeoutHandler.txt,0
./DatabaseClean/camel-1.6/org.apache.camel.InOnly.txt,0
./DatabaseClean/camel-1.6/org.apache.camel.builder.xml.StreamResultHandlerFactory.txt,0
./DatabaseClean/camel-1.6/org.apache.camel.model.language.JXPathExpression.txt,0
./DatabaseClean/camel-1.6/org.apache.camel.builder.xml.ResultHandlerFactory.txt,0
./DatabaseClean/camel-1.6/org.apache.camel.management.InstrumentationProcessor.txt,1
./DatabaseClean/camel-1.6/org.apache.camel.component.jms.EndpointMessageListener.txt,0
./DatabaseClean/camel-1.6/org.apache.camel.processor.ThrowFaultProcessor.txt,0
./DatabaseClean/camel-1.6/org.apache.camel.component.freemarker.FreemarkerEndpoint.txt,0
./DatabaseClean/camel-1.6/org.apache.camel.component.event.CamelEvent.txt,0
./DatabaseClean/camel-1.6/org.apache.camel.impl.converter.AnnotationTypeConverterLoader.txt,1
./DatabaseClean/camel-1.6/org.apache.camel.component.timer.TimerConsumer.txt,0
./DatabaseClean/camel-1.6/org.apache.camel.component.http.HttpOperationFailedException.txt,0
./DatabaseClean/camel-1.6/org.apache.camel.component.cxf.spring.NamespaceHandler.txt,0
./DatabaseClean/camel-1.6/org.apache.camel.model.OptionalIdentifiedType.txt,0
./DatabaseClean/camel-1.6/org.apache.camel.model.language.XPathExpression.txt,0
./DatabaseClean/camel-1.6/org.apache.camel.component.bean.MethodInvocation.txt,0
./DatabaseClean/camel-1.6/org.apache.camel.impl.BinaryPredicateSupport.txt,0
./DatabaseClean/camel-1.6/org.apache.camel.model.config.StreamResequencerConfig.txt,0
./DatabaseClean/camel-1.6/org.apache.camel.component.ibatis.IBatisEndpoint.txt,0
./DatabaseClean/camel-1.6/org.apache.camel.spi.Synchronization.txt,1
./DatabaseClean/camel-1.6/org.apache.camel.util.UuidGenerator.txt,1
./DatabaseClean/camel-1.6/org.apache.camel.util.ResolverUtil.txt,1
./DatabaseClean/camel-1.6/org.apache.camel.component.irc.IrcConfiguration.txt,0
./DatabaseClean/camel-1.6/org.apache.camel.component.irc.IrcMessage.txt,0
./DatabaseClean/camel-1.6/org.apache.camel.component.atom.AtomEntryPollingConsumer.txt,0
./DatabaseClean/camel-1.6/org.apache.camel.component.file.remote.SftpProducer.txt,0
./DatabaseClean/camel-1.6/org.apache.camel.Component.txt,0
./DatabaseClean/camel-1.6/org.apache.camel.component.file.FileComponent.txt,1
./DatabaseClean/camel-1.6/org.apache.camel.component.mail.MailMessage.txt,0
./DatabaseClean/camel-1.6/org.apache.camel.ExchangeTimedOutException.txt,0
./DatabaseClean/camel-1.6/org.apache.camel.component.cxf.invoker.PayloadInvokingContext.txt,0
./DatabaseClean/camel-1.6/org.apache.camel.Route.txt,0
./DatabaseClean/camel-1.6/org.apache.camel.bam.processor.JpaBamProcessor.txt,0
./DatabaseClean/camel-1.6/org.apache.camel.component.sql.SqlComponent.txt,0
./DatabaseClean/camel-1.6/org.apache.camel.util.ExpressionHelper.txt,0
./DatabaseClean/camel-1.6/org.apache.camel.MessageDriven.txt,0
./DatabaseClean/camel-1.6/org.apache.camel.bam.processor.NoCorrelationKeyException.txt,0
./DatabaseClean/camel-1.6/org.apache.camel.component.file.remote.RemoteFileConverter.txt,0
./DatabaseClean/camel-1.6/org.apache.camel.component.hl7.HL7MLLPCodec.txt,0
./DatabaseClean/camel-1.6/org.apache.camel.converter.stream.StreamCache.txt,0
./DatabaseClean/camel-1.6/org.apache.camel.model.FinallyType.txt,0
./DatabaseClean/camel-1.6/org.apache.camel.model.ServiceActivationType.txt,0
./DatabaseClean/camel-1.6/org.apache.camel.util.jndi.CamelInitialContextFactory.txt,1
./DatabaseClean/camel-1.6/org.apache.camel.converter.jaxb.ExchangeType.txt,0
./DatabaseClean/camel-1.6/org.apache.camel.component.mail.MailEndpoint.txt,0
./DatabaseClean/camel-1.6/org.apache.camel.spring.handler.BeanDefinitionParser.txt,0
./DatabaseClean/camel-1.6/org.apache.camel.component.file.remote.FtpUtils.txt,0
./DatabaseClean/camel-1.6/org.apache.camel.component.cxf.CxfHeaderFilterStrategy.txt,0
./DatabaseClean/camel-1.6/org.apache.camel.dataformat.xstream.AbstractXStreamWrapper.txt,0
./DatabaseClean/camel-1.6/org.apache.camel.component.stringtemplate.StringTemplateComponent.txt,0
./DatabaseClean/camel-1.6/org.apache.camel.builder.xml.DefaultNamespaceContext.txt,0
./DatabaseClean/camel-1.6/org.apache.camel.processor.aggregate.PredicateAggregationCollection.txt,0
./DatabaseClean/camel-1.6/org.apache.camel.component.mina.TextLineCodecFactory.txt,0
./DatabaseClean/camel-1.6/org.apache.camel.bam.rules.ActivityRules.txt,0
./DatabaseClean/camel-1.6/org.apache.camel.util.WebSphereResolverUtil.txt,1
./DatabaseClean/camel-1.6/org.apache.camel.component.bean.BeanInfo.txt,1
./DatabaseClean/camel-1.6/org.apache.camel.component.cxf.util.CxfEndpointUtils.txt,0
./DatabaseClean/camel-1.6/org.apache.camel.component.event.EventConsumer.txt,0
./DatabaseClean/camel-1.6/org.apache.camel.component.validator.jing.JingComponent.txt,0
./DatabaseClean/camel-1.6/org.apache.camel.processor.idempotent.MemoryMessageIdRepository.txt,0
./DatabaseClean/camel-1.6/org.apache.camel.component.velocity.VelocityEndpoint.txt,0
./DatabaseClean/camel-1.6/org.apache.camel.dataformat.hl7.HL7DataFormat.txt,0
./DatabaseClean/camel-1.6/org.apache.camel.component.xquery.XQueryLanguage.txt,0
./DatabaseClean/camel-1.6/org.apache.camel.model.RemoveHeaderType.txt,0
./DatabaseClean/camel-1.6/org.apache.camel.component.cxf.CxfBinding.txt,0
./DatabaseClean/camel-1.6/org.apache.camel.NoSuchLanguageException.txt,0
./DatabaseClean/camel-1.6/org.apache.camel.model.AggregatorType.txt,0
./DatabaseClean/camel-1.6/org.apache.camel.component.cxf.CxfExchange.txt,0
./DatabaseClean/camel-1.6/org.apache.camel.util.Time.txt,0
./DatabaseClean/camel-1.6/org.apache.camel.NoSuchPropertyException.txt,1
./DatabaseClean/camel-1.6/org.apache.camel.component.jpa.JpaTemplateTransactionStrategy.txt,0
./DatabaseClean/camel-1.6/org.apache.camel.component.bean.AnnotationExpressionFactory.txt,0
./DatabaseClean/camel-1.6/org.apache.camel.component.dataset.DataSetConsumer.txt,1
./DatabaseClean/camel-1.6/org.apache.camel.model.dataformat.SerializationDataFormat.txt,0
./DatabaseClean/camel-1.6/org.apache.camel.component.cxf.util.DataOutInterceptor.txt,0
./DatabaseClean/camel-1.6/org.apache.camel.Endpoint.txt,1
./DatabaseClean/camel-1.6/org.apache.camel.converter.jaxb.JaxbConverter.txt,0
./DatabaseClean/camel-1.6/org.apache.camel.component.mina.MinaProducer.txt,0
./DatabaseClean/camel-1.6/org.apache.camel.processor.Pipeline.txt,1
./DatabaseClean/camel-1.6/org.apache.camel.builder.xml.StringResultHandlerFactory.txt,0
./DatabaseClean/camel-1.6/org.apache.camel.component.jms.JmsMessage.txt,0
./DatabaseClean/camel-1.6/org.apache.camel.component.spring.integration.SpringIntegrationHelper.txt,0
./DatabaseClean/camel-1.6/org.apache.camel.ExchangeProperty.txt,1
./DatabaseClean/camel-1.6/org.apache.camel.component.http.helper.LoadingByteArrayOutputStream.txt,0
./DatabaseClean/camel-1.6/org.apache.camel.processor.CatchProcessor.txt,1
./DatabaseClean/camel-1.6/org.apache.camel.dataformat.xstream.JsonDataFormat.txt,0
./DatabaseClean/camel-1.6/org.apache.camel.processor.CompositeProcessor.txt,0
./DatabaseClean/camel-1.6/org.apache.camel.component.xquery.XQueryAnnotationExpressionFactory.txt,0
./DatabaseClean/camel-1.6/org.apache.camel.util.CollectionStringBuffer.txt,1
./DatabaseClean/camel-1.6/org.apache.camel.model.dataformat.DataFormatType.txt,1
./DatabaseClean/camel-1.6/org.apache.camel.converter.jaxp.BytesSource.txt,1
./DatabaseClean/camel-1.6/org.apache.camel.component.cxf.interceptors.FaultOutInterceptor.txt,0
./DatabaseClean/camel-1.6/org.apache.camel.component.bean.ProxyHelper.txt,0
./DatabaseClean/camel-1.6/org.apache.camel.component.jmx.JMXConsumer.txt,0
./DatabaseClean/camel-1.6/org.apache.camel.scala.dsl.languages.JXPath.txt,0
./DatabaseClean/camel-1.6/org.apache.camel.component.atom.EntryFilter.txt,0
./DatabaseClean/camel-1.6/org.apache.camel.model.LoadBalanceType.txt,0
./DatabaseClean/camel-1.6/org.apache.camel.bam.ProcessBuilder.txt,0
./DatabaseClean/camel-1.6/org.apache.camel.component.sql.SqlProducer.txt,0
./DatabaseClean/camel-1.6/org.apache.camel.PollingConsumer.txt,0
./DatabaseClean/camel-1.6/org.apache.camel.component.xquery.ResultFormat.txt,0
./DatabaseClean/camel-1.6/org.apache.camel.Processor.txt,0
./DatabaseClean/camel-1.6/org.apache.camel.model.SetBodyType.txt,0
./DatabaseClean/camel-1.6/org.apache.camel.processor.interceptor.Delayer.txt,1
./DatabaseClean/camel-1.6/org.apache.camel.dataformat.tagsoup.TidyMarkupDataFormat.txt,0
./DatabaseClean/camel-1.6/org.apache.camel.component.jhc.JhcServerEngine.txt,0
./DatabaseClean/camel-1.6/org.apache.camel.osgi.CamelNamespaceHandler.txt,0
./DatabaseClean/camel-1.6/org.apache.camel.component.cxf.util.NullConduitSelector.txt,0
./DatabaseClean/camel-1.6/org.apache.camel.component.cxf.util.NullConduit.txt,0
./DatabaseClean/camel-1.6/org.apache.camel.processor.loadbalancer.RoundRobinLoadBalancer.txt,1
./DatabaseClean/camel-1.6/org.apache.camel.model.language.OgnlExpression.txt,0
./DatabaseClean/camel-1.6/org.apache.camel.builder.script.Ruby.txt,0
./DatabaseClean/camel-1.6/org.apache.camel.Service.txt,0
./DatabaseClean/camel-1.6/org.apache.camel.component.restlet.DefaultRestletBinding.txt,0
./DatabaseClean/camel-1.6/org.apache.camel.builder.sql.SqlBuilder.txt,0
./DatabaseClean/camel-1.6/org.apache.camel.component.quartz.StatefulCamelJob.txt,0
./DatabaseClean/camel-1.6/org.apache.camel.converter.jaxb.PropertyType.txt,0
./DatabaseClean/camel-1.6/org.apache.camel.component.xslt.XsltComponent.txt,0
./DatabaseClean/camel-1.6/org.apache.camel.osgi.Activator.txt,0
./DatabaseClean/camel-1.6/org.apache.camel.Body.txt,0
./DatabaseClean/camel-1.6/org.apache.camel.bam.processor.ActivityMonitorEngine.txt,0
./DatabaseClean/camel-1.6/org.apache.camel.Expression.txt,0
./DatabaseClean/camel-1.6/org.apache.camel.converter.NIOConverter.txt,0
./DatabaseClean/camel-1.6/org.apache.camel.processor.ProceedProcessor.txt,1
./DatabaseClean/camel-1.6/org.apache.camel.component.jms.MessageJMSPropertyAccessException.txt,0
./DatabaseClean/camel-1.6/org.apache.camel.component.file.remote.RemoteFileBinding.txt,0
./DatabaseClean/camel-1.6/org.apache.camel.component.jhc.BufferingHttpServiceHandler.txt,0
./DatabaseClean/camel-1.6/org.apache.camel.component.jmx.JMXExchange.txt,0
./DatabaseClean/camel-1.6/org.apache.camel.spi.Injector.txt,0
./DatabaseClean/camel-1.6/org.apache.camel.util.concurrent.CountingLatch.txt,1
./DatabaseClean/camel-1.6/org.apache.camel.component.mail.MailUtils.txt,0
./DatabaseClean/camel-1.6/org.apache.camel.component.uface.swing.SwingBrowser.txt,0
./DatabaseClean/camel-1.6/org.apache.camel.component.jpa.QueryBuilder.txt,0
./DatabaseClean/camel-1.6/org.apache.camel.processor.interceptor.ExceptionEvent.txt,0
