file_path,label
./DatabaseClean/camel-1.2/org.apache.camel.component.irc.IrcErrorLogger.txt,0
./DatabaseClean/camel-1.2/org.apache.camel.ProducerTemplate.txt,1
./DatabaseClean/camel-1.2/org.apache.camel.impl.JndiRegistry.txt,0
./DatabaseClean/camel-1.2/org.apache.camel.processor.TryProcessor.txt,1
./DatabaseClean/camel-1.2/org.apache.camel.component.cxf.AsyncProcessorDecorator.txt,0
./DatabaseClean/camel-1.2/org.apache.camel.component.cxf.interceptors.DOMOutInterceptor.txt,0
./DatabaseClean/camel-1.2/org.apache.camel.processor.resequencer.Timeout.txt,0
./DatabaseClean/camel-1.2/org.apache.camel.component.seda.SedaEndpoint.txt,1
./DatabaseClean/camel-1.2/org.apache.camel.model.ChoiceType.txt,1
./DatabaseClean/camel-1.2/org.apache.camel.component.file.remote.FtpProducer.txt,0
./DatabaseClean/camel-1.2/org.apache.camel.CamelExchangeException.txt,1
./DatabaseClean/camel-1.2/org.apache.camel.model.WhenType.txt,1
./DatabaseClean/camel-1.2/org.apache.camel.model.ThrottlerType.txt,1
./DatabaseClean/camel-1.2/org.apache.camel.component.mail.MessageHeaderAccessException.txt,0
./DatabaseClean/camel-1.2/org.apache.camel.processor.ChoiceProcessor.txt,1
./DatabaseClean/camel-1.2/org.apache.camel.processor.loadbalancer.TopicLoadBalancer.txt,1
./DatabaseClean/camel-1.2/org.apache.camel.component.jms.JmsEndpoint.txt,0
./DatabaseClean/camel-1.2/org.apache.camel.language.simple.SimpleLanguage.txt,1
./DatabaseClean/camel-1.2/org.apache.camel.component.cxf.phase.AbstractPhaseManagerImpl.txt,0
./DatabaseClean/camel-1.2/org.apache.camel.util.ReportingTypeConverterLoader.txt,0
./DatabaseClean/camel-1.2/org.apache.camel.model.language.RubyExpression.txt,0
./DatabaseClean/camel-1.2/org.apache.camel.impl.DefaultEndpoint.txt,1
./DatabaseClean/camel-1.2/org.apache.camel.Converter.txt,0
./DatabaseClean/camel-1.2/org.apache.camel.processor.validation.ValidatingProcessor.txt,0
./DatabaseClean/camel-1.2/org.apache.camel.impl.DefaultLifecycleStrategy.txt,1
./DatabaseClean/camel-1.2/org.apache.camel.impl.CachingInjector.txt,1
./DatabaseClean/camel-1.2/org.apache.camel.Headers.txt,0
./DatabaseClean/camel-1.2/org.apache.camel.component.irc.IrcBinding.txt,0
./DatabaseClean/camel-1.2/org.apache.camel.bam.processor.ProcessContext.txt,0
./DatabaseClean/camel-1.2/org.apache.camel.processor.resequencer.ResequencerEngine.txt,1
./DatabaseClean/camel-1.2/org.apache.camel.RuntimeCamelException.txt,1
./DatabaseClean/camel-1.2/org.apache.camel.processor.resequencer.Element.txt,0
./DatabaseClean/camel-1.2/org.apache.camel.impl.converter.ArrayTypeConverter.txt,1
./DatabaseClean/camel-1.2/org.apache.camel.management.PerformanceCounter.txt,0
./DatabaseClean/camel-1.2/org.apache.camel.component.direct.DirectEndpoint.txt,1
./DatabaseClean/camel-1.2/org.apache.camel.spring.spi.SpringTransactionPolicy.txt,0
./DatabaseClean/camel-1.2/org.apache.camel.builder.NoErrorHandlerBuilder.txt,1
./DatabaseClean/camel-1.2/org.apache.camel.processor.loadbalancer.LoadBalancer.txt,0
./DatabaseClean/camel-1.2/org.apache.camel.spring.remoting.CamelProxyFactoryBean.txt,0
./DatabaseClean/camel-1.2/org.apache.camel.processor.Throttler.txt,0
./DatabaseClean/camel-1.2/org.apache.camel.model.language.ELExpression.txt,0
./DatabaseClean/camel-1.2/org.apache.camel.processor.Delayer.txt,0
./DatabaseClean/camel-1.2/org.apache.camel.spring.EndpointFactoryBean.txt,0
./DatabaseClean/camel-1.2/org.apache.camel.component.cxf.spring.CxfEndpointBean.txt,0
./DatabaseClean/camel-1.2/org.apache.camel.model.RedeliveryPolicyType.txt,1
./DatabaseClean/camel-1.2/org.apache.camel.processor.loadbalancer.LoadBalancerSupport.txt,1
./DatabaseClean/camel-1.2/org.apache.camel.processor.DeadLetterChannel.txt,1
./DatabaseClean/camel-1.2/org.apache.camel.component.cxf.util.UriUtils.txt,0
./DatabaseClean/camel-1.2/org.apache.camel.processor.resequencer.SequenceSender.txt,1
./DatabaseClean/camel-1.2/org.apache.camel.processor.Interceptor.txt,0
./DatabaseClean/camel-1.2/org.apache.camel.spi.InstrumentationAgent.txt,1
./DatabaseClean/camel-1.2/org.apache.camel.ResolveEndpointFailedException.txt,0
./DatabaseClean/camel-1.2/org.apache.camel.component.file.FileEndpoint.txt,1
./DatabaseClean/camel-1.2/org.apache.camel.language.juel.JuelLanguage.txt,0
./DatabaseClean/camel-1.2/org.apache.camel.impl.DefaultProducer.txt,0
./DatabaseClean/camel-1.2/org.apache.camel.model.ExceptionType.txt,1
./DatabaseClean/camel-1.2/org.apache.camel.spring.SpringRouteBuilder.txt,0
./DatabaseClean/camel-1.2/org.apache.camel.impl.MessageSupport.txt,1
./DatabaseClean/camel-1.2/org.apache.camel.builder.ExpressionClause.txt,1
./DatabaseClean/camel-1.2/org.apache.camel.management.Counter.txt,0
./DatabaseClean/camel-1.2/org.apache.camel.language.juel.JuelExpression.txt,0
./DatabaseClean/camel-1.2/org.apache.camel.processor.resequencer.TimeoutHandler.txt,0
./DatabaseClean/camel-1.2/org.apache.camel.component.file.strategy.RenameFileProcessStrategy.txt,1
./DatabaseClean/camel-1.2/org.apache.camel.component.cxf.invoker.CxfClient.txt,0
./DatabaseClean/camel-1.2/org.apache.camel.bam.processor.BamProcessorSupport.txt,0
./DatabaseClean/camel-1.2/org.apache.camel.Properties.txt,0
./DatabaseClean/camel-1.2/org.apache.camel.spring.CamelProxyFactoryType.txt,0
./DatabaseClean/camel-1.2/org.apache.camel.util.ExpressionComparator.txt,0
./DatabaseClean/camel-1.2/org.apache.camel.component.jdbc.JdbcComponent.txt,0
./DatabaseClean/camel-1.2/org.apache.camel.component.validator.jing.JingValidator.txt,0
./DatabaseClean/camel-1.2/org.apache.camel.language.ognl.RootObject.txt,0
./DatabaseClean/camel-1.2/org.apache.camel.NoTypeConversionAvailableException.txt,1
./DatabaseClean/camel-1.2/org.apache.camel.view.XmlGraphGenerator.txt,0
./DatabaseClean/camel-1.2/org.apache.camel.model.TryType.txt,1
./DatabaseClean/camel-1.2/org.apache.camel.component.mail.MailBinding.txt,0
./DatabaseClean/camel-1.2/org.apache.camel.impl.ScheduledPollConsumer.txt,0
./DatabaseClean/camel-1.2/org.apache.camel.language.ognl.OgnlExpression.txt,0
./DatabaseClean/camel-1.2/org.apache.camel.processor.Resequencer.txt,0
./DatabaseClean/camel-1.2/org.apache.camel.impl.converter.TypeConverterLoader.txt,1
./DatabaseClean/camel-1.2/org.apache.camel.component.file.strategy.FileProcessStrategy.txt,1
./DatabaseClean/camel-1.2/org.apache.camel.component.bean.MethodInfo.txt,1
./DatabaseClean/camel-1.2/org.apache.camel.model.OtherwiseType.txt,1
./DatabaseClean/camel-1.2/org.apache.camel.model.BeanRef.txt,1
./DatabaseClean/camel-1.2/org.apache.camel.component.cxf.interceptors.DOMInInterceptor.txt,0
./DatabaseClean/camel-1.2/org.apache.camel.component.mina.MinaExchange.txt,0
./DatabaseClean/camel-1.2/org.apache.camel.builder.script.JavaScript.txt,0
./DatabaseClean/camel-1.2/org.apache.camel.builder.ProcessorFactory.txt,0
./DatabaseClean/camel-1.2/org.apache.camel.component.event.EventEndpoint.txt,0
./DatabaseClean/camel-1.2/org.apache.camel.converter.ObjectConverter.txt,1
./DatabaseClean/camel-1.2/org.apache.camel.util.FactoryFinder.txt,1
./DatabaseClean/camel-1.2/org.apache.camel.impl.ReflectionInjector.txt,0
./DatabaseClean/camel-1.2/org.apache.camel.converter.jaxb.LongHeader.txt,0
./DatabaseClean/camel-1.2/org.apache.camel.model.language.JavaScriptExpression.txt,0
./DatabaseClean/camel-1.2/org.apache.camel.spi.ComponentResolver.txt,1
./DatabaseClean/camel-1.2/org.apache.camel.InvalidPayloadException.txt,1
./DatabaseClean/camel-1.2/org.apache.camel.converter.jaxb.JaxbDataFormat.txt,0
./DatabaseClean/camel-1.2/org.apache.camel.builder.script.BeanShell.txt,0
./DatabaseClean/camel-1.2/org.apache.camel.component.cxf.CxfSoapProducer.txt,0
./DatabaseClean/camel-1.2/org.apache.camel.converter.jaxb.StringHeader.txt,0
./DatabaseClean/camel-1.2/org.apache.camel.bam.TimeExpression.txt,0
./DatabaseClean/camel-1.2/org.apache.camel.processor.UnitOfWorkProcessor.txt,1
./DatabaseClean/camel-1.2/org.apache.camel.impl.SerializationDataFormat.txt,1
./DatabaseClean/camel-1.2/org.apache.camel.processor.MulticastProcessor.txt,1
./DatabaseClean/camel-1.2/org.apache.camel.impl.DefaultCamelContext.txt,1
./DatabaseClean/camel-1.2/org.apache.camel.component.irc.IrcConsumer.txt,0
./DatabaseClean/camel-1.2/org.apache.camel.spring.CamelContextFactoryBean.txt,0
./DatabaseClean/camel-1.2/org.apache.camel.converter.jaxb.MessageType.txt,0
./DatabaseClean/camel-1.2/org.apache.camel.component.file.remote.RemoteFileEndpoint.txt,0
./DatabaseClean/camel-1.2/org.apache.camel.processor.Splitter.txt,1
./DatabaseClean/camel-1.2/org.apache.camel.model.ServiceActivationType.txt,1
./DatabaseClean/camel-1.2/org.apache.camel.util.jndi.CamelInitialContextFactory.txt,0
./DatabaseClean/camel-1.2/org.apache.camel.builder.xml.StreamResultHandlerFactory.txt,1
./DatabaseClean/camel-1.2/org.apache.camel.component.cxf.CxfConsumer.txt,0
./DatabaseClean/camel-1.2/org.apache.camel.model.FromType.txt,1
./DatabaseClean/camel-1.2/org.apache.camel.component.mail.MailProducer.txt,0
./DatabaseClean/camel-1.2/org.apache.camel.processor.LoggingLevel.txt,0
./DatabaseClean/camel-1.2/org.apache.camel.processor.validation.NoXmlBodyValidationException.txt,0
./DatabaseClean/camel-1.2/org.apache.camel.util.LRUCache.txt,0
./DatabaseClean/camel-1.2/org.apache.camel.EndpointInject.txt,0
./DatabaseClean/camel-1.2/org.apache.camel.component.cxf.CxfSoapComponent.txt,0
./DatabaseClean/camel-1.2/org.apache.camel.builder.xml.XPathBuilder.txt,1
./DatabaseClean/camel-1.2/org.apache.camel.builder.xml.ResultHandlerFactory.txt,1
./DatabaseClean/camel-1.2/org.apache.camel.model.language.SqlExpression.txt,1
./DatabaseClean/camel-1.2/org.apache.camel.management.InstrumentationProcessor.txt,1
./DatabaseClean/camel-1.2/org.apache.camel.component.cxf.invoker.CxfClientFactoryBean.txt,0
./DatabaseClean/camel-1.2/org.apache.camel.component.file.remote.RemoteFileExchange.txt,0
./DatabaseClean/camel-1.2/org.apache.camel.component.event.CamelEvent.txt,0
./DatabaseClean/camel-1.2/org.apache.camel.impl.converter.AnnotationTypeConverterLoader.txt,1
./DatabaseClean/camel-1.2/org.apache.camel.impl.converter.PropertyEditorTypeConverter.txt,1
./DatabaseClean/camel-1.2/org.apache.camel.spi.Registry.txt,0
./DatabaseClean/camel-1.2/org.apache.camel.component.jms.JmsComponent.txt,0
./DatabaseClean/camel-1.2/org.apache.camel.impl.EventDrivenPollingConsumer.txt,0
./DatabaseClean/camel-1.2/org.apache.camel.component.cxf.spring.NamespaceHandler.txt,0
./DatabaseClean/camel-1.2/org.apache.camel.impl.DefaultConsumer.txt,1
./DatabaseClean/camel-1.2/org.apache.camel.builder.ValueBuilder.txt,0
./DatabaseClean/camel-1.2/org.apache.camel.component.xmpp.XmppComponent.txt,0
./DatabaseClean/camel-1.2/org.apache.camel.component.bean.BeanComponent.txt,1
./DatabaseClean/camel-1.2/org.apache.camel.component.bean.MethodInvocation.txt,1
./DatabaseClean/camel-1.2/org.apache.camel.component.irc.IrcExchange.txt,0
./DatabaseClean/camel-1.2/org.apache.camel.impl.BinaryPredicateSupport.txt,0
./DatabaseClean/camel-1.2/org.apache.camel.model.config.StreamResequencerConfig.txt,1
./DatabaseClean/camel-1.2/org.apache.camel.spring.spi.TransactionInterceptor.txt,0
./DatabaseClean/camel-1.2/org.apache.camel.CamelTemplate.txt,1
./DatabaseClean/camel-1.2/org.apache.camel.spring.util.ReflectionUtils.txt,0
./DatabaseClean/camel-1.2/org.apache.camel.component.cxf.interceptors.RawMessageContentRedirectInterceptor.txt,0
./DatabaseClean/camel-1.2/org.apache.camel.component.cxf.interceptors.XMLMessageInInterceptor.txt,0
./DatabaseClean/camel-1.2/org.apache.camel.model.language.PythonExpression.txt,0
./DatabaseClean/camel-1.2/org.apache.camel.component.file.strategy.DeleteFileProcessStrategy.txt,1
./DatabaseClean/camel-1.2/org.apache.camel.util.ResolverUtil.txt,1
./DatabaseClean/camel-1.2/org.apache.camel.builder.xml.XPathLanguage.txt,1
./DatabaseClean/camel-1.2/org.apache.camel.Consumer.txt,0
./DatabaseClean/camel-1.2/org.apache.camel.component.irc.IrcConfiguration.txt,0
./DatabaseClean/camel-1.2/org.apache.camel.language.ognl.OGNL.txt,0
./DatabaseClean/camel-1.2/org.apache.camel.builder.xml.InvalidXPathExpression.txt,0
./DatabaseClean/camel-1.2/org.apache.camel.processor.ErrorHandlerSupport.txt,1
./DatabaseClean/camel-1.2/org.apache.camel.model.CatchType.txt,1
./DatabaseClean/camel-1.2/org.apache.camel.converter.CollectionConverter.txt,1
./DatabaseClean/camel-1.2/org.apache.camel.processor.resequencer.Sequence.txt,0
./DatabaseClean/camel-1.2/org.apache.camel.processor.validation.SchemaValidationException.txt,0
./DatabaseClean/camel-1.2/org.apache.camel.component.mail.MailEndpoint.txt,0
./DatabaseClean/camel-1.2/org.apache.camel.spring.handler.BeanDefinitionParser.txt,0
./DatabaseClean/camel-1.2/org.apache.camel.RuntimeExpressionException.txt,0
./DatabaseClean/camel-1.2/org.apache.camel.component.cxf.CxfMessage.txt,0
./DatabaseClean/camel-1.2/org.apache.camel.component.timer.TimerComponent.txt,0
./DatabaseClean/camel-1.2/org.apache.camel.converter.jaxb.HeaderType.txt,0
./DatabaseClean/camel-1.2/org.apache.camel.spi.ExchangeConverter.txt,0
./DatabaseClean/camel-1.2/org.apache.camel.component.jms.MessagePropertyNamesAccessException.txt,0
./DatabaseClean/camel-1.2/org.apache.camel.spi.UnitOfWork.txt,0
./DatabaseClean/camel-1.2/org.apache.camel.bam.processor.NoCorrelationKeyException.txt,0
./DatabaseClean/camel-1.2/org.apache.camel.impl.ServiceSupport.txt,1
./DatabaseClean/camel-1.2/org.apache.camel.component.cxf.interceptors.XMLMessageOutInterceptor.txt,0
./DatabaseClean/camel-1.2/org.apache.camel.language.NamespacePrefix.txt,0
./DatabaseClean/camel-1.2/org.apache.camel.builder.xml.DomResultHandler.txt,0
./DatabaseClean/camel-1.2/org.apache.camel.model.dataformat.DataFormatType.txt,1
./DatabaseClean/camel-1.2/org.apache.camel.converter.jaxp.BytesSource.txt,1
./DatabaseClean/camel-1.2/org.apache.camel.builder.RouteBuilder.txt,1
./DatabaseClean/camel-1.2/org.apache.camel.component.cxf.interceptors.FaultOutInterceptor.txt,0
./DatabaseClean/camel-1.2/org.apache.camel.component.bean.ProxyHelper.txt,0
./DatabaseClean/camel-1.2/org.apache.camel.impl.DefaultExchange.txt,1
./DatabaseClean/camel-1.2/org.apache.camel.util.ExpressionListComparator.txt,0
./DatabaseClean/camel-1.2/org.apache.camel.model.language.PhpExpression.txt,0
./DatabaseClean/camel-1.2/org.apache.camel.Producer.txt,0
./DatabaseClean/camel-1.2/org.apache.camel.spring.remoting.SendBeforeInterceptor.txt,0
./DatabaseClean/camel-1.2/org.apache.camel.component.cxf.DataFormat.txt,0
./DatabaseClean/camel-1.2/org.apache.camel.processor.idempotent.NoMessageIdException.txt,0
./DatabaseClean/camel-1.2/org.apache.camel.bam.processor.JpaBamProcessorSupport.txt,0
./DatabaseClean/camel-1.2/org.apache.camel.component.bean.ParameterMappingStrategy.txt,0
./DatabaseClean/camel-1.2/org.apache.camel.builder.xml.DomResultHandlerFactory.txt,1
./DatabaseClean/camel-1.2/org.apache.camel.component.bean.BeanInfo.txt,1
./DatabaseClean/camel-1.2/org.apache.camel.model.FilterType.txt,1
./DatabaseClean/camel-1.2/org.apache.camel.impl.PredicateSupport.txt,0
./DatabaseClean/camel-1.2/org.apache.camel.component.quartz.QuartzMessage.txt,0
./DatabaseClean/camel-1.2/org.apache.camel.processor.idempotent.MemoryMessageIdRepository.txt,1
./DatabaseClean/camel-1.2/org.apache.camel.component.velocity.VelocityEndpoint.txt,0
./DatabaseClean/camel-1.2/org.apache.camel.language.ExpressionEvaluationException.txt,1
./DatabaseClean/camel-1.2/org.apache.camel.model.ResequencerType.txt,1
./DatabaseClean/camel-1.2/org.apache.camel.component.xmpp.XmppPrivateChatProducer.txt,0
./DatabaseClean/camel-1.2/org.apache.camel.impl.DefaultPollingEndpoint.txt,0
./DatabaseClean/camel-1.2/org.apache.camel.component.cxf.CxfBinding.txt,0
./DatabaseClean/camel-1.2/org.apache.camel.component.jms.JmsProducer.txt,0
./DatabaseClean/camel-1.2/org.apache.camel.component.cxf.interceptors.PayloadContentRedirectInterceptor.txt,0
./DatabaseClean/camel-1.2/org.apache.camel.processor.resequencer.ElementComparator.txt,0
./DatabaseClean/camel-1.2/org.apache.camel.component.cxf.CxfExchange.txt,0
./DatabaseClean/camel-1.2/org.apache.camel.component.xmpp.XmppMessage.txt,0
./DatabaseClean/camel-1.2/org.apache.camel.component.file.remote.SftpProducer.txt,0
./DatabaseClean/camel-1.2/org.apache.camel.component.jdbc.JdbcProducer.txt,0
./DatabaseClean/camel-1.2/org.apache.camel.impl.DefaultMessage.txt,1
./DatabaseClean/camel-1.2/org.apache.camel.bam.model.ProcessInstance.txt,0
./DatabaseClean/camel-1.2/org.apache.camel.builder.BuilderSupport.txt,1
./DatabaseClean/camel-1.2/org.apache.camel.component.mail.MailMessage.txt,0
./DatabaseClean/camel-1.2/org.apache.camel.processor.loadbalancer.QueueLoadBalancer.txt,0
./DatabaseClean/camel-1.2/org.apache.camel.component.cxf.spring.CxfEndpointBeanDefinitionParser.txt,0
./DatabaseClean/camel-1.2/org.apache.camel.component.irc.IrcProducer.txt,0
./DatabaseClean/camel-1.2/org.apache.camel.Route.txt,1
./DatabaseClean/camel-1.2/org.apache.camel.component.file.remote.RemoteFileMessage.txt,0
./DatabaseClean/camel-1.2/org.apache.camel.converter.jaxp.StringSource.txt,1
./DatabaseClean/camel-1.2/org.apache.camel.component.mock.MockEndpoint.txt,1
./DatabaseClean/camel-1.2/org.apache.camel.builder.xml.StringResultHandlerFactory.txt,1
./DatabaseClean/camel-1.2/org.apache.camel.component.jms.JmsMessage.txt,0
./DatabaseClean/camel-1.2/org.apache.camel.ExpectedBodyTypeException.txt,0
./DatabaseClean/camel-1.2/org.apache.camel.component.cxf.phase.PayloadPhaseManagerImpl.txt,0
./DatabaseClean/camel-1.2/org.apache.camel.model.config.BatchResequencerConfig.txt,0
./DatabaseClean/camel-1.2/org.apache.camel.builder.xml.ResultHandler.txt,1
./DatabaseClean/camel-1.2/org.apache.camel.spring.CamelTemplateFactoryBean.txt,0
./DatabaseClean/camel-1.2/org.apache.camel.processor.CatchProcessor.txt,1
./DatabaseClean/camel-1.2/org.apache.camel.AsyncProcessor.txt,1
./DatabaseClean/camel-1.2/org.apache.camel.model.language.LanguageExpression.txt,0
./DatabaseClean/camel-1.2/org.apache.camel.model.ThreadType.txt,1
./DatabaseClean/camel-1.2/org.apache.camel.util.CamelContextHelper.txt,1
./DatabaseClean/camel-1.2/org.apache.camel.component.jms.RuntimeJmsException.txt,0
./DatabaseClean/camel-1.2/org.apache.camel.component.cxf.invoker.InvokingContextFactory.txt,0
./DatabaseClean/camel-1.2/org.apache.camel.component.ibatis.IBatisPollingConsumer.txt,0
./DatabaseClean/camel-1.2/org.apache.camel.component.cxf.phase.RawMessagePhaseManagerImpl.txt,0
./DatabaseClean/camel-1.2/org.apache.camel.spi.Injector.txt,1
./DatabaseClean/camel-1.2/org.apache.camel.impl.PollingConsumerSupport.txt,0
./DatabaseClean/camel-1.2/org.apache.camel.component.bean.AmbiguousMethodCallException.txt,1
./DatabaseClean/camel-1.2/org.apache.camel.builder.xml.XsltBuilder.txt,1
./DatabaseClean/camel-1.2/org.apache.camel.processor.MarshalProcessor.txt,0
./DatabaseClean/camel-1.2/org.apache.camel.bam.ProcessBuilder.txt,0
./DatabaseClean/camel-1.2/org.apache.camel.component.cxf.interceptors.AbstractMessageOutInterceptor.txt,0
./DatabaseClean/camel-1.2/org.apache.camel.component.cxf.transport.CamelTransportBase.txt,0
./DatabaseClean/camel-1.2/org.apache.camel.component.xmpp.XmppConsumer.txt,0
./DatabaseClean/camel-1.2/org.apache.camel.component.validator.jing.RelaxNGCompactSyntaxComponent.txt,0
./DatabaseClean/camel-1.2/org.apache.camel.impl.converter.InstanceMethodTypeConverter.txt,1
./DatabaseClean/camel-1.2/org.apache.camel.builder.script.ScriptEvaluationException.txt,0
./DatabaseClean/camel-1.2/org.apache.camel.management.ManagedService.txt,0
./DatabaseClean/camel-1.2/org.apache.camel.model.language.SimpleExpression.txt,1
./DatabaseClean/camel-1.2/org.apache.camel.component.direct.DirectComponent.txt,0
./DatabaseClean/camel-1.2/org.apache.camel.view.RouteDotGenerator.txt,0
./DatabaseClean/camel-1.2/org.apache.camel.component.mock.MockComponent.txt,0
./DatabaseClean/camel-1.2/org.apache.camel.processor.BatchProcessor.txt,1
./DatabaseClean/camel-1.2/org.apache.camel.language.juel.EL.txt,0
./DatabaseClean/camel-1.2/org.apache.camel.model.dataformat.XMLBeansDataFormat.txt,0
./DatabaseClean/camel-1.2/org.apache.camel.component.seda.QueueComponent.txt,0
./DatabaseClean/camel-1.2/org.apache.camel.component.jms.MessageListenerProcessor.txt,0
./DatabaseClean/camel-1.2/org.apache.camel.component.jms.JmsConfiguration.txt,0
./DatabaseClean/camel-1.2/org.apache.camel.component.jms.MessagePropertyAccessException.txt,0
./DatabaseClean/camel-1.2/org.apache.camel.impl.DefaultLanguageResolver.txt,1
./DatabaseClean/camel-1.2/org.apache.camel.Endpoint.txt,1
./DatabaseClean/camel-1.2/org.apache.camel.model.language.XQueryExpression.txt,1
./DatabaseClean/camel-1.2/org.apache.camel.model.dataformat.ArtixDSContentType.txt,0
./DatabaseClean/camel-1.2/org.apache.camel.component.cxf.interceptors.RawMessageInInterceptor.txt,0
./DatabaseClean/camel-1.2/org.apache.camel.converter.jaxb.PropertyType.txt,0
./DatabaseClean/camel-1.2/org.apache.camel.processor.ThreadProcessor.txt,1
./DatabaseClean/camel-1.2/org.apache.camel.spring.CamelServiceExporterType.txt,0
./DatabaseClean/camel-1.2/org.apache.camel.component.bean.BeanExchange.txt,1
./DatabaseClean/camel-1.2/org.apache.camel.model.InterceptType.txt,1
./DatabaseClean/camel-1.2/org.apache.camel.model.RecipientListType.txt,1
./DatabaseClean/camel-1.2/org.apache.camel.impl.DefaultExchangeConverter.txt,1
./DatabaseClean/camel-1.2/org.apache.camel.Expression.txt,0
./DatabaseClean/camel-1.2/org.apache.camel.converter.NIOConverter.txt,1
./DatabaseClean/camel-1.2/org.apache.camel.component.xmpp.XmppExchange.txt,0
./DatabaseClean/camel-1.2/org.apache.camel.CamelException.txt,1
./DatabaseClean/camel-1.2/org.apache.camel.impl.DefaultUnitOfWork.txt,1
./DatabaseClean/camel-1.2/org.apache.camel.component.mail.RuntimeMailException.txt,0
./DatabaseClean/camel-1.2/org.apache.camel.component.cxf.interceptors.PayloadInInterceptor.txt,0
./DatabaseClean/camel-1.2/org.apache.camel.component.cxf.invoker.InvokingContext.txt,0
./DatabaseClean/camel-1.2/org.apache.camel.spring.CamelBeanPostProcessor.txt,0
./DatabaseClean/camel-1.2/org.apache.camel.builder.script.Ruby.txt,0
./DatabaseClean/camel-1.2/org.apache.camel.Service.txt,0
./DatabaseClean/camel-1.2/org.apache.camel.converter.jaxb.ObjectHeader.txt,0
./DatabaseClean/camel-1.2/org.apache.camel.builder.sql.SqlBuilder.txt,0
./DatabaseClean/camel-1.2/org.apache.camel.component.jms.JmsBinding.txt,0
./DatabaseClean/camel-1.2/org.apache.camel.component.quartz.QuartzExchange.txt,0
./DatabaseClean/camel-1.2/org.apache.camel.component.validator.SpringValidator.txt,0
./DatabaseClean/camel-1.2/org.apache.camel.component.cxf.transport.CamelConduit.txt,0
./DatabaseClean/camel-1.2/org.apache.camel.component.xmpp.RuntimeXmppException.txt,0
./DatabaseClean/camel-1.2/org.apache.camel.spring.remoting.CamelServiceExporter.txt,0
./DatabaseClean/camel-1.2/org.apache.camel.builder.DeadLetterChannelBuilder.txt,1
./DatabaseClean/camel-1.2/org.apache.camel.spi.TypeConverterAware.txt,1
./DatabaseClean/camel-1.2/org.apache.camel.component.file.FileProducer.txt,1
./DatabaseClean/camel-1.2/org.apache.camel.component.jms.JmsIOConverter.txt,0
./DatabaseClean/camel-1.2/org.apache.camel.processor.loadbalancer.RandomLoadBalancer.txt,0
./DatabaseClean/camel-1.2/org.apache.camel.component.bean.DefaultParameterMappingStrategy.txt,1
./DatabaseClean/camel-1.2/org.apache.camel.model.ExpressionNode.txt,1
./DatabaseClean/camel-1.2/org.apache.camel.converter.HasAnnotation.txt,0
./DatabaseClean/camel-1.2/org.apache.camel.processor.ErrorHandler.txt,0
./DatabaseClean/camel-1.2/org.apache.camel.model.IdempotentConsumerType.txt,1
./DatabaseClean/camel-1.2/org.apache.camel.component.cxf.invoker.RawMessageInvokingContext.txt,0
./DatabaseClean/camel-1.2/org.apache.camel.processor.Aggregator.txt,1
./DatabaseClean/camel-1.2/org.apache.camel.component.cxf.CxfComponent.txt,0
./DatabaseClean/camel-1.2/org.apache.camel.component.validator.ValidatorComponent.txt,0
./DatabaseClean/camel-1.2/org.apache.camel.builder.xml.StreamResultHandler.txt,0
./DatabaseClean/camel-1.2/org.apache.camel.component.file.strategy.FileRenamer.txt,0
./DatabaseClean/camel-1.2/org.apache.camel.processor.UnmarshalProcessor.txt,0
./DatabaseClean/camel-1.2/org.apache.camel.component.cxf.invoker.AbstractInvokingContext.txt,0
./DatabaseClean/camel-1.2/org.apache.camel.Property.txt,0
./DatabaseClean/camel-1.2/org.apache.camel.management.CamelNamingStrategy.txt,1
./DatabaseClean/camel-1.2/org.apache.camel.util.ServiceHelper.txt,0
./DatabaseClean/camel-1.2/org.apache.camel.language.ognl.OgnlLanguage.txt,0
./DatabaseClean/camel-1.2/org.apache.camel.component.mina.MinaEndpoint.txt,0
./DatabaseClean/camel-1.2/org.apache.camel.bam.rules.ProcessRules.txt,0
./DatabaseClean/camel-1.2/org.apache.camel.component.rmi.RmiEndpoint.txt,0
./DatabaseClean/camel-1.2/org.apache.camel.model.ProcessorRef.txt,1
./DatabaseClean/camel-1.2/org.apache.camel.bam.model.TemporalEntity.txt,0
./DatabaseClean/camel-1.2/org.apache.camel.model.OutputType.txt,1
./DatabaseClean/camel-1.2/org.apache.camel.spring.handler.ScriptDefinitionParser.txt,0
./DatabaseClean/camel-1.2/org.apache.camel.processor.DelegateAsyncProcessor.txt,1
./DatabaseClean/camel-1.2/org.apache.camel.model.ProcessorType.txt,1
./DatabaseClean/camel-1.2/org.apache.camel.component.ref.RefComponent.txt,0
./DatabaseClean/camel-1.2/org.apache.camel.impl.DefaultScheduledPollConsumer.txt,0
./DatabaseClean/camel-1.2/org.apache.camel.component.cxf.invoker.FaultChainInitiatorObserver.txt,0
./DatabaseClean/camel-1.2/org.apache.camel.component.bean.ParameterInfo.txt,1
./DatabaseClean/camel-1.2/org.apache.camel.component.rmi.RmiConsumer.txt,0
./DatabaseClean/camel-1.2/org.apache.camel.processor.FilterProcessor.txt,1
./DatabaseClean/camel-1.2/org.apache.camel.builder.sql.SQL.txt,0
./DatabaseClean/camel-1.2/org.apache.camel.spring.SpringCamelContext.txt,0
./DatabaseClean/camel-1.2/org.apache.camel.processor.aggregate.AggregationCollection.txt,1
./DatabaseClean/camel-1.2/org.apache.camel.component.file.FileMessage.txt,1
./DatabaseClean/camel-1.2/org.apache.camel.component.mail.MessageHeaderNamesAccessException.txt,0
./DatabaseClean/camel-1.2/org.apache.camel.component.bean.NoBeanAvailableException.txt,1
./DatabaseClean/camel-1.2/org.apache.camel.InvalidHeaderTypeException.txt,1
./DatabaseClean/camel-1.2/org.apache.camel.Exchange.txt,1
./DatabaseClean/camel-1.2/org.apache.camel.language.LanguageAnnotation.txt,1
./DatabaseClean/camel-1.2/org.apache.camel.model.ProceedType.txt,1
./DatabaseClean/camel-1.2/org.apache.camel.model.dataformat.JaxbDataFormat.txt,0
./DatabaseClean/camel-1.2/org.apache.camel.CamelContext.txt,1
./DatabaseClean/camel-1.2/org.apache.camel.processor.aggregate.UseLatestAggregationStrategy.txt,1
./DatabaseClean/camel-1.2/org.apache.camel.component.file.FileExchange.txt,0
./DatabaseClean/camel-1.2/org.apache.camel.builder.xml.MessageVariableResolver.txt,1
./DatabaseClean/camel-1.2/org.apache.camel.spring.RouteBuilderFinder.txt,0
./DatabaseClean/camel-1.2/org.apache.camel.bam.model.EntitySupport.txt,0
./DatabaseClean/camel-1.2/org.apache.camel.component.ResourceBasedComponent.txt,0
./DatabaseClean/camel-1.2/org.apache.camel.component.irc.IrcComponent.txt,0
./DatabaseClean/camel-1.2/org.apache.camel.builder.script.PHP.txt,0
./DatabaseClean/camel-1.2/org.apache.camel.builder.LoggingErrorHandlerBuilder.txt,0
./DatabaseClean/camel-1.2/org.apache.camel.model.DelayerType.txt,1
./DatabaseClean/camel-1.2/org.apache.camel.builder.ProcessorBuilder.txt,1
./DatabaseClean/camel-1.2/org.apache.camel.model.RouteType.txt,1
./DatabaseClean/camel-1.2/org.apache.camel.component.xmpp.XmppEndpoint.txt,0
./DatabaseClean/camel-1.2/org.apache.camel.processor.Logger.txt,1
./DatabaseClean/camel-1.2/org.apache.camel.model.ToType.txt,1
./DatabaseClean/camel-1.2/org.apache.camel.util.NoFactoryAvailableException.txt,0
./DatabaseClean/camel-1.2/org.apache.camel.processor.idempotent.MessageIdRepository.txt,0
./DatabaseClean/camel-1.2/org.apache.camel.impl.ScheduledPollEndpoint.txt,0
./DatabaseClean/camel-1.2/org.apache.camel.spi.Policy.txt,0
./DatabaseClean/camel-1.2/org.apache.camel.component.file.remote.RemoteFileComponent.txt,0
./DatabaseClean/camel-1.2/org.apache.camel.component.file.FileConsumer.txt,1
./DatabaseClean/camel-1.2/org.apache.camel.component.jmx.JMXEndpoint.txt,1
./DatabaseClean/camel-1.2/org.apache.camel.component.file.remote.SftpEndpoint.txt,0
./DatabaseClean/camel-1.2/org.apache.camel.component.bean.DefaultAnnotationExpressionFactory.txt,1
./DatabaseClean/camel-1.2/org.apache.camel.processor.loadbalancer.StickyLoadBalancer.txt,1
./DatabaseClean/camel-1.2/org.apache.camel.component.quartz.QuartzComponent.txt,0
./DatabaseClean/camel-1.2/org.apache.camel.impl.converter.AsyncProcessorTypeConverter.txt,1
./DatabaseClean/camel-1.2/org.apache.camel.impl.ProcessorEndpoint.txt,0
./DatabaseClean/camel-1.2/org.apache.camel.management.ManagedRoute.txt,1
./DatabaseClean/camel-1.2/org.apache.camel.util.ObjectHelper.txt,1
./DatabaseClean/camel-1.2/org.apache.camel.processor.resequencer.ExpressionResultComparator.txt,0
./DatabaseClean/camel-1.2/org.apache.camel.builder.script.ScriptBuilder.txt,0
./DatabaseClean/camel-1.2/org.apache.camel.component.cxf.interceptors.SoapMessageInInterceptor.txt,0
./DatabaseClean/camel-1.2/org.apache.camel.spi.LanguageResolver.txt,0
./DatabaseClean/camel-1.2/org.apache.camel.TypeConverter.txt,0
./DatabaseClean/camel-1.2/org.apache.camel.component.jmx.JMXMessage.txt,1
./DatabaseClean/camel-1.2/org.apache.camel.language.LanguageExpression.txt,1
./DatabaseClean/camel-1.2/org.apache.camel.management.ManagedEndpoint.txt,1
./DatabaseClean/camel-1.2/org.apache.camel.processor.validation.ValidatorErrorHandler.txt,1
./DatabaseClean/camel-1.2/org.apache.camel.component.irc.IrcEndpoint.txt,0
./DatabaseClean/camel-1.2/org.apache.camel.impl.DefaultComponentResolver.txt,1
./DatabaseClean/camel-1.2/org.apache.camel.component.quartz.CamelJob.txt,0
./DatabaseClean/camel-1.2/org.apache.camel.processor.aggregate.AggregationStrategy.txt,0
./DatabaseClean/camel-1.2/org.apache.camel.component.ibatis.IBatisProducer.txt,0
./DatabaseClean/camel-1.2/org.apache.camel.processor.DelegateProcessor.txt,0
./DatabaseClean/camel-1.2/org.apache.camel.model.MarshalType.txt,1
./DatabaseClean/camel-1.2/org.apache.camel.component.ResourceBasedEndpoint.txt,0
./DatabaseClean/camel-1.2/org.apache.camel.component.mail.JavaMailConnection.txt,0
./DatabaseClean/camel-1.2/org.apache.camel.processor.idempotent.IdempotentConsumer.txt,0
./DatabaseClean/camel-1.2/org.apache.camel.component.event.EventComponent.txt,0
./DatabaseClean/camel-1.2/org.apache.camel.impl.converter.ToStringTypeConverter.txt,0
./DatabaseClean/camel-1.2/org.apache.camel.processor.DelayProcessorSupport.txt,0
./DatabaseClean/camel-1.2/org.apache.camel.model.RouteContainer.txt,1
./DatabaseClean/camel-1.2/org.apache.camel.component.jms.JmsConsumer.txt,0
./DatabaseClean/camel-1.2/org.apache.camel.spi.ExceptionHandler.txt,0
./DatabaseClean/camel-1.2/org.apache.camel.component.rmi.RmiComponent.txt,0
./DatabaseClean/camel-1.2/org.apache.camel.component.cxf.transport.CamelDestination.txt,0
./DatabaseClean/camel-1.2/org.apache.camel.component.file.strategy.FileProcessStrategySupport.txt,1
./DatabaseClean/camel-1.2/org.apache.camel.util.ReportingTypeConverterRegistry.txt,0
./DatabaseClean/camel-1.2/org.apache.camel.spring.spi.SpringConverters.txt,0
./DatabaseClean/camel-1.2/org.apache.camel.RuntimeTransformException.txt,0
./DatabaseClean/camel-1.2/org.apache.camel.component.file.remote.FtpConsumer.txt,0
./DatabaseClean/camel-1.2/org.apache.camel.management.InstrumentationLifecycleStrategy.txt,1
./DatabaseClean/camel-1.2/org.apache.camel.component.velocity.VelocityComponent.txt,0
./DatabaseClean/camel-1.2/org.apache.camel.builder.script.Python.txt,0
./DatabaseClean/camel-1.2/org.apache.camel.spi.LifecycleStrategy.txt,1
./DatabaseClean/camel-1.2/org.apache.camel.component.quartz.QuartzEndpoint.txt,0
./DatabaseClean/camel-1.2/org.apache.camel.builder.DataTypeExpression.txt,1
./DatabaseClean/camel-1.2/org.apache.camel.model.language.GroovyExpression.txt,0
./DatabaseClean/camel-1.2/org.apache.camel.builder.PredicateBuilder.txt,0
./DatabaseClean/camel-1.2/org.apache.camel.processor.resequencer.SequenceElementComparator.txt,0
./DatabaseClean/camel-1.2/org.apache.camel.impl.converter.TypeConverterRegistry.txt,1
./DatabaseClean/camel-1.2/org.apache.camel.component.xmpp.XmppBinding.txt,0
./DatabaseClean/camel-1.2/org.apache.camel.component.seda.SedaConsumer.txt,1
./DatabaseClean/camel-1.2/org.apache.camel.processor.StreamResequencer.txt,0
./DatabaseClean/camel-1.2/org.apache.camel.component.jms.EndpointMessageListener.txt,0
./DatabaseClean/camel-1.2/org.apache.camel.component.vm.VmComponent.txt,1
./DatabaseClean/camel-1.2/org.apache.camel.CamelContextAware.txt,0
./DatabaseClean/camel-1.2/org.apache.camel.impl.RouteContext.txt,1
./DatabaseClean/camel-1.2/org.apache.camel.component.mina.MinaComponent.txt,0
./DatabaseClean/camel-1.2/org.apache.camel.util.ProducerCache.txt,1
./DatabaseClean/camel-1.2/org.apache.camel.component.seda.SedaComponent.txt,1
./DatabaseClean/camel-1.2/org.apache.camel.component.timer.TimerConsumer.txt,1
./DatabaseClean/camel-1.2/org.apache.camel.component.xmpp.XmppGroupChatProducer.txt,0
./DatabaseClean/camel-1.2/org.apache.camel.spring.spi.ApplicationContextRegistry.txt,0
./DatabaseClean/camel-1.2/org.apache.camel.component.file.remote.RemoteFileProducer.txt,0
./DatabaseClean/camel-1.2/org.apache.camel.builder.ErrorHandlerBuilder.txt,1
./DatabaseClean/camel-1.2/org.apache.camel.bam.ActivityBuilder.txt,0
./DatabaseClean/camel-1.2/org.apache.camel.component.cxf.CxfConstants.txt,0
./DatabaseClean/camel-1.2/org.apache.camel.model.language.XPathExpression.txt,1
./DatabaseClean/camel-1.2/org.apache.camel.impl.ProcessorPollingConsumer.txt,0
./DatabaseClean/camel-1.2/org.apache.camel.processor.resequencer.DefaultExchangeComparator.txt,0
./DatabaseClean/camel-1.2/org.apache.camel.component.bean.BeanProcessor.txt,1
./DatabaseClean/camel-1.2/org.apache.camel.component.cxf.phase.FaultPayloadPhaseManagerImpl.txt,0
./DatabaseClean/camel-1.2/org.apache.camel.Message.txt,1
./DatabaseClean/camel-1.2/org.apache.camel.builder.ConstantProcessorBuilder.txt,1
./DatabaseClean/camel-1.2/org.apache.camel.component.ibatis.IBatisEndpoint.txt,0
./DatabaseClean/camel-1.2/org.apache.camel.model.language.ExpressionType.txt,1
./DatabaseClean/camel-1.2/org.apache.camel.spi.Synchronization.txt,0
./DatabaseClean/camel-1.2/org.apache.camel.util.UuidGenerator.txt,1
./DatabaseClean/camel-1.2/org.apache.camel.builder.xml.StringResultHandler.txt,0
./DatabaseClean/camel-1.2/org.apache.camel.Predicate.txt,0
./DatabaseClean/camel-1.2/org.apache.camel.bam.model.ProcessDefinition.txt,0
./DatabaseClean/camel-1.2/org.apache.camel.spring.util.MainRunner.txt,0
./DatabaseClean/camel-1.2/org.apache.camel.impl.LoggingExceptionHandler.txt,1
./DatabaseClean/camel-1.2/org.apache.camel.impl.converter.EnumTypeConverter.txt,1
./DatabaseClean/camel-1.2/org.apache.camel.impl.NoPolicy.txt,0
./DatabaseClean/camel-1.2/org.apache.camel.component.jms.JmsPollingConsumer.txt,0
./DatabaseClean/camel-1.2/org.apache.camel.model.InterceptorType.txt,1
./DatabaseClean/camel-1.2/org.apache.camel.component.irc.IrcMessage.txt,0
./DatabaseClean/camel-1.2/org.apache.camel.util.jndi.JndiContext.txt,1
./DatabaseClean/camel-1.2/org.apache.camel.processor.validation.DefaultValidationErrorHandler.txt,0
./DatabaseClean/camel-1.2/org.apache.camel.processor.SendProcessor.txt,1
./DatabaseClean/camel-1.2/org.apache.camel.converter.jaxb.ExchangeType.txt,0
./DatabaseClean/camel-1.2/org.apache.camel.impl.EventDrivenConsumerRoute.txt,0
./DatabaseClean/camel-1.2/org.apache.camel.processor.LoggingErrorHandler.txt,1
./DatabaseClean/camel-1.2/org.apache.camel.component.mail.MailConverters.txt,0
./DatabaseClean/camel-1.2/org.apache.camel.util.ExchangeHelper.txt,1
./DatabaseClean/camel-1.2/org.apache.camel.builder.ExpressionBuilder.txt,1
./DatabaseClean/camel-1.2/org.apache.camel.util.IOHelper.txt,1
./DatabaseClean/camel-1.2/org.apache.camel.component.cxf.interceptors.AbstractMessageInInterceptor.txt,0
./DatabaseClean/camel-1.2/org.apache.camel.NoSuchEndpointException.txt,1
./DatabaseClean/camel-1.2/org.apache.camel.util.ExpressionHelper.txt,0
./DatabaseClean/camel-1.2/org.apache.camel.MessageDriven.txt,0
./DatabaseClean/camel-1.2/org.apache.camel.spi.Language.txt,0
./DatabaseClean/camel-1.2/org.apache.camel.spring.handler.LazyLoadingBeanDefinitionParser.txt,0
./DatabaseClean/camel-1.2/org.apache.camel.model.FinallyType.txt,1
./DatabaseClean/camel-1.2/org.apache.camel.util.CollectionStringBuffer.txt,0
./DatabaseClean/camel-1.2/org.apache.camel.component.file.strategy.NoOpFileProcessStrategy.txt,1
./DatabaseClean/camel-1.2/org.apache.camel.language.IllegalSyntaxException.txt,0
./DatabaseClean/camel-1.2/org.apache.camel.builder.xml.NamespaceBuilder.txt,0
./DatabaseClean/camel-1.2/org.apache.camel.component.mail.MailConfiguration.txt,0
./DatabaseClean/camel-1.2/org.apache.camel.component.jmx.JMXConsumer.txt,1
./DatabaseClean/camel-1.2/org.apache.camel.component.cxf.CamelInvoker.txt,0
./DatabaseClean/camel-1.2/org.apache.camel.util.IntrospectionSupport.txt,1
./DatabaseClean/camel-1.2/org.apache.camel.FailedToCreateProducerException.txt,1
./DatabaseClean/camel-1.2/org.apache.camel.impl.converter.StaticMethodTypeConverter.txt,0
./DatabaseClean/camel-1.2/org.apache.camel.builder.xml.DefaultNamespaceContext.txt,0
./DatabaseClean/camel-1.2/org.apache.camel.util.AsyncProcessorHelper.txt,1
./DatabaseClean/camel-1.2/org.apache.camel.bam.rules.ActivityRules.txt,0
./DatabaseClean/camel-1.2/org.apache.camel.builder.script.ScriptLanguageResolver.txt,0
./DatabaseClean/camel-1.2/org.apache.camel.component.cxf.util.CxfEndpointUtils.txt,0
./DatabaseClean/camel-1.2/org.apache.camel.component.event.EventConsumer.txt,0
./DatabaseClean/camel-1.2/org.apache.camel.spring.spi.BeanInjector.txt,0
./DatabaseClean/camel-1.2/org.apache.camel.model.MulticastType.txt,1
./DatabaseClean/camel-1.2/org.apache.camel.component.validator.jing.JingComponent.txt,0
./DatabaseClean/camel-1.2/org.apache.camel.language.Simple.txt,0
./DatabaseClean/camel-1.2/org.apache.camel.AsyncCallback.txt,1
./DatabaseClean/camel-1.2/org.apache.camel.component.bean.XPathAnnotationExpressionFactory.txt,1
./DatabaseClean/camel-1.2/org.apache.camel.builder.Builder.txt,0
./DatabaseClean/camel-1.2/org.apache.camel.bam.rules.TemporalRule.txt,0
./DatabaseClean/camel-1.2/org.apache.camel.model.dataformat.ArtixDSDataFormat.txt,0
./DatabaseClean/camel-1.2/org.apache.camel.model.IdentifiedType.txt,1
./DatabaseClean/camel-1.2/org.apache.camel.NoSuchLanguageException.txt,0
./DatabaseClean/camel-1.2/org.apache.camel.model.AggregatorType.txt,1
./DatabaseClean/camel-1.2/org.apache.camel.bam.model.ActivityState.txt,0
./DatabaseClean/camel-1.2/org.apache.camel.component.log.LogComponent.txt,1
./DatabaseClean/camel-1.2/org.apache.camel.component.cxf.interceptors.SoapMessageOutInterceptor.txt,0
./DatabaseClean/camel-1.2/org.apache.camel.model.SplitterType.txt,1
./DatabaseClean/camel-1.2/org.apache.camel.model.UnmarshalType.txt,1
./DatabaseClean/camel-1.2/org.apache.camel.Component.txt,0
./DatabaseClean/camel-1.2/org.apache.camel.component.quartz.QuartzConsumer.txt,0
./DatabaseClean/camel-1.2/org.apache.camel.component.file.FileComponent.txt,1
./DatabaseClean/camel-1.2/org.apache.camel.spring.handler.CamelNamespaceHandler.txt,0
./DatabaseClean/camel-1.2/org.apache.camel.component.cxf.CxfProducer.txt,0
./DatabaseClean/camel-1.2/org.apache.camel.component.mail.MailExchange.txt,0
./DatabaseClean/camel-1.2/org.apache.camel.component.cxf.invoker.PayloadInvokingContext.txt,0
./DatabaseClean/camel-1.2/org.apache.camel.bam.ActivityLifecycle.txt,0
./DatabaseClean/camel-1.2/org.apache.camel.bam.processor.JpaBamProcessor.txt,0
./DatabaseClean/camel-1.2/org.apache.camel.processor.Pipeline.txt,0
./DatabaseClean/camel-1.2/org.apache.camel.component.jmx.JMXComponent.txt,1
./DatabaseClean/camel-1.2/org.apache.camel.impl.converter.DefaultTypeConverter.txt,1
./DatabaseClean/camel-1.2/org.apache.camel.builder.script.ScriptLanguage.txt,0
./DatabaseClean/camel-1.2/org.apache.camel.component.mail.MailComponent.txt,0
./DatabaseClean/camel-1.2/org.apache.camel.component.mock.AssertionClause.txt,0
./DatabaseClean/camel-1.2/org.apache.camel.RuntimeExchangeException.txt,1
./DatabaseClean/camel-1.2/org.apache.camel.component.cxf.CxfMessageObserver.txt,0
./DatabaseClean/camel-1.2/org.apache.camel.component.file.remote.SftpConsumer.txt,0
./DatabaseClean/camel-1.2/org.apache.camel.InvalidTypeException.txt,1
./DatabaseClean/camel-1.2/org.apache.camel.util.UnsafeUriCharactersEncoder.txt,1
./DatabaseClean/camel-1.2/org.apache.camel.model.RoutesType.txt,1
./DatabaseClean/camel-1.2/org.apache.camel.processor.CompositeProcessor.txt,0
./DatabaseClean/camel-1.2/org.apache.camel.builder.ErrorHandlerBuilderSupport.txt,1
./DatabaseClean/camel-1.2/org.apache.camel.processor.ProceedProcessor.txt,0
./DatabaseClean/camel-1.2/org.apache.camel.component.jms.MessageJMSPropertyAccessException.txt,0
./DatabaseClean/camel-1.2/org.apache.camel.component.file.remote.RemoteFileBinding.txt,0
./DatabaseClean/camel-1.2/org.apache.camel.component.jmx.JMXExchange.txt,1
./DatabaseClean/camel-1.2/org.apache.camel.component.file.remote.FtpOperationFailedException.txt,0
./DatabaseClean/camel-1.2/org.apache.camel.component.ibatis.IBatisComponent.txt,0
./DatabaseClean/camel-1.2/org.apache.camel.component.jms.JmsExchange.txt,0
./DatabaseClean/camel-1.2/org.apache.camel.model.PolicyRef.txt,1
./DatabaseClean/camel-1.2/org.apache.camel.util.CollectionHelper.txt,1
./DatabaseClean/camel-1.2/org.apache.camel.spi.Provider.txt,0
./DatabaseClean/camel-1.2/org.apache.camel.converter.jaxb.IntegerHeader.txt,0
./DatabaseClean/camel-1.2/org.apache.camel.PollingConsumer.txt,0
./DatabaseClean/camel-1.2/org.apache.camel.model.InterceptorRef.txt,1
./DatabaseClean/camel-1.2/org.apache.camel.component.file.remote.RemoteFileConsumer.txt,0
./DatabaseClean/camel-1.2/org.apache.camel.Processor.txt,0
./DatabaseClean/camel-1.2/org.apache.camel.AlreadyStoppedException.txt,1
./DatabaseClean/camel-1.2/org.apache.camel.converter.IOConverter.txt,1
./DatabaseClean/camel-1.2/org.apache.camel.Header.txt,0
./DatabaseClean/camel-1.2/org.apache.camel.component.bean.CamelInvocationHandler.txt,0
./DatabaseClean/camel-1.2/org.apache.camel.component.file.remote.RemoteFileConfiguration.txt,0
./DatabaseClean/camel-1.2/org.apache.camel.component.mail.MailConsumer.txt,0
./DatabaseClean/camel-1.2/org.apache.camel.component.bean.BeanInvocation.txt,1
./DatabaseClean/camel-1.2/org.apache.camel.builder.script.Groovy.txt,0
./DatabaseClean/camel-1.2/org.apache.camel.util.Time.txt,0
./DatabaseClean/camel-1.2/org.apache.camel.spring.spi.SpringInjector.txt,0
./DatabaseClean/camel-1.2/org.apache.camel.NoSuchPropertyException.txt,1
./DatabaseClean/camel-1.2/org.apache.camel.component.bean.AnnotationExpressionFactory.txt,0
./DatabaseClean/camel-1.2/org.apache.camel.spi.DataFormat.txt,0
./DatabaseClean/camel-1.2/org.apache.camel.model.dataformat.SerializationDataFormat.txt,1
./DatabaseClean/camel-1.2/org.apache.camel.component.timer.TimerEndpoint.txt,1
./DatabaseClean/camel-1.2/org.apache.camel.converter.jaxb.FallbackTypeConverter.txt,0
./DatabaseClean/camel-1.2/org.apache.camel.component.mina.MinaConsumer.txt,0
./DatabaseClean/camel-1.2/org.apache.camel.converter.jaxb.JaxbConverter.txt,0
./DatabaseClean/camel-1.2/org.apache.camel.component.mina.MinaProducer.txt,0
./DatabaseClean/camel-1.2/org.apache.camel.component.cxf.CxfSoapEndpoint.txt,0
./DatabaseClean/camel-1.2/org.apache.camel.converter.jaxp.XmlConverter.txt,1
./DatabaseClean/camel-1.2/org.apache.camel.impl.NoRouteBuilder.txt,0
./DatabaseClean/camel-1.2/org.apache.camel.component.rmi.RmiProducer.txt,0
./DatabaseClean/camel-1.2/org.apache.camel.ValidationException.txt,0
./DatabaseClean/camel-1.2/org.apache.camel.Body.txt,0
./DatabaseClean/camel-1.2/org.apache.camel.bam.processor.ActivityMonitorEngine.txt,0
./DatabaseClean/camel-1.2/org.apache.camel.component.cxf.interceptors.AbstractInvokerInterceptor.txt,0
./DatabaseClean/camel-1.2/org.apache.camel.component.jms.ConsumerType.txt,0
./DatabaseClean/camel-1.2/org.apache.camel.component.jdbc.JdbcEndpoint.txt,0
./DatabaseClean/camel-1.2/org.apache.camel.model.language.HeaderExpression.txt,0
./DatabaseClean/camel-1.2/org.apache.camel.processor.loadbalancer.RoundRobinLoadBalancer.txt,0
./DatabaseClean/camel-1.2/org.apache.camel.bam.model.ActivityDefinition.txt,0
./DatabaseClean/camel-1.2/org.apache.camel.impl.ExpressionSupport.txt,1
./DatabaseClean/camel-1.2/org.apache.camel.model.language.OgnlExpression.txt,0
./DatabaseClean/camel-1.2/org.apache.camel.component.file.remote.FtpEndpoint.txt,0
./DatabaseClean/camel-1.2/org.apache.camel.component.cxf.invoker.PayloadMessage.txt,0
./DatabaseClean/camel-1.2/org.apache.camel.builder.PredicateFactory.txt,1
./DatabaseClean/camel-1.2/org.apache.camel.processor.RedeliveryPolicy.txt,0
./DatabaseClean/camel-1.2/org.apache.camel.model.NodeFactory.txt,0
./DatabaseClean/camel-1.2/org.apache.camel.spring.SpringInstrumentationAgent.txt,0
./DatabaseClean/camel-1.2/org.apache.camel.processor.RecipientList.txt,1
