file_path,label
./DatabaseClean/jedit-4.2/org.gjt.sp.jedit.gui.SelectLineRange.txt,0
./DatabaseClean/jedit-4.2/org.gjt.sp.jedit.options.GeneralOptionPane.txt,0
./DatabaseClean/jedit-4.2/org.objectweb.asm.CodeVisitor.txt,0
./DatabaseClean/jedit-4.2/org.gjt.sp.jedit.ActionContext.txt,0
./DatabaseClean/jedit-4.2/org.gjt.sp.jedit.textarea.Gutter.txt,1
./DatabaseClean/jedit-4.2/bsh.BSHTryStatement.txt,0
./DatabaseClean/jedit-4.2/org.gjt.sp.jedit.textarea.StructureMatcher.txt,0
./DatabaseClean/jedit-4.2/org.gjt.sp.jedit.menu.DirectoryProvider.txt,0
./DatabaseClean/jedit-4.2/org.gjt.sp.jedit.EditServer.txt,0
./DatabaseClean/jedit-4.2/gnu.regexp.RETokenEnd.txt,0
./DatabaseClean/jedit-4.2/bsh.ClassGeneratorUtil.txt,0
./DatabaseClean/jedit-4.2/org.gjt.sp.jedit.io.VFS.txt,1
./DatabaseClean/jedit-4.2/bsh.collection.CollectionIterator.txt,0
./DatabaseClean/jedit-4.2/org.gjt.sp.jedit.buffer.PositionManager.txt,0
./DatabaseClean/jedit-4.2/bsh.JJTParserState.txt,0
./DatabaseClean/jedit-4.2/org.gjt.sp.jedit.OptionPane.txt,0
./DatabaseClean/jedit-4.2/gnu.regexp.REFilterReader.txt,0
./DatabaseClean/jedit-4.2/com.microstar.xml.XmlHandler.txt,0
./DatabaseClean/jedit-4.2/org.gjt.sp.jedit.syntax.ParserRule.txt,1
./DatabaseClean/jedit-4.2/org.gjt.sp.jedit.pluginmgr.ManagePanel.txt,1
./DatabaseClean/jedit-4.2/org.gjt.sp.jedit.options.ShortcutsOptionPane.txt,1
./DatabaseClean/jedit-4.2/org.gjt.sp.jedit.buffer.ContentManager.txt,0
./DatabaseClean/jedit-4.2/org.gjt.sp.jedit.gui.CompleteWord.txt,0
./DatabaseClean/jedit-4.2/org.gjt.sp.jedit.options.ContextOptionPane.txt,0
./DatabaseClean/jedit-4.2/org.gjt.sp.jedit.msg.PropertiesChanged.txt,0
./DatabaseClean/jedit-4.2/org.gjt.sp.jedit.Abbrevs.txt,0
./DatabaseClean/jedit-4.2/bsh.JavaCharStream.txt,0
./DatabaseClean/jedit-4.2/org.gjt.sp.jedit.gui.FloatingWindowContainer.txt,1
./DatabaseClean/jedit-4.2/org.gjt.sp.jedit.syntax.DefaultTokenHandler.txt,0
./DatabaseClean/jedit-4.2/org.gjt.sp.jedit.menu.RecentDirectoriesProvider.txt,0
./DatabaseClean/jedit-4.2/org.gjt.sp.jedit.syntax.Token.txt,1
./DatabaseClean/jedit-4.2/org.gjt.sp.jedit.options.PluginManagerOptionPane.txt,0
./DatabaseClean/jedit-4.2/gnu.regexp.CharIndexed.txt,0
./DatabaseClean/jedit-4.2/org.gjt.sp.jedit.buffer.FoldHandler.txt,0
./DatabaseClean/jedit-4.2/org.gjt.sp.jedit.gui.StatusBar.txt,0
./DatabaseClean/jedit-4.2/org.gjt.sp.jedit.Mode.txt,1
./DatabaseClean/jedit-4.2/org.gjt.sp.jedit.help.HelpIndex.txt,0
./DatabaseClean/jedit-4.2/org.gjt.sp.jedit.TextUtilities.txt,1
./DatabaseClean/jedit-4.2/gnu.regexp.CharIndexedReader.txt,0
./DatabaseClean/jedit-4.2/org.gjt.sp.util.Log.txt,0
./DatabaseClean/jedit-4.2/org.gjt.sp.jedit.syntax.DummyTokenHandler.txt,0
./DatabaseClean/jedit-4.2/org.gjt.sp.jedit.options.DockingOptionPane.txt,0
./DatabaseClean/jedit-4.2/org.gjt.sp.jedit.gui.TextAreaDialog.txt,0
./DatabaseClean/jedit-4.2/org.gjt.sp.jedit.gui.GrabKeyDialog.txt,0
./DatabaseClean/jedit-4.2/org.gjt.sp.jedit.GUIUtilities.txt,1
./DatabaseClean/jedit-4.2/org.gjt.sp.jedit.gui.KeyEventWorkaround.txt,1
./DatabaseClean/jedit-4.2/org.gjt.sp.jedit.options.SyntaxHiliteOptionPane.txt,0
./DatabaseClean/jedit-4.2/org.gjt.sp.jedit.search.CurrentBufferSet.txt,0
./DatabaseClean/jedit-4.2/org.gjt.sp.jedit.search.SearchBar.txt,1
./DatabaseClean/jedit-4.2/bsh.ClassIdentifier.txt,0
./DatabaseClean/jedit-4.2/org.gjt.sp.jedit.gui.AnimatedIcon.txt,0
./DatabaseClean/jedit-4.2/org.gjt.sp.jedit.BeanShell.txt,0
./DatabaseClean/jedit-4.2/org.gjt.sp.jedit.menu.FavoritesProvider.txt,0
./DatabaseClean/jedit-4.2/gnu.regexp.RESyntax.txt,0
./DatabaseClean/jedit-4.2/org.gjt.sp.jedit.pluginmgr.InstallPanel.txt,0
./DatabaseClean/jedit-4.2/org.gjt.sp.jedit.print.BufferPrinter1_4.txt,0
./DatabaseClean/jedit-4.2/bsh.BSHAllocationExpression.txt,0
./DatabaseClean/jedit-4.2/bsh.BSHMethodInvocation.txt,0
./DatabaseClean/jedit-4.2/bsh.Modifiers.txt,0
./DatabaseClean/jedit-4.2/org.gjt.sp.jedit.browser.VFSFileChooserDialog.txt,1
./DatabaseClean/jedit-4.2/org.objectweb.asm.ByteVector.txt,0
./DatabaseClean/jedit-4.2/bsh.BSHSwitchStatement.txt,0
./DatabaseClean/jedit-4.2/org.gjt.sp.jedit.gui.OptionsDialog.txt,0
./DatabaseClean/jedit-4.2/org.gjt.sp.jedit.menu.EnhancedCheckBoxMenuItem.txt,0
./DatabaseClean/jedit-4.2/org.objectweb.asm.Type.txt,0
./DatabaseClean/jedit-4.2/org.gjt.sp.jedit.gui.DefaultFocusComponent.txt,0
./DatabaseClean/jedit-4.2/bsh.Variable.txt,0
./DatabaseClean/jedit-4.2/org.gjt.sp.jedit.gui.JCheckBoxList.txt,1
./DatabaseClean/jedit-4.2/bsh.BSHBinaryExpression.txt,0
./DatabaseClean/jedit-4.2/org.gjt.sp.jedit.proto.jeditresource.PluginResURLConnection.txt,0
./DatabaseClean/jedit-4.2/org.gjt.sp.jedit.options.BrowserOptionPane.txt,0
./DatabaseClean/jedit-4.2/bsh.CollectionManager.txt,0
./DatabaseClean/jedit-4.2/org.gjt.sp.jedit.Registers.txt,1
./DatabaseClean/jedit-4.2/bsh.ClassGenerator.txt,0
./DatabaseClean/jedit-4.2/bsh.DelayedEvalBshMethod.txt,0
./DatabaseClean/jedit-4.2/org.gjt.sp.jedit.search.DirectoryListSet.txt,0
./DatabaseClean/jedit-4.2/bsh.BSHType.txt,0
./DatabaseClean/jedit-4.2/bsh.BSHArrayDimensions.txt,0
./DatabaseClean/jedit-4.2/org.objectweb.asm.Label.txt,0
./DatabaseClean/jedit-4.2/org.gjt.sp.jedit.textarea.TextAreaPainter.txt,1
./DatabaseClean/jedit-4.2/bsh.UtilEvalError.txt,0
./DatabaseClean/jedit-4.2/org.gjt.sp.jedit.options.BrowserColorsOptionPane.txt,0
./DatabaseClean/jedit-4.2/org.gjt.sp.jedit.syntax.SyntaxStyle.txt,0
./DatabaseClean/jedit-4.2/org.gjt.sp.jedit.options.GutterOptionPane.txt,0
./DatabaseClean/jedit-4.2/org.gjt.sp.jedit.ServiceManager.txt,0
./DatabaseClean/jedit-4.2/gnu.regexp.REFilterInputStream.txt,0
./DatabaseClean/jedit-4.2/org.gjt.sp.jedit.gui.RolloverButton.txt,0
./DatabaseClean/jedit-4.2/org.gjt.sp.jedit.BeanShellAction.txt,0
./DatabaseClean/jedit-4.2/bsh.BshMethod.txt,0
./DatabaseClean/jedit-4.2/org.gjt.sp.jedit.jEdit.txt,1
./DatabaseClean/jedit-4.2/bsh.BSHVariableDeclarator.txt,0
./DatabaseClean/jedit-4.2/org.gjt.sp.util.WorkThreadProgressListener.txt,0
./DatabaseClean/jedit-4.2/org.objectweb.asm.Edge.txt,0
./DatabaseClean/jedit-4.2/org.gjt.sp.jedit.search.HyperSearchRequest.txt,1
./DatabaseClean/jedit-4.2/org.gjt.sp.jedit.msg.BufferUpdate.txt,0
./DatabaseClean/jedit-4.2/bsh.CommandLineReader.txt,0
./DatabaseClean/jedit-4.2/bsh.BshIterator.txt,0
./DatabaseClean/jedit-4.2/org.gjt.sp.jedit.PluginJAR.txt,1
./DatabaseClean/jedit-4.2/org.gjt.sp.jedit.menu.RecentFilesProvider.txt,0
./DatabaseClean/jedit-4.2/bsh.Token.txt,0
./DatabaseClean/jedit-4.2/bsh.BSHReturnStatement.txt,0
./DatabaseClean/jedit-4.2/org.gjt.sp.jedit.options.ViewOptionPane.txt,0
./DatabaseClean/jedit-4.2/gnu.regexp.CharIndexedCharArray.txt,0
./DatabaseClean/jedit-4.2/gnu.regexp.REMatch.txt,0
./DatabaseClean/jedit-4.2/org.objectweb.asm.CodeWriter.txt,0
./DatabaseClean/jedit-4.2/org.gjt.sp.jedit.syntax.DisplayTokenHandler.txt,0
./DatabaseClean/jedit-4.2/org.gjt.sp.jedit.browser.VFSDirectoryEntryTable.txt,1
./DatabaseClean/jedit-4.2/org.gjt.sp.jedit.gui.ViewRegisters.txt,0
./DatabaseClean/jedit-4.2/org.gjt.sp.jedit.browser.BrowserCommandsMenu.txt,0
./DatabaseClean/jedit-4.2/org.gjt.sp.jedit.Autosave.txt,0
./DatabaseClean/jedit-4.2/org.gjt.sp.jedit.msg.DynamicMenuChanged.txt,0
./DatabaseClean/jedit-4.2/bsh.ClassPathException.txt,0
./DatabaseClean/jedit-4.2/bsh.BSHSwitchLabel.txt,0
./DatabaseClean/jedit-4.2/com.microstar.xml.XmlException.txt,0
./DatabaseClean/jedit-4.2/bsh.BSHPrimarySuffix.txt,0
./DatabaseClean/jedit-4.2/org.gjt.sp.jedit.gui.ErrorListCellRenderer.txt,0
./DatabaseClean/jedit-4.2/org.gjt.sp.jedit.Macros.txt,0
./DatabaseClean/jedit-4.2/org.gjt.sp.jedit.syntax.TokenMarker.txt,1
./DatabaseClean/jedit-4.2/org.gjt.sp.jedit.textarea.TextAreaExtension.txt,0
./DatabaseClean/jedit-4.2/org.gjt.sp.jedit.help.HelpViewer.txt,1
./DatabaseClean/jedit-4.2/bsh.BSHIfStatement.txt,0
./DatabaseClean/jedit-4.2/org.gjt.sp.jedit.gui.VariableGridLayout.txt,0
./DatabaseClean/jedit-4.2/bsh.BSHArrayInitializer.txt,0
./DatabaseClean/jedit-4.2/org.gjt.sp.jedit.buffer.DummyFoldHandler.txt,0
./DatabaseClean/jedit-4.2/org.gjt.sp.jedit.buffer.RootElement.txt,0
./DatabaseClean/jedit-4.2/org.gjt.sp.jedit.buffer.IndentFoldHandler.txt,0
./DatabaseClean/jedit-4.2/org.gjt.sp.jedit.textarea.ChunkCache.txt,1
./DatabaseClean/jedit-4.2/org.gjt.sp.util.IntegerArray.txt,0
./DatabaseClean/jedit-4.2/org.gjt.sp.jedit.options.TextAreaOptionPane.txt,0
./DatabaseClean/jedit-4.2/org.gjt.sp.jedit.syntax.KeywordMap.txt,0
./DatabaseClean/jedit-4.2/org.gjt.sp.jedit.PropertyManager.txt,0
./DatabaseClean/jedit-4.2/org.gjt.sp.jedit.textarea.JEditTextArea.txt,1
./DatabaseClean/jedit-4.2/bsh.BSHFormalParameters.txt,0
./DatabaseClean/jedit-4.2/org.gjt.sp.jedit.pluginmgr.PluginManager.txt,1
./DatabaseClean/jedit-4.2/org.gjt.sp.jedit.Java14.txt,0
./DatabaseClean/jedit-4.2/org.gjt.sp.jedit.options.AbbrevsOptionPane.txt,0
./DatabaseClean/jedit-4.2/org.gjt.sp.util.SegmentBuffer.txt,0
./DatabaseClean/jedit-4.2/org.gjt.sp.jedit.textarea.DisplayManager.txt,1
./DatabaseClean/jedit-4.2/org.gjt.sp.jedit.msg.EditPaneUpdate.txt,0
./DatabaseClean/jedit-4.2/org.gjt.sp.jedit.search.AllBufferSet.txt,1
./DatabaseClean/jedit-4.2/org.gjt.sp.jedit.menu.MacrosProvider.txt,0
./DatabaseClean/jedit-4.2/org.gjt.sp.jedit.syntax.TokenHandler.txt,0
./DatabaseClean/jedit-4.2/org.gjt.sp.jedit.pluginmgr.PluginManagerProgress.txt,0
./DatabaseClean/jedit-4.2/bsh.LHS.txt,0
./DatabaseClean/jedit-4.2/org.gjt.sp.jedit.gui.AddAbbrevDialog.txt,0
./DatabaseClean/jedit-4.2/bsh.BSHFormalParameter.txt,0
./DatabaseClean/jedit-4.2/org.gjt.sp.jedit.options.AppearanceOptionPane.txt,0
./DatabaseClean/jedit-4.2/bsh.BSHFormalComment.txt,0
./DatabaseClean/jedit-4.2/bsh.commands.dir.txt,0
./DatabaseClean/jedit-4.2/org.gjt.sp.jedit.OptionGroup.txt,0
./DatabaseClean/jedit-4.2/gnu.regexp.REException.txt,0
./DatabaseClean/jedit-4.2/org.gjt.sp.jedit.pluginmgr.MirrorListHandler.txt,0
./DatabaseClean/jedit-4.2/bsh.BSHStatementExpressionList.txt,0
./DatabaseClean/jedit-4.2/org.gjt.sp.jedit.search.HyperSearchResult.txt,0
./DatabaseClean/jedit-4.2/org.gjt.sp.jedit.gui.LogViewer.txt,0
./DatabaseClean/jedit-4.2/bsh.BSHAssignment.txt,0
./DatabaseClean/jedit-4.2/org.gjt.sp.jedit.gui.BeanShellErrorDialog.txt,0
./DatabaseClean/jedit-4.2/org.gjt.sp.jedit.ActionSet.txt,0
./DatabaseClean/jedit-4.2/bsh.BSHForStatement.txt,0
./DatabaseClean/jedit-4.2/org.gjt.sp.jedit.help.HelpSearchPanel.txt,0
./DatabaseClean/jedit-4.2/org.gjt.sp.jedit.gui.IOProgressMonitor.txt,0
./DatabaseClean/jedit-4.2/bsh.BlockNameSpace.txt,0
./DatabaseClean/jedit-4.2/org.gjt.sp.jedit.gui.InputHandler.txt,0
./DatabaseClean/jedit-4.2/bsh.CallStack.txt,0
./DatabaseClean/jedit-4.2/org.gjt.sp.jedit.search.HyperSearchResults.txt,1
./DatabaseClean/jedit-4.2/org.gjt.sp.jedit.options.GlobalOptions.txt,0
./DatabaseClean/jedit-4.2/com.microstar.xml.HandlerBase.txt,0
./DatabaseClean/jedit-4.2/bsh.ParseException.txt,0
./DatabaseClean/jedit-4.2/org.gjt.sp.jedit.gui.TipOfTheDay.txt,0
./DatabaseClean/jedit-4.2/bsh.JThis.txt,0
./DatabaseClean/jedit-4.2/org.gjt.sp.jedit.msg.EditorExitRequested.txt,0
./DatabaseClean/jedit-4.2/org.gjt.sp.jedit.browser.BrowserIORequest.txt,0
./DatabaseClean/jedit-4.2/org.gjt.sp.jedit.buffer.BufferIORequest.txt,0
./DatabaseClean/jedit-4.2/org.gjt.sp.jedit.gui.ColorWellButton.txt,0
./DatabaseClean/jedit-4.2/bsh.BSHArguments.txt,0
./DatabaseClean/jedit-4.2/org.gjt.sp.jedit.textarea.ScrollListener.txt,0
./DatabaseClean/jedit-4.2/gnu.regexp.CharIndexedInputStream.txt,0
./DatabaseClean/jedit-4.2/org.gjt.sp.jedit.msg.VFSUpdate.txt,0
./DatabaseClean/jedit-4.2/org.gjt.sp.jedit.ModeCatalogHandler.txt,0
./DatabaseClean/jedit-4.2/bsh.reflect.ReflectManagerImpl.txt,0
./DatabaseClean/jedit-4.2/org.gjt.sp.util.CharIndexedSegment.txt,0
./DatabaseClean/jedit-4.2/gnu.regexp.RETokenStart.txt,0
./DatabaseClean/jedit-4.2/bsh.This.txt,0
./DatabaseClean/jedit-4.2/bsh.BSHTypedVariableDeclaration.txt,0
./DatabaseClean/jedit-4.2/org.gjt.sp.jedit.EditAction.txt,0
./DatabaseClean/jedit-4.2/bsh.ReturnControl.txt,0
./DatabaseClean/jedit-4.2/bsh.ParserConstants.txt,0
./DatabaseClean/jedit-4.2/org.gjt.sp.jedit.options.FirewallOptionPane.txt,0
./DatabaseClean/jedit-4.2/org.gjt.sp.jedit.View.txt,1
./DatabaseClean/jedit-4.2/gnu.regexp.RETokenWordBoundary.txt,0
./DatabaseClean/jedit-4.2/org.gjt.sp.jedit.buffer.LineManager.txt,0
./DatabaseClean/jedit-4.2/org.gjt.sp.jedit.browser.VFSFileNameField.txt,0
./DatabaseClean/jedit-4.2/bsh.StringUtil.txt,0
./DatabaseClean/jedit-4.2/bsh.Name.txt,0
./DatabaseClean/jedit-4.2/org.gjt.sp.util.WorkRequest.txt,0
./DatabaseClean/jedit-4.2/org.gjt.sp.jedit.menu.PluginsProvider.txt,0
./DatabaseClean/jedit-4.2/bsh.BSHClassDeclaration.txt,0
./DatabaseClean/jedit-4.2/org.gjt.sp.jedit.browser.BrowserListener.txt,0
./DatabaseClean/jedit-4.2/bsh.Primitive.txt,0
./DatabaseClean/jedit-4.2/bsh.Reflect.txt,0
./DatabaseClean/jedit-4.2/org.gjt.sp.util.WorkThreadPool.txt,0
./DatabaseClean/jedit-4.2/org.gjt.sp.jedit.gui.EnhancedDialog.txt,0
./DatabaseClean/jedit-4.2/org.gjt.sp.jedit.io.UrlVFS.txt,0
./DatabaseClean/jedit-4.2/org.gjt.sp.jedit.AbstractOptionPane.txt,0
./DatabaseClean/jedit-4.2/bsh.BSHPrimitiveType.txt,0
./DatabaseClean/jedit-4.2/gnu.regexp.UncheckedRE.txt,0
./DatabaseClean/jedit-4.2/org.gjt.sp.jedit.search.BufferListSet.txt,0
./DatabaseClean/jedit-4.2/org.gjt.sp.jedit.gui.FontSelector.txt,0
./DatabaseClean/jedit-4.2/bsh.ParserTreeConstants.txt,0
./DatabaseClean/jedit-4.2/org.gjt.sp.jedit.Buffer.txt,1
./DatabaseClean/jedit-4.2/org.gjt.sp.jedit.gui.BufferOptions.txt,0
./DatabaseClean/jedit-4.2/org.gjt.sp.jedit.proto.jeditresource.Handler.txt,0
./DatabaseClean/jedit-4.2/gnu.regexp.RETokenRepeated.txt,0
./DatabaseClean/jedit-4.2/gnu.regexp.RETokenOneOf.txt,0
./DatabaseClean/jedit-4.2/gnu.regexp.CharIndexedString.txt,0
./DatabaseClean/jedit-4.2/org.gjt.sp.jedit.gui.DockableWindowContainer.txt,0
./DatabaseClean/jedit-4.2/org.gjt.sp.jedit.EditPlugin.txt,0
./DatabaseClean/jedit-4.2/org.gjt.sp.jedit.gui.ActionBar.txt,0
./DatabaseClean/jedit-4.2/org.gjt.sp.jedit.browser.VFSBrowser.txt,1
./DatabaseClean/jedit-4.2/bsh.EvalError.txt,0
./DatabaseClean/jedit-4.2/org.gjt.sp.jedit.JARClassLoader.txt,1
./DatabaseClean/jedit-4.2/org.gjt.sp.jedit.options.EditingOptionPane.txt,0
./DatabaseClean/jedit-4.2/bsh.ReflectManager.txt,0
./DatabaseClean/jedit-4.2/org.gjt.sp.jedit.EditPane.txt,0
./DatabaseClean/jedit-4.2/org.gjt.sp.jedit.gui.FilesChangedDialog.txt,0
./DatabaseClean/jedit-4.2/bsh.BSHEnhancedForStatement.txt,0
./DatabaseClean/jedit-4.2/org.gjt.sp.jedit.PerspectiveManager.txt,1
./DatabaseClean/jedit-4.2/org.gjt.sp.jedit.gui.AboutDialog.txt,0
./DatabaseClean/jedit-4.2/org.gjt.sp.jedit.buffer.KillRing.txt,1
./DatabaseClean/jedit-4.2/gnu.regexp.RETokenLookAhead.txt,0
./DatabaseClean/jedit-4.2/org.gjt.sp.jedit.syntax.SyntaxUtilities.txt,0
./DatabaseClean/jedit-4.2/org.gjt.sp.jedit.print.BufferPrinter1_3.txt,0
./DatabaseClean/jedit-4.2/org.gjt.sp.jedit.options.ToolBarOptionPane.txt,0
./DatabaseClean/jedit-4.2/bsh.ReflectError.txt,0
./DatabaseClean/jedit-4.2/org.gjt.sp.jedit.menu.EnhancedMenu.txt,0
./DatabaseClean/jedit-4.2/org.gjt.sp.jedit.msg.PluginUpdate.txt,0
./DatabaseClean/jedit-4.2/org.gjt.sp.jedit.print.BufferPrintable.txt,0
./DatabaseClean/jedit-4.2/org.gjt.sp.jedit.gui.EditAbbrevDialog.txt,0
./DatabaseClean/jedit-4.2/org.objectweb.asm.Item.txt,0
./DatabaseClean/jedit-4.2/org.gjt.sp.jedit.io.FavoritesVFS.txt,0
./DatabaseClean/jedit-4.2/org.gjt.sp.jedit.buffer.ExplicitFoldHandler.txt,0
./DatabaseClean/jedit-4.2/org.gjt.sp.jedit.gui.ToolBarManager.txt,0
./DatabaseClean/jedit-4.2/org.gjt.sp.jedit.EBPlugin.txt,0
./DatabaseClean/jedit-4.2/bsh.Node.txt,0
./DatabaseClean/jedit-4.2/org.gjt.sp.jedit.search.BoyerMooreSearchMatcher.txt,0
./DatabaseClean/jedit-4.2/org.gjt.sp.jedit.Debug.txt,0
./DatabaseClean/jedit-4.2/bsh.BSHWhileStatement.txt,0
./DatabaseClean/jedit-4.2/bsh.InterpreterError.txt,0
./DatabaseClean/jedit-4.2/org.gjt.sp.jedit.gui.HistoryModel.txt,0
./DatabaseClean/jedit-4.2/bsh.BSHTernaryExpression.txt,0
./DatabaseClean/jedit-4.2/org.gjt.sp.jedit.msg.DockableWindowUpdate.txt,0
./DatabaseClean/jedit-4.2/org.gjt.sp.jedit.gui.PasteFromListDialog.txt,0
./DatabaseClean/jedit-4.2/gnu.regexp.REMatchEnumeration.txt,0
./DatabaseClean/jedit-4.2/bsh.XThis.txt,0
./DatabaseClean/jedit-4.2/bsh.BSHLiteral.txt,0
./DatabaseClean/jedit-4.2/org.gjt.sp.jedit.search.SearchAndReplace.txt,1
./DatabaseClean/jedit-4.2/org.gjt.sp.jedit.gui.KeyEventTranslator.txt,0
./DatabaseClean/jedit-4.2/gnu.regexp.CharIndexedStringBuffer.txt,0
./DatabaseClean/jedit-4.2/org.gjt.sp.jedit.EditBus.txt,0
./DatabaseClean/jedit-4.2/gnu.regexp.RE.txt,0
./DatabaseClean/jedit-4.2/org.gjt.sp.jedit.msg.EditorExiting.txt,0
./DatabaseClean/jedit-4.2/gnu.regexp.RETokenPOSIX.txt,0
./DatabaseClean/jedit-4.2/org.objectweb.asm.ClassVisitor.txt,0
./DatabaseClean/jedit-4.2/org.gjt.sp.jedit.msg.SearchSettingsChanged.txt,0
./DatabaseClean/jedit-4.2/bsh.NameSpace.txt,1
./DatabaseClean/jedit-4.2/org.gjt.sp.jedit.ServiceListHandler.txt,0
./DatabaseClean/jedit-4.2/org.gjt.sp.jedit.msg.EditorStarted.txt,0
./DatabaseClean/jedit-4.2/bsh.BSHAmbiguousName.txt,0
./DatabaseClean/jedit-4.2/org.gjt.sp.jedit.io.FileRootsVFS.txt,0
./DatabaseClean/jedit-4.2/org.gjt.sp.jedit.syntax.ParserRuleSet.txt,0
./DatabaseClean/jedit-4.2/org.gjt.sp.jedit.buffer.LineElement.txt,0
./DatabaseClean/jedit-4.2/org.gjt.sp.jedit.search.SearchFileSet.txt,0
./DatabaseClean/jedit-4.2/bsh.TokenMgrError.txt,0
./DatabaseClean/jedit-4.2/org.gjt.sp.jedit.syntax.Chunk.txt,1
./DatabaseClean/jedit-4.2/org.gjt.sp.jedit.BufferHistory.txt,0
./DatabaseClean/jedit-4.2/org.gjt.sp.jedit.pluginmgr.MirrorList.txt,0
./DatabaseClean/jedit-4.2/org.gjt.sp.jedit.textarea.MouseActions.txt,0
./DatabaseClean/jedit-4.2/org.gjt.sp.jedit.gui.DockableWindowManager.txt,1
./DatabaseClean/jedit-4.2/org.gjt.sp.jedit.gui.AbbrevEditor.txt,0
./DatabaseClean/jedit-4.2/org.gjt.sp.jedit.gui.EnhancedButton.txt,0
./DatabaseClean/jedit-4.2/org.gjt.sp.jedit.gui.ErrorListDialog.txt,1
./DatabaseClean/jedit-4.2/org.gjt.sp.jedit.gui.SplashScreen.txt,0
./DatabaseClean/jedit-4.2/bsh.collection.CollectionManagerImpl.txt,0
./DatabaseClean/jedit-4.2/bsh.Capabilities.txt,0
./DatabaseClean/jedit-4.2/bsh.BSHMethodDeclaration.txt,0
./DatabaseClean/jedit-4.2/org.gjt.sp.jedit.browser.BrowserView.txt,1
./DatabaseClean/jedit-4.2/org.gjt.sp.jedit.options.PrintOptionPane.txt,0
./DatabaseClean/jedit-4.2/org.gjt.sp.util.WorkThread.txt,0
./DatabaseClean/jedit-4.2/gnu.regexp.REToken.txt,0
./DatabaseClean/jedit-4.2/org.gjt.sp.jedit.syntax.XModeHandler.txt,1
./DatabaseClean/jedit-4.2/org.gjt.sp.jedit.buffer.BufferChangeListener.txt,0
./DatabaseClean/jedit-4.2/org.gjt.sp.jedit.textarea.Selection.txt,0
./DatabaseClean/jedit-4.2/org.gjt.sp.jedit.options.AutosaveBackupOptionPane.txt,0
./DatabaseClean/jedit-4.2/bsh.ParserTokenManager.txt,0
./DatabaseClean/jedit-4.2/org.gjt.sp.jedit.Marker.txt,0
./DatabaseClean/jedit-4.2/org.objectweb.asm.Constants.txt,0
./DatabaseClean/jedit-4.2/org.gjt.sp.jedit.menu.EnhancedMenuItem.txt,0
./DatabaseClean/jedit-4.2/org.gjt.sp.jedit.pluginmgr.PluginListHandler.txt,0
./DatabaseClean/jedit-4.2/org.gjt.sp.jedit.options.StatusBarOptionPane.txt,0
./DatabaseClean/jedit-4.2/gnu.regexp.RETokenAny.txt,0
./DatabaseClean/jedit-4.2/org.gjt.sp.jedit.gui.HistoryTextField.txt,0
./DatabaseClean/jedit-4.2/org.gjt.sp.jedit.browser.FileCellRenderer.txt,0
./DatabaseClean/jedit-4.2/org.gjt.sp.jedit.browser.VFSDirectoryEntryTableModel.txt,1
./DatabaseClean/jedit-4.2/org.gjt.sp.jedit.gui.DefaultInputHandler.txt,0
./DatabaseClean/jedit-4.2/bsh.ConsoleInterface.txt,0
./DatabaseClean/jedit-4.2/bsh.BSHBlock.txt,0
./DatabaseClean/jedit-4.2/org.gjt.sp.jedit.EBComponent.txt,0
./DatabaseClean/jedit-4.2/bsh.BSHPrimaryExpression.txt,0
./DatabaseClean/jedit-4.2/org.gjt.sp.jedit.EBMessage.txt,0
./DatabaseClean/jedit-4.2/org.gjt.sp.jedit.gui.CloseDialog.txt,0
./DatabaseClean/jedit-4.2/org.gjt.sp.jedit.search.SearchDialog.txt,0
./DatabaseClean/jedit-4.2/org.gjt.sp.jedit.menu.DynamicMenuProvider.txt,0
./DatabaseClean/jedit-4.2/org.gjt.sp.jedit.help.HelpTOCPanel.txt,0
./DatabaseClean/jedit-4.2/org.gjt.sp.jedit.buffer.UndoManager.txt,0
./DatabaseClean/jedit-4.2/org.gjt.sp.jedit.gui.BufferSwitcher.txt,0
./DatabaseClean/jedit-4.2/bsh.ClassGeneratorImpl.txt,0
./DatabaseClean/jedit-4.2/org.gjt.sp.jedit.buffer.BufferChangeAdapter.txt,0
./DatabaseClean/jedit-4.2/gnu.regexp.RETokenEndSub.txt,0
./DatabaseClean/jedit-4.2/gnu.regexp.RETokenRange.txt,0
./DatabaseClean/jedit-4.2/com.microstar.xml.XmlParser.txt,0
./DatabaseClean/jedit-4.2/org.gjt.sp.jedit.io.VFSManager.txt,0
./DatabaseClean/jedit-4.2/org.gjt.sp.util.ReadWriteLock.txt,0
./DatabaseClean/jedit-4.2/bsh.Types.txt,0
./DatabaseClean/jedit-4.2/bsh.BshClassManager.txt,0
./DatabaseClean/jedit-4.2/gnu.regexp.RETokenChar.txt,0
./DatabaseClean/jedit-4.2/org.objectweb.asm.ClassWriter.txt,0
./DatabaseClean/jedit-4.2/bsh.BSHImportDeclaration.txt,0
./DatabaseClean/jedit-4.2/org.gjt.sp.jedit.options.PluginOptions.txt,0
./DatabaseClean/jedit-4.2/org.gjt.sp.jedit.io.FileVFS.txt,1
./DatabaseClean/jedit-4.2/org.gjt.sp.jedit.SettingsReloader.txt,0
./DatabaseClean/jedit-4.2/bsh.SimpleNode.txt,0
./DatabaseClean/jedit-4.2/org.gjt.sp.jedit.search.RESearchMatcher.txt,0
./DatabaseClean/jedit-4.2/org.gjt.sp.jedit.textarea.ExtensionManager.txt,0
./DatabaseClean/jedit-4.2/org.gjt.sp.jedit.menu.MarkersProvider.txt,0
./DatabaseClean/jedit-4.2/bsh.NameSource.txt,0
./DatabaseClean/jedit-4.2/org.gjt.sp.jedit.pluginmgr.Roster.txt,1
./DatabaseClean/jedit-4.2/bsh.UtilTargetError.txt,0
./DatabaseClean/jedit-4.2/bsh.BSHThrowStatement.txt,0
./DatabaseClean/jedit-4.2/bsh.BSHCastExpression.txt,0
./DatabaseClean/jedit-4.2/org.gjt.sp.jedit.search.SearchMatcher.txt,1
./DatabaseClean/jedit-4.2/org.gjt.sp.jedit.msg.ViewUpdate.txt,0
./DatabaseClean/jedit-4.2/bsh.BSHPackageDeclaration.txt,0
./DatabaseClean/jedit-4.2/org.gjt.sp.jedit.OperatingSystem.txt,1
./DatabaseClean/jedit-4.2/bsh.BSHUnaryExpression.txt,0
./DatabaseClean/jedit-4.2/org.gjt.sp.jedit.options.MouseOptionPane.txt,0
./DatabaseClean/jedit-4.2/org.gjt.sp.jedit.gui.PanelWindowContainer.txt,1
./DatabaseClean/jedit-4.2/gnu.regexp.RETokenBackRef.txt,0
./DatabaseClean/jedit-4.2/org.gjt.sp.jedit.pluginmgr.PluginList.txt,0
./DatabaseClean/jedit-4.2/bsh.TargetError.txt,0
./DatabaseClean/jedit-4.2/org.gjt.sp.jedit.ActionListHandler.txt,0
./DatabaseClean/jedit-4.2/bsh.BSHReturnType.txt,0
