file_path,label
./DatabaseClean/jedit-4.0/org.gjt.sp.jedit.gui.MacrosMenu.txt,0
./DatabaseClean/jedit-4.0/org.gjt.sp.jedit.options.ModeOptionPane.txt,1
./DatabaseClean/jedit-4.0/org.gjt.sp.jedit.gui.OptionsDialog.txt,1
./DatabaseClean/jedit-4.0/org.gjt.sp.jedit.buffer.ExplicitFoldHandler.txt,0
./DatabaseClean/jedit-4.0/org.gjt.sp.jedit.options.GeneralOptionPane.txt,1
./DatabaseClean/jedit-4.0/bsh.reflect.ReflectManagerImpl.txt,0
./DatabaseClean/jedit-4.0/org.gjt.sp.jedit.gui.CurrentDirectoryMenu.txt,0
./DatabaseClean/jedit-4.0/org.gjt.sp.jedit.gui.JCheckBoxList.txt,1
./DatabaseClean/jedit-4.0/bsh.Node.txt,0
./DatabaseClean/jedit-4.0/org.gjt.sp.jedit.options.ColorOptionPane.txt,0
./DatabaseClean/jedit-4.0/org.gjt.sp.jedit.search.BoyerMooreSearchMatcher.txt,1
./DatabaseClean/jedit-4.0/org.gjt.sp.jedit.proto.jeditresource.PluginResURLConnection.txt,1
./DatabaseClean/jedit-4.0/org.gjt.sp.jedit.Buffer.txt,1
./DatabaseClean/jedit-4.0/org.gjt.sp.jedit.JARClassLoader.txt,1
./DatabaseClean/jedit-4.0/org.gjt.sp.jedit.gui.DefaultInputHandler.txt,1
./DatabaseClean/jedit-4.0/org.gjt.sp.jedit.options.EditingOptionPane.txt,1
./DatabaseClean/jedit-4.0/bsh.ConsoleInterface.txt,0
./DatabaseClean/jedit-4.0/org.gjt.sp.jedit.textarea.JEditTextArea.txt,1
./DatabaseClean/jedit-4.0/bsh.BSHFormalParameters.txt,0
./DatabaseClean/jedit-4.0/bsh.ReflectManager.txt,0
./DatabaseClean/jedit-4.0/org.gjt.sp.jedit.pluginmgr.PluginManager.txt,0
./DatabaseClean/jedit-4.0/bsh.BSHPrimaryExpression.txt,0
./DatabaseClean/jedit-4.0/org.gjt.sp.jedit.Java14.txt,1
./DatabaseClean/jedit-4.0/org.gjt.sp.jedit.EBMessage.txt,1
./DatabaseClean/jedit-4.0/org.gjt.sp.jedit.options.AbbrevsOptionPane.txt,0
./DatabaseClean/jedit-4.0/org.gjt.sp.jedit.gui.AboutDialog.txt,0
./DatabaseClean/jedit-4.0/org.gjt.sp.jedit.search.SearchDialog.txt,1
./DatabaseClean/jedit-4.0/gnu.regexp.RETokenLookAhead.txt,0
./DatabaseClean/jedit-4.0/gnu.regexp.RESyntax.txt,0
./DatabaseClean/jedit-4.0/org.gjt.sp.jedit.search.AllBufferSet.txt,0
./DatabaseClean/jedit-4.0/org.gjt.sp.jedit.textarea.FoldVisibilityManager.txt,1
./DatabaseClean/jedit-4.0/bsh.ReturnControl.txt,0
./DatabaseClean/jedit-4.0/org.gjt.sp.jedit.gui.BufferSwitcher.txt,0
./DatabaseClean/jedit-4.0/org.gjt.sp.jedit.buffer.OffsetManager.txt,1
./DatabaseClean/jedit-4.0/org.gjt.sp.jedit.options.FirewallOptionPane.txt,0
./DatabaseClean/jedit-4.0/org.gjt.sp.jedit.View.txt,1
./DatabaseClean/jedit-4.0/org.gjt.sp.jedit.io.VFS.txt,0
./DatabaseClean/jedit-4.0/org.gjt.sp.jedit.gui.JEditMetalTheme.txt,0
./DatabaseClean/jedit-4.0/org.gjt.sp.jedit.buffer.BufferChangeAdapter.txt,0
./DatabaseClean/jedit-4.0/gnu.regexp.RETokenEndSub.txt,0
./DatabaseClean/jedit-4.0/gnu.regexp.RETokenRange.txt,0
./DatabaseClean/jedit-4.0/com.microstar.xml.XmlParser.txt,0
./DatabaseClean/jedit-4.0/org.gjt.sp.jedit.io.VFSManager.txt,1
./DatabaseClean/jedit-4.0/org.gjt.sp.jedit.gui.BufferOptions.txt,1
./DatabaseClean/jedit-4.0/gnu.regexp.CharIndexed.txt,0
./DatabaseClean/jedit-4.0/bsh.InterpreterError.txt,0
./DatabaseClean/jedit-4.0/org.gjt.sp.jedit.Registers.txt,1
./DatabaseClean/jedit-4.0/bsh.BSHTernaryExpression.txt,0
./DatabaseClean/jedit-4.0/org.gjt.sp.jedit.search.DirectoryListSet.txt,0
./DatabaseClean/jedit-4.0/org.gjt.sp.jedit.gui.StatusBar.txt,1
./DatabaseClean/jedit-4.0/bsh.XThis.txt,0
./DatabaseClean/jedit-4.0/org.gjt.sp.jedit.Mode.txt,1
./DatabaseClean/jedit-4.0/bsh.BSHLiteral.txt,0
./DatabaseClean/jedit-4.0/org.gjt.sp.jedit.browser.FileCellRenderer.txt,0
./DatabaseClean/jedit-4.0/org.gjt.sp.jedit.TextUtilities.txt,1
./DatabaseClean/jedit-4.0/org.gjt.sp.jedit.options.TextAreaOptionPane.txt,0
./DatabaseClean/jedit-4.0/gnu.regexp.CharIndexedReader.txt,0
./DatabaseClean/jedit-4.0/org.gjt.sp.util.Log.txt,0
./DatabaseClean/jedit-4.0/bsh.EvalError.txt,1
./DatabaseClean/jedit-4.0/org.gjt.sp.jedit.syntax.KeywordMap.txt,0
./DatabaseClean/jedit-4.0/org.gjt.sp.jedit.options.ContextOptionPane.txt,0
./DatabaseClean/jedit-4.0/bsh.BSHSwitchLabel.txt,0
./DatabaseClean/jedit-4.0/org.gjt.sp.jedit.io.UrlVFS.txt,0
./DatabaseClean/jedit-4.0/com.microstar.xml.XmlException.txt,0
./DatabaseClean/jedit-4.0/bsh.BSHPrimarySuffix.txt,0
./DatabaseClean/jedit-4.0/org.gjt.sp.jedit.Abbrevs.txt,1
./DatabaseClean/jedit-4.0/bsh.BSHPrimitiveType.txt,0
./DatabaseClean/jedit-4.0/org.gjt.sp.jedit.syntax.XModeHandler.txt,1
./DatabaseClean/jedit-4.0/gnu.regexp.UncheckedRE.txt,0
./DatabaseClean/jedit-4.0/org.gjt.sp.jedit.gui.FloatingWindowContainer.txt,1
./DatabaseClean/jedit-4.0/org.gjt.sp.jedit.search.BufferListSet.txt,0
./DatabaseClean/jedit-4.0/org.gjt.sp.jedit.syntax.TokenMarker.txt,1
./DatabaseClean/jedit-4.0/org.gjt.sp.jedit.textarea.Selection.txt,1
./DatabaseClean/jedit-4.0/org.gjt.sp.jedit.syntax.Token.txt,1
./DatabaseClean/jedit-4.0/org.gjt.sp.jedit.textarea.TextAreaPainter.txt,1
./DatabaseClean/jedit-4.0/bsh.BSHIfStatement.txt,0
./DatabaseClean/jedit-4.0/org.gjt.sp.jedit.options.BrowserColorsOptionPane.txt,0
./DatabaseClean/jedit-4.0/org.gjt.sp.jedit.EditBus.txt,0
./DatabaseClean/jedit-4.0/org.gjt.sp.jedit.gui.VariableGridLayout.txt,1
./DatabaseClean/jedit-4.0/org.gjt.sp.jedit.options.GutterOptionPane.txt,1
./DatabaseClean/jedit-4.0/org.gjt.sp.jedit.options.StyleOptionPane.txt,0
./DatabaseClean/jedit-4.0/bsh.BSHArrayInitializer.txt,0
./DatabaseClean/jedit-4.0/org.gjt.sp.jedit.buffer.DummyFoldHandler.txt,0
./DatabaseClean/jedit-4.0/org.gjt.sp.jedit.gui.RecentDirectoriesMenu.txt,0
./DatabaseClean/jedit-4.0/org.gjt.sp.jedit.buffer.RootElement.txt,0
./DatabaseClean/jedit-4.0/org.gjt.sp.jedit.buffer.IndentFoldHandler.txt,0
./DatabaseClean/jedit-4.0/org.gjt.sp.jedit.BeanShellAction.txt,0
./DatabaseClean/jedit-4.0/org.gjt.sp.jedit.textarea.ChunkCache.txt,1
./DatabaseClean/jedit-4.0/bsh.BshMethod.txt,0
./DatabaseClean/jedit-4.0/org.gjt.sp.util.ReadWriteLock.txt,0
./DatabaseClean/jedit-4.0/gnu.regexp.REException.txt,0
./DatabaseClean/jedit-4.0/bsh.BSHLHSPrimaryExpression.txt,0
./DatabaseClean/jedit-4.0/bsh.StringUtil.txt,0
./DatabaseClean/jedit-4.0/bsh.Name.txt,0
./DatabaseClean/jedit-4.0/org.gjt.sp.jedit.gui.OpenWithEncodingMenu.txt,0
./DatabaseClean/jedit-4.0/gnu.regexp.REMatch.txt,0
./DatabaseClean/jedit-4.0/org.gjt.sp.util.WorkRequest.txt,0
./DatabaseClean/jedit-4.0/org.gjt.sp.jedit.pluginmgr.InstallPluginsDialog.txt,0
./DatabaseClean/jedit-4.0/com.microstar.xml.XmlHandler.txt,0
./DatabaseClean/jedit-4.0/org.gjt.sp.jedit.syntax.ParserRule.txt,1
./DatabaseClean/jedit-4.0/org.gjt.sp.jedit.gui.SplashScreen.txt,0
./DatabaseClean/jedit-4.0/org.gjt.sp.jedit.options.ShortcutsOptionPane.txt,0
./DatabaseClean/jedit-4.0/org.gjt.sp.jedit.gui.ViewRegisters.txt,0
./DatabaseClean/jedit-4.0/org.gjt.sp.jedit.browser.BrowserCommandsMenu.txt,1
./DatabaseClean/jedit-4.0/org.gjt.sp.jedit.gui.EnhancedMenu.txt,0
./DatabaseClean/jedit-4.0/bsh.Capabilities.txt,0
./DatabaseClean/jedit-4.0/org.gjt.sp.jedit.Autosave.txt,1
./DatabaseClean/jedit-4.0/org.gjt.sp.jedit.gui.CompleteWord.txt,1
./DatabaseClean/jedit-4.0/bsh.ClassPathException.txt,0
./DatabaseClean/jedit-4.0/org.gjt.sp.jedit.search.SearchMatcher.txt,0
./DatabaseClean/jedit-4.0/bsh.ParseException.txt,0
./DatabaseClean/jedit-4.0/bsh.Token.txt,0
./DatabaseClean/jedit-4.0/bsh.JThis.txt,0
./DatabaseClean/jedit-4.0/org.gjt.sp.jedit.msg.EditorExitRequested.txt,0
./DatabaseClean/jedit-4.0/org.gjt.sp.jedit.browser.BrowserIORequest.txt,0
./DatabaseClean/jedit-4.0/org.gjt.sp.jedit.gui.PanelWindowContainer.txt,1
./DatabaseClean/jedit-4.0/gnu.regexp.RETokenBackRef.txt,0
./DatabaseClean/jedit-4.0/org.gjt.sp.jedit.textarea.ScrollListener.txt,0
./DatabaseClean/jedit-4.0/gnu.regexp.CharIndexedCharArray.txt,0
./DatabaseClean/jedit-4.0/bsh.TargetError.txt,0
./DatabaseClean/jedit-4.0/gnu.regexp.CharIndexedInputStream.txt,0
./DatabaseClean/jedit-4.0/bsh.BSHAllocationExpression.txt,0
./DatabaseClean/jedit-4.0/bsh.BSHMethodInvocation.txt,0
./DatabaseClean/jedit-4.0/org.gjt.sp.jedit.msg.VFSUpdate.txt,0
./DatabaseClean/jedit-4.0/bsh.BSHReturnType.txt,0
./DatabaseClean/jedit-4.0/org.gjt.sp.jedit.print.BufferPrintable.txt,1
./DatabaseClean/jedit-4.0/org.gjt.sp.jedit.search.HyperSearchResult.txt,0
./DatabaseClean/jedit-4.0/bsh.BSHImportDeclaration.txt,0
./DatabaseClean/jedit-4.0/bsh.BSHAssignment.txt,0
./DatabaseClean/jedit-4.0/org.gjt.sp.jedit.gui.BeanShellErrorDialog.txt,0
./DatabaseClean/jedit-4.0/org.gjt.sp.jedit.ActionSet.txt,1
./DatabaseClean/jedit-4.0/org.gjt.sp.jedit.SettingsReloader.txt,1
./DatabaseClean/jedit-4.0/org.gjt.sp.jedit.gui.EnhancedCheckBoxMenuItem.txt,0
./DatabaseClean/jedit-4.0/org.gjt.sp.jedit.jEdit.txt,1
./DatabaseClean/jedit-4.0/bsh.BSHForStatement.txt,0
./DatabaseClean/jedit-4.0/bsh.BSHAmbiguousName.txt,0
./DatabaseClean/jedit-4.0/org.gjt.sp.jedit.io.FileRootsVFS.txt,1
./DatabaseClean/jedit-4.0/org.gjt.sp.jedit.search.RESearchMatcher.txt,0
./DatabaseClean/jedit-4.0/org.gjt.sp.jedit.search.HyperSearchRequest.txt,0
./DatabaseClean/jedit-4.0/org.gjt.sp.jedit.textarea.ExtensionManager.txt,0
./DatabaseClean/jedit-4.0/bsh.BlockNameSpace.txt,0
./DatabaseClean/jedit-4.0/org.gjt.sp.jedit.gui.InputHandler.txt,0
./DatabaseClean/jedit-4.0/org.gjt.sp.jedit.print.BufferPrinter.txt,0
./DatabaseClean/jedit-4.0/org.gjt.sp.jedit.syntax.ParserRuleFactory.txt,0
./DatabaseClean/jedit-4.0/bsh.CommandLineReader.txt,0
./DatabaseClean/jedit-4.0/org.gjt.sp.jedit.BufferHistory.txt,1
./DatabaseClean/jedit-4.0/bsh.BSHThrowStatement.txt,0
./DatabaseClean/jedit-4.0/org.gjt.sp.jedit.gui.EditAbbrevDialog.txt,0
./DatabaseClean/jedit-4.0/org.gjt.sp.jedit.gui.SelectLineRange.txt,0
./DatabaseClean/jedit-4.0/bsh.BSHSwitchStatement.txt,0
./DatabaseClean/jedit-4.0/org.gjt.sp.jedit.io.FavoritesVFS.txt,0
./DatabaseClean/jedit-4.0/org.gjt.sp.jedit.ModeCatalogHandler.txt,0
./DatabaseClean/jedit-4.0/org.gjt.sp.jedit.textarea.TextAreaHighlight.txt,0
./DatabaseClean/jedit-4.0/org.gjt.sp.jedit.gui.ToolBarManager.txt,0
./DatabaseClean/jedit-4.0/org.gjt.sp.jedit.EBPlugin.txt,0
./DatabaseClean/jedit-4.0/org.gjt.sp.jedit.MiscUtilities.txt,1
./DatabaseClean/jedit-4.0/gnu.regexp.RETokenStart.txt,0
./DatabaseClean/jedit-4.0/org.gjt.sp.jedit.textarea.Gutter.txt,1
./DatabaseClean/jedit-4.0/bsh.BSHBinaryExpression.txt,0
./DatabaseClean/jedit-4.0/bsh.This.txt,0
./DatabaseClean/jedit-4.0/bsh.BSHTryStatement.txt,0
./DatabaseClean/jedit-4.0/bsh.BSHWhileStatement.txt,0
./DatabaseClean/jedit-4.0/org.gjt.sp.jedit.gui.HelpViewer.txt,0
./DatabaseClean/jedit-4.0/org.gjt.sp.jedit.msg.CreateDockableWindow.txt,0
./DatabaseClean/jedit-4.0/org.gjt.sp.jedit.gui.GrabKeyDialog.txt,1
./DatabaseClean/jedit-4.0/bsh.BSHBlock.txt,0
./DatabaseClean/jedit-4.0/org.gjt.sp.jedit.GUIUtilities.txt,1
./DatabaseClean/jedit-4.0/org.gjt.sp.jedit.EBComponent.txt,0
./DatabaseClean/jedit-4.0/org.gjt.sp.jedit.gui.KeyEventWorkaround.txt,0
./DatabaseClean/jedit-4.0/org.gjt.sp.jedit.gui.PastePrevious.txt,0
./DatabaseClean/jedit-4.0/org.gjt.sp.jedit.EditPane.txt,1
./DatabaseClean/jedit-4.0/org.gjt.sp.jedit.search.CurrentBufferSet.txt,0
./DatabaseClean/jedit-4.0/org.gjt.sp.jedit.search.SearchBar.txt,1
./DatabaseClean/jedit-4.0/org.gjt.sp.jedit.gui.CloseDialog.txt,0
./DatabaseClean/jedit-4.0/org.gjt.sp.util.SegmentBuffer.txt,0
./DatabaseClean/jedit-4.0/org.gjt.sp.jedit.BeanShell.txt,1
./DatabaseClean/jedit-4.0/org.gjt.sp.jedit.msg.EditPaneUpdate.txt,0
./DatabaseClean/jedit-4.0/bsh.BSHTypedVariableDeclaration.txt,0
./DatabaseClean/jedit-4.0/org.gjt.sp.jedit.buffer.UndoManager.txt,1
./DatabaseClean/jedit-4.0/org.gjt.sp.jedit.EditAction.txt,1
./DatabaseClean/jedit-4.0/org.gjt.sp.jedit.EditServer.txt,1
./DatabaseClean/jedit-4.0/bsh.ParserConstants.txt,0
./DatabaseClean/jedit-4.0/gnu.regexp.RETokenEnd.txt,0
./DatabaseClean/jedit-4.0/org.gjt.sp.jedit.msg.MacrosChanged.txt,0
./DatabaseClean/jedit-4.0/org.gjt.sp.jedit.search.CharIndexedSegment.txt,0
./DatabaseClean/jedit-4.0/org.gjt.sp.jedit.pluginmgr.PluginManagerProgress.txt,1
./DatabaseClean/jedit-4.0/bsh.LHS.txt,0
./DatabaseClean/jedit-4.0/gnu.regexp.RETokenWordBoundary.txt,0
./DatabaseClean/jedit-4.0/org.gjt.sp.jedit.gui.AddAbbrevDialog.txt,0
./DatabaseClean/jedit-4.0/bsh.BSHFormalParameter.txt,0
./DatabaseClean/jedit-4.0/org.gjt.sp.jedit.options.AppearanceOptionPane.txt,1
./DatabaseClean/jedit-4.0/org.gjt.sp.jedit.gui.RecentFilesMenu.txt,0
./DatabaseClean/jedit-4.0/bsh.commands.dir.txt,0
./DatabaseClean/jedit-4.0/org.gjt.sp.jedit.proto.jeditresource.Handler.txt,0
./DatabaseClean/jedit-4.0/org.gjt.sp.jedit.options.BrowserOptionPane.txt,1
./DatabaseClean/jedit-4.0/org.gjt.sp.jedit.buffer.FoldHandler.txt,0
./DatabaseClean/jedit-4.0/org.gjt.sp.jedit.gui.HistoryModel.txt,0
./DatabaseClean/jedit-4.0/gnu.regexp.RETokenRepeated.txt,0
./DatabaseClean/jedit-4.0/gnu.regexp.REMatchEnumeration.txt,0
./DatabaseClean/jedit-4.0/bsh.BSHType.txt,0
./DatabaseClean/jedit-4.0/gnu.regexp.RETokenOneOf.txt,0
./DatabaseClean/jedit-4.0/bsh.BSHArrayDimensions.txt,0
./DatabaseClean/jedit-4.0/gnu.regexp.CharIndexedString.txt,0
./DatabaseClean/jedit-4.0/org.gjt.sp.jedit.gui.DockableWindowContainer.txt,0
./DatabaseClean/jedit-4.0/org.gjt.sp.jedit.msg.MultiSelectStatusChanged.txt,1
./DatabaseClean/jedit-4.0/org.gjt.sp.jedit.EditPlugin.txt,0
./DatabaseClean/jedit-4.0/bsh.BSHLHSPrimarySuffix.txt,0
./DatabaseClean/jedit-4.0/org.gjt.sp.jedit.browser.VFSBrowser.txt,1
./DatabaseClean/jedit-4.0/org.gjt.sp.jedit.options.DockingOptionPane.txt,0
./DatabaseClean/jedit-4.0/org.gjt.sp.jedit.browser.BrowserView.txt,1
./DatabaseClean/jedit-4.0/org.gjt.sp.jedit.options.PrintOptionPane.txt,1
./DatabaseClean/jedit-4.0/org.gjt.sp.util.WorkThread.txt,1
./DatabaseClean/jedit-4.0/org.gjt.sp.jedit.msg.PropertiesChanged.txt,0
./DatabaseClean/jedit-4.0/org.gjt.sp.jedit.AbstractOptionPane.txt,0
./DatabaseClean/jedit-4.0/gnu.regexp.REToken.txt,0
./DatabaseClean/jedit-4.0/org.gjt.sp.jedit.gui.ErrorListCellRenderer.txt,0
./DatabaseClean/jedit-4.0/org.gjt.sp.jedit.io.BufferIORequest.txt,0
./DatabaseClean/jedit-4.0/org.gjt.sp.jedit.Macros.txt,1
./DatabaseClean/jedit-4.0/org.gjt.sp.jedit.buffer.BufferChangeListener.txt,0
./DatabaseClean/jedit-4.0/org.gjt.sp.jedit.options.OverviewOptionPane.txt,0
./DatabaseClean/jedit-4.0/org.gjt.sp.jedit.gui.FontSelector.txt,0
./DatabaseClean/jedit-4.0/org.gjt.sp.jedit.textarea.TextAreaExtension.txt,0
./DatabaseClean/jedit-4.0/bsh.ParserTreeConstants.txt,0
./DatabaseClean/jedit-4.0/org.gjt.sp.jedit.search.SearchAndReplace.txt,1
./DatabaseClean/jedit-4.0/bsh.ParserTokenManager.txt,0
./DatabaseClean/jedit-4.0/gnu.regexp.CharIndexedStringBuffer.txt,0
./DatabaseClean/jedit-4.0/org.gjt.sp.jedit.syntax.SyntaxStyle.txt,1
./DatabaseClean/jedit-4.0/org.gjt.sp.jedit.Marker.txt,0
./DatabaseClean/jedit-4.0/gnu.regexp.RE.txt,0
./DatabaseClean/jedit-4.0/org.gjt.sp.jedit.msg.EditorExiting.txt,0
./DatabaseClean/jedit-4.0/gnu.regexp.RETokenPOSIX.txt,0
./DatabaseClean/jedit-4.0/gnu.regexp.REFilterInputStream.txt,0
./DatabaseClean/jedit-4.0/org.gjt.sp.jedit.pluginmgr.PluginListHandler.txt,0
./DatabaseClean/jedit-4.0/org.gjt.sp.jedit.msg.SearchSettingsChanged.txt,0
./DatabaseClean/jedit-4.0/bsh.ASCII_UCodeESC_CharStream.txt,0
./DatabaseClean/jedit-4.0/gnu.regexp.RETokenAny.txt,0
./DatabaseClean/jedit-4.0/bsh.NameSpace.txt,0
./DatabaseClean/jedit-4.0/org.gjt.sp.jedit.gui.HistoryTextField.txt,1
./DatabaseClean/jedit-4.0/org.gjt.sp.util.IntegerArray.txt,0
./DatabaseClean/jedit-4.0/org.gjt.sp.jedit.OptionGroup.txt,0
./DatabaseClean/jedit-4.0/bsh.JJTParserState.txt,0
./DatabaseClean/jedit-4.0/bsh.BshClassManager.txt,0
./DatabaseClean/jedit-4.0/org.gjt.sp.jedit.OptionPane.txt,0
./DatabaseClean/jedit-4.0/gnu.regexp.RETokenChar.txt,0
./DatabaseClean/jedit-4.0/org.gjt.sp.jedit.gui.ErrorListDialog.txt,0
./DatabaseClean/jedit-4.0/gnu.regexp.REFilterReader.txt,0
./DatabaseClean/jedit-4.0/org.gjt.sp.jedit.gui.EnhancedMenuItem.txt,0
./DatabaseClean/jedit-4.0/org.gjt.sp.jedit.browser.BrowserListener.txt,0
./DatabaseClean/jedit-4.0/bsh.Primitive.txt,0
./DatabaseClean/jedit-4.0/bsh.Reflect.txt,0
./DatabaseClean/jedit-4.0/org.gjt.sp.jedit.buffer.ContentManager.txt,0
./DatabaseClean/jedit-4.0/org.gjt.sp.util.WorkThreadPool.txt,0
./DatabaseClean/jedit-4.0/org.gjt.sp.jedit.gui.DockableWindow.txt,0
./DatabaseClean/jedit-4.0/bsh.BSHMethodDeclaration.txt,0
./DatabaseClean/jedit-4.0/org.gjt.sp.jedit.gui.EnhancedDialog.txt,0
./DatabaseClean/jedit-4.0/com.microstar.xml.HandlerBase.txt,0
./DatabaseClean/jedit-4.0/org.gjt.sp.jedit.msg.ViewUpdate.txt,0
./DatabaseClean/jedit-4.0/org.gjt.sp.jedit.gui.TipOfTheDay.txt,0
./DatabaseClean/jedit-4.0/org.gjt.sp.jedit.OperatingSystem.txt,0
./DatabaseClean/jedit-4.0/bsh.BSHUnaryExpression.txt,0
./DatabaseClean/jedit-4.0/bsh.BSHReturnStatement.txt,0
./DatabaseClean/jedit-4.0/org.gjt.sp.jedit.gui.DockableWindowManager.txt,1
./DatabaseClean/jedit-4.0/bsh.BSHArguments.txt,0
./DatabaseClean/jedit-4.0/org.gjt.sp.jedit.pluginmgr.PluginList.txt,1
./DatabaseClean/jedit-4.0/org.gjt.sp.jedit.gui.AbbrevEditor.txt,0
./DatabaseClean/jedit-4.0/org.gjt.sp.jedit.gui.EnhancedButton.txt,0
./DatabaseClean/jedit-4.0/org.gjt.sp.jedit.options.ToolBarOptionPane.txt,1
./DatabaseClean/jedit-4.0/bsh.ReflectError.txt,0
./DatabaseClean/jedit-4.0/org.gjt.sp.jedit.ActionListHandler.txt,0
./DatabaseClean/jedit-4.0/org.gjt.sp.jedit.gui.MarkersMenu.txt,0
./DatabaseClean/jedit-4.0/org.gjt.sp.jedit.browser.VFSFileChooserDialog.txt,1
./DatabaseClean/jedit-4.0/bsh.BSHStatementExpressionList.txt,0
./DatabaseClean/jedit-4.0/org.gjt.sp.jedit.gui.LogViewer.txt,1
./DatabaseClean/jedit-4.0/org.gjt.sp.jedit.io.FileVFS.txt,0
./DatabaseClean/jedit-4.0/org.gjt.sp.jedit.options.LoadSaveOptionPane.txt,0
./DatabaseClean/jedit-4.0/bsh.SimpleNode.txt,0
./DatabaseClean/jedit-4.0/org.gjt.sp.jedit.msg.EditorStarted.txt,0
./DatabaseClean/jedit-4.0/bsh.BSHVariableDeclarator.txt,0
./DatabaseClean/jedit-4.0/org.gjt.sp.util.WorkThreadProgressListener.txt,0
./DatabaseClean/jedit-4.0/org.gjt.sp.jedit.syntax.ParserRuleSet.txt,1
./DatabaseClean/jedit-4.0/org.gjt.sp.jedit.gui.IOProgressMonitor.txt,0
./DatabaseClean/jedit-4.0/org.gjt.sp.jedit.pluginmgr.PluginListDownloadProgress.txt,0
./DatabaseClean/jedit-4.0/org.gjt.sp.jedit.buffer.LineElement.txt,0
./DatabaseClean/jedit-4.0/org.gjt.sp.jedit.msg.BufferUpdate.txt,0
./DatabaseClean/jedit-4.0/org.gjt.sp.jedit.search.SearchFileSet.txt,0
./DatabaseClean/jedit-4.0/bsh.NameSource.txt,0
./DatabaseClean/jedit-4.0/org.gjt.sp.jedit.pluginmgr.Roster.txt,1
./DatabaseClean/jedit-4.0/bsh.TokenMgrError.txt,0
./DatabaseClean/jedit-4.0/bsh.CallStack.txt,0
./DatabaseClean/jedit-4.0/org.gjt.sp.jedit.search.HyperSearchResults.txt,1
./DatabaseClean/jedit-4.0/bsh.BSHCastExpression.txt,0
