file_path,label
./DatabaseClean/lucene-2.2/org.apache.lucene.search.FuzzyQuery.txt,1
./DatabaseClean/lucene-2.2/org.apache.lucene.index.MultiLevelSkipListReader.txt,1
./DatabaseClean/lucene-2.2/org.apache.lucene.store.RAMDirectory.txt,1
./DatabaseClean/lucene-2.2/org.apache.lucene.search.spans.SpanQuery.txt,0
./DatabaseClean/lucene-2.2/org.apache.lucene.index.TermPositions.txt,1
./DatabaseClean/lucene-2.2/org.apache.lucene.search.function.DocValues.txt,1
./DatabaseClean/lucene-2.2/org.apache.lucene.analysis.standard.CharStream.txt,0
./DatabaseClean/lucene-2.2/org.apache.lucene.analysis.standard.FastCharStream.txt,0
./DatabaseClean/lucene-2.2/org.apache.lucene.search.FieldCacheImpl.txt,1
./DatabaseClean/lucene-2.2/org.apache.lucene.document.LoadFirstFieldSelector.txt,0
./DatabaseClean/lucene-2.2/org.apache.lucene.index.SegmentInfo.txt,1
./DatabaseClean/lucene-2.2/org.apache.lucene.store.BufferedIndexInput.txt,1
./DatabaseClean/lucene-2.2/org.apache.lucene.index.TermInfosWriter.txt,1
./DatabaseClean/lucene-2.2/org.apache.lucene.index.DefaultSkipListReader.txt,0
./DatabaseClean/lucene-2.2/org.apache.lucene.search.MultiSearcher.txt,0
./DatabaseClean/lucene-2.2/org.apache.lucene.search.Searchable.txt,1
./DatabaseClean/lucene-2.2/org.apache.lucene.search.MultiPhraseQuery.txt,1
./DatabaseClean/lucene-2.2/org.apache.lucene.store.IndexOutput.txt,1
./DatabaseClean/lucene-2.2/org.apache.lucene.analysis.WordlistLoader.txt,0
./DatabaseClean/lucene-2.2/org.apache.lucene.search.spans.TermSpans.txt,0
./DatabaseClean/lucene-2.2/org.apache.lucene.analysis.LowerCaseFilter.txt,1
./DatabaseClean/lucene-2.2/org.apache.lucene.index.MultiReader.txt,1
./DatabaseClean/lucene-2.2/org.apache.lucene.search.spans.SpanScorer.txt,1
./DatabaseClean/lucene-2.2/org.apache.lucene.search.spans.SpanNearQuery.txt,0
./DatabaseClean/lucene-2.2/org.apache.lucene.document.Document.txt,1
./DatabaseClean/lucene-2.2/org.apache.lucene.queryParser.CharStream.txt,1
./DatabaseClean/lucene-2.2/org.apache.lucene.search.PhrasePositions.txt,0
./DatabaseClean/lucene-2.2/org.apache.lucene.search.SloppyPhraseScorer.txt,1
./DatabaseClean/lucene-2.2/org.apache.lucene.index.FieldInfos.txt,1
./DatabaseClean/lucene-2.2/org.apache.lucene.document.FieldSelector.txt,0
./DatabaseClean/lucene-2.2/org.apache.lucene.index.CompoundFileWriter.txt,1
./DatabaseClean/lucene-2.2/org.apache.lucene.search.PrefixFilter.txt,1
./DatabaseClean/lucene-2.2/org.apache.lucene.index.TermVectorsWriter.txt,1
./DatabaseClean/lucene-2.2/org.apache.lucene.search.function.FieldScoreQuery.txt,0
./DatabaseClean/lucene-2.2/org.apache.lucene.index.FieldsReader.txt,1
./DatabaseClean/lucene-2.2/org.apache.lucene.util.PriorityQueue.txt,1
./DatabaseClean/lucene-2.2/org.apache.lucene.search.Query.txt,0
./DatabaseClean/lucene-2.2/org.apache.lucene.index.MultipleTermPositions.txt,1
./DatabaseClean/lucene-2.2/org.apache.lucene.queryParser.QueryParser.txt,1
./DatabaseClean/lucene-2.2/org.apache.lucene.analysis.SimpleAnalyzer.txt,0
./DatabaseClean/lucene-2.2/org.apache.lucene.search.FieldDocSortedHitQueue.txt,1
./DatabaseClean/lucene-2.2/org.apache.lucene.search.function.FieldCacheSource.txt,1
./DatabaseClean/lucene-2.2/org.apache.lucene.search.BooleanQuery.txt,1
./DatabaseClean/lucene-2.2/org.apache.lucene.index.TermInfo.txt,0
./DatabaseClean/lucene-2.2/org.apache.lucene.index.Term.txt,1
./DatabaseClean/lucene-2.2/org.apache.lucene.search.TermQuery.txt,1
./DatabaseClean/lucene-2.2/org.apache.lucene.analysis.CharTokenizer.txt,1
./DatabaseClean/lucene-2.2/org.apache.lucene.index.CorruptIndexException.txt,0
./DatabaseClean/lucene-2.2/org.apache.lucene.queryParser.MultiFieldQueryParser.txt,1
./DatabaseClean/lucene-2.2/org.apache.lucene.index.SegmentMergeQueue.txt,0
./DatabaseClean/lucene-2.2/org.apache.lucene.store.Directory.txt,1
./DatabaseClean/lucene-2.2/org.apache.lucene.analysis.PorterStemmer.txt,1
./DatabaseClean/lucene-2.2/org.apache.lucene.search.Searcher.txt,1
./DatabaseClean/lucene-2.2/org.apache.lucene.search.payloads.BoostingTermQuery.txt,1
./DatabaseClean/lucene-2.2/org.apache.lucene.analysis.Analyzer.txt,1
./DatabaseClean/lucene-2.2/org.apache.lucene.store.SimpleFSLockFactory.txt,1
./DatabaseClean/lucene-2.2/org.apache.lucene.search.DisjunctionSumScorer.txt,0
./DatabaseClean/lucene-2.2/org.apache.lucene.index.TermBuffer.txt,0
./DatabaseClean/lucene-2.2/org.apache.lucene.store.BufferedIndexOutput.txt,0
./DatabaseClean/lucene-2.2/org.apache.lucene.index.TermVectorOffsetInfo.txt,0
./DatabaseClean/lucene-2.2/org.apache.lucene.search.function.IntFieldSource.txt,1
./DatabaseClean/lucene-2.2/org.apache.lucene.index.MultiLevelSkipListWriter.txt,0
./DatabaseClean/lucene-2.2/org.apache.lucene.index.IndexDeletionPolicy.txt,1
./DatabaseClean/lucene-2.2/org.apache.lucene.analysis.LetterTokenizer.txt,0
./DatabaseClean/lucene-2.2/org.apache.lucene.search.MatchAllDocsQuery.txt,1
./DatabaseClean/lucene-2.2/org.apache.lucene.search.BooleanClause.txt,0
./DatabaseClean/lucene-2.2/org.apache.lucene.index.IndexCommitPoint.txt,1
./DatabaseClean/lucene-2.2/org.apache.lucene.util.ToStringUtils.txt,0
./DatabaseClean/lucene-2.2/org.apache.lucene.search.WildcardQuery.txt,0
./DatabaseClean/lucene-2.2/org.apache.lucene.index.SegmentTermVector.txt,1
./DatabaseClean/lucene-2.2/org.apache.lucene.search.function.ValueSource.txt,1
./DatabaseClean/lucene-2.2/org.apache.lucene.document.DateField.txt,0
./DatabaseClean/lucene-2.2/org.apache.lucene.search.FieldDoc.txt,1
./DatabaseClean/lucene-2.2/org.apache.lucene.queryParser.TokenMgrError.txt,1
./DatabaseClean/lucene-2.2/org.apache.lucene.index.SegmentMerger.txt,1
./DatabaseClean/lucene-2.2/org.apache.lucene.document.FieldSelectorResult.txt,0
./DatabaseClean/lucene-2.2/org.apache.lucene.search.SortComparatorSource.txt,0
./DatabaseClean/lucene-2.2/org.apache.lucene.search.ReqOptSumScorer.txt,0
./DatabaseClean/lucene-2.2/org.apache.lucene.search.DisjunctionMaxScorer.txt,1
./DatabaseClean/lucene-2.2/org.apache.lucene.document.NumberTools.txt,0
./DatabaseClean/lucene-2.2/org.apache.lucene.search.SimilarityDelegator.txt,1
./DatabaseClean/lucene-2.2/org.apache.lucene.store.SingleInstanceLockFactory.txt,1
./DatabaseClean/lucene-2.2/org.apache.lucene.search.SortField.txt,1
./DatabaseClean/lucene-2.2/org.apache.lucene.search.Similarity.txt,1
./DatabaseClean/lucene-2.2/org.apache.lucene.search.FuzzyTermEnum.txt,0
./DatabaseClean/lucene-2.2/org.apache.lucene.store.Lock.txt,1
./DatabaseClean/lucene-2.2/org.apache.lucene.search.spans.SpanFirstQuery.txt,0
./DatabaseClean/lucene-2.2/org.apache.lucene.search.TopDocs.txt,1
./DatabaseClean/lucene-2.2/org.apache.lucene.search.TopFieldDocCollector.txt,1
./DatabaseClean/lucene-2.2/org.apache.lucene.analysis.Tokenizer.txt,1
./DatabaseClean/lucene-2.2/org.apache.lucene.LucenePackage.txt,0
./DatabaseClean/lucene-2.2/org.apache.lucene.search.ComplexExplanation.txt,1
./DatabaseClean/lucene-2.2/org.apache.lucene.search.Hit.txt,1
./DatabaseClean/lucene-2.2/org.apache.lucene.util.Parameter.txt,0
./DatabaseClean/lucene-2.2/org.apache.lucene.search.spans.NearSpansUnordered.txt,1
./DatabaseClean/lucene-2.2/org.apache.lucene.document.Fieldable.txt,1
./DatabaseClean/lucene-2.2/org.apache.lucene.search.Hits.txt,1
./DatabaseClean/lucene-2.2/org.apache.lucene.queryParser.Token.txt,1
./DatabaseClean/lucene-2.2/org.apache.lucene.search.spans.SpanTermQuery.txt,0
./DatabaseClean/lucene-2.2/org.apache.lucene.util.StringHelper.txt,0
./DatabaseClean/lucene-2.2/org.apache.lucene.store.RAMInputStream.txt,1
./DatabaseClean/lucene-2.2/org.apache.lucene.search.CachingWrapperFilter.txt,1
./DatabaseClean/lucene-2.2/org.apache.lucene.index.TermPositionVector.txt,0
./DatabaseClean/lucene-2.2/org.apache.lucene.store.RAMFile.txt,1
./DatabaseClean/lucene-2.2/org.apache.lucene.analysis.StopFilter.txt,1
./DatabaseClean/lucene-2.2/org.apache.lucene.util.ScorerDocQueue.txt,0
./DatabaseClean/lucene-2.2/org.apache.lucene.search.DefaultSimilarity.txt,0
./DatabaseClean/lucene-2.2/org.apache.lucene.search.ConstantScoreRangeQuery.txt,1
./DatabaseClean/lucene-2.2/org.apache.lucene.analysis.TokenFilter.txt,1
./DatabaseClean/lucene-2.2/org.apache.lucene.search.PhraseQueue.txt,0
./DatabaseClean/lucene-2.2/org.apache.lucene.index.KeepOnlyLastCommitDeletionPolicy.txt,1
./DatabaseClean/lucene-2.2/org.apache.lucene.analysis.standard.StandardAnalyzer.txt,1
./DatabaseClean/lucene-2.2/org.apache.lucene.store.RAMOutputStream.txt,1
./DatabaseClean/lucene-2.2/org.apache.lucene.store.AlreadyClosedException.txt,0
./DatabaseClean/lucene-2.2/org.apache.lucene.search.spans.Spans.txt,0
./DatabaseClean/lucene-2.2/org.apache.lucene.index.SegmentMergeInfo.txt,0
./DatabaseClean/lucene-2.2/org.apache.lucene.index.SegmentTermDocs.txt,0
./DatabaseClean/lucene-2.2/org.apache.lucene.index.CompoundFileReader.txt,1
./DatabaseClean/lucene-2.2/org.apache.lucene.search.PhraseQuery.txt,1
./DatabaseClean/lucene-2.2/org.apache.lucene.analysis.WhitespaceAnalyzer.txt,0
./DatabaseClean/lucene-2.2/org.apache.lucene.search.QueryTermVector.txt,1
./DatabaseClean/lucene-2.2/org.apache.lucene.analysis.standard.TokenMgrError.txt,0
./DatabaseClean/lucene-2.2/org.apache.lucene.index.FieldsWriter.txt,1
./DatabaseClean/lucene-2.2/org.apache.lucene.index.SegmentTermPositions.txt,1
./DatabaseClean/lucene-2.2/org.apache.lucene.store.IndexInput.txt,1
./DatabaseClean/lucene-2.2/org.apache.lucene.analysis.TokenStream.txt,1
./DatabaseClean/lucene-2.2/org.apache.lucene.search.ExactPhraseScorer.txt,0
./DatabaseClean/lucene-2.2/org.apache.lucene.search.RangeFilter.txt,1
./DatabaseClean/lucene-2.2/org.apache.lucene.search.function.ReverseOrdFieldSource.txt,1
./DatabaseClean/lucene-2.2/org.apache.lucene.search.ReqExclScorer.txt,0
./DatabaseClean/lucene-2.2/org.apache.lucene.analysis.PorterStemFilter.txt,1
./DatabaseClean/lucene-2.2/org.apache.lucene.index.IndexModifier.txt,1
./DatabaseClean/lucene-2.2/org.apache.lucene.index.SegmentTermEnum.txt,1
./DatabaseClean/lucene-2.2/org.apache.lucene.analysis.standard.ParseException.txt,0
./DatabaseClean/lucene-2.2/org.apache.lucene.index.SegmentTermPositionVector.txt,0
./DatabaseClean/lucene-2.2/org.apache.lucene.search.function.CustomScoreQuery.txt,1
./DatabaseClean/lucene-2.2/org.apache.lucene.search.HitQueue.txt,0
./DatabaseClean/lucene-2.2/org.apache.lucene.store.LockFactory.txt,1
./DatabaseClean/lucene-2.2/org.apache.lucene.search.NonMatchingScorer.txt,0
./DatabaseClean/lucene-2.2/org.apache.lucene.index.StaleReaderException.txt,0
./DatabaseClean/lucene-2.2/org.apache.lucene.search.TopFieldDocs.txt,1
./DatabaseClean/lucene-2.2/org.apache.lucene.search.spans.SpanWeight.txt,0
./DatabaseClean/lucene-2.2/org.apache.lucene.index.DefaultSkipListWriter.txt,0
./DatabaseClean/lucene-2.2/org.apache.lucene.analysis.standard.StandardTokenizerConstants.txt,0
./DatabaseClean/lucene-2.2/org.apache.lucene.queryParser.QueryParserTokenManager.txt,1
./DatabaseClean/lucene-2.2/org.apache.lucene.search.SortComparator.txt,0
./DatabaseClean/lucene-2.2/org.apache.lucene.search.function.ValueSourceQuery.txt,1
./DatabaseClean/lucene-2.2/org.apache.lucene.index.TermEnum.txt,0
./DatabaseClean/lucene-2.2/org.apache.lucene.index.ParallelReader.txt,1
./DatabaseClean/lucene-2.2/org.apache.lucene.search.TermScorer.txt,0
./DatabaseClean/lucene-2.2/org.apache.lucene.search.function.ShortFieldSource.txt,1
./DatabaseClean/lucene-2.2/org.apache.lucene.search.FilteredQuery.txt,1
./DatabaseClean/lucene-2.2/org.apache.lucene.search.function.FloatFieldSource.txt,1
./DatabaseClean/lucene-2.2/org.apache.lucene.search.FilterManager.txt,1
./DatabaseClean/lucene-2.2/org.apache.lucene.search.FilteredTermEnum.txt,0
./DatabaseClean/lucene-2.2/org.apache.lucene.index.TermDocs.txt,0
./DatabaseClean/lucene-2.2/org.apache.lucene.index.SegmentReader.txt,1
./DatabaseClean/lucene-2.2/org.apache.lucene.search.FieldSortedHitQueue.txt,1
./DatabaseClean/lucene-2.2/org.apache.lucene.analysis.PerFieldAnalyzerWrapper.txt,0
./DatabaseClean/lucene-2.2/org.apache.lucene.search.HitCollector.txt,0
./DatabaseClean/lucene-2.2/org.apache.lucene.analysis.WhitespaceTokenizer.txt,0
./DatabaseClean/lucene-2.2/org.apache.lucene.search.spans.SpanNotQuery.txt,0
./DatabaseClean/lucene-2.2/org.apache.lucene.analysis.standard.StandardFilter.txt,1
./DatabaseClean/lucene-2.2/org.apache.lucene.search.ConstantScoreQuery.txt,1
./DatabaseClean/lucene-2.2/org.apache.lucene.search.RemoteSearchable.txt,0
./DatabaseClean/lucene-2.2/org.apache.lucene.index.FilterIndexReader.txt,1
./DatabaseClean/lucene-2.2/org.apache.lucene.document.DateTools.txt,1
./DatabaseClean/lucene-2.2/org.apache.lucene.search.ScoreDocComparator.txt,1
./DatabaseClean/lucene-2.2/org.apache.lucene.index.Payload.txt,1
./DatabaseClean/lucene-2.2/org.apache.lucene.search.Filter.txt,1
./DatabaseClean/lucene-2.2/org.apache.lucene.search.FieldCache.txt,1
./DatabaseClean/lucene-2.2/org.apache.lucene.util.SmallFloat.txt,1
./DatabaseClean/lucene-2.2/org.apache.lucene.index.IndexFileDeleter.txt,1
./DatabaseClean/lucene-2.2/org.apache.lucene.analysis.KeywordTokenizer.txt,1
./DatabaseClean/lucene-2.2/org.apache.lucene.queryParser.QueryParserConstants.txt,1
./DatabaseClean/lucene-2.2/org.apache.lucene.index.TermFreqVector.txt,0
./DatabaseClean/lucene-2.2/org.apache.lucene.index.IndexFileNames.txt,1
./DatabaseClean/lucene-2.2/org.apache.lucene.index.SegmentInfos.txt,1
./DatabaseClean/lucene-2.2/org.apache.lucene.document.Field.txt,1
./DatabaseClean/lucene-2.2/org.apache.lucene.search.TopDocCollector.txt,1
./DatabaseClean/lucene-2.2/org.apache.lucene.analysis.KeywordAnalyzer.txt,1
./DatabaseClean/lucene-2.2/org.apache.lucene.store.FSDirectory.txt,1
./DatabaseClean/lucene-2.2/org.apache.lucene.analysis.CachingTokenFilter.txt,1
./DatabaseClean/lucene-2.2/org.apache.lucene.search.spans.SpanOrQuery.txt,0
./DatabaseClean/lucene-2.2/org.apache.lucene.store.NoLockFactory.txt,0
./DatabaseClean/lucene-2.2/org.apache.lucene.search.ScoreDoc.txt,0
./DatabaseClean/lucene-2.2/org.apache.lucene.search.spans.NearSpansOrdered.txt,0
./DatabaseClean/lucene-2.2/org.apache.lucene.analysis.LengthFilter.txt,1
./DatabaseClean/lucene-2.2/org.apache.lucene.search.IndexSearcher.txt,1
./DatabaseClean/lucene-2.2/org.apache.lucene.queryParser.ParseException.txt,1
./DatabaseClean/lucene-2.2/org.apache.lucene.search.Weight.txt,0
./DatabaseClean/lucene-2.2/org.apache.lucene.search.Scorer.txt,1
./DatabaseClean/lucene-2.2/org.apache.lucene.index.IndexReader.txt,1
./DatabaseClean/lucene-2.2/org.apache.lucene.search.QueryWrapperFilter.txt,1
./DatabaseClean/lucene-2.2/org.apache.lucene.analysis.StopAnalyzer.txt,0
./DatabaseClean/lucene-2.2/org.apache.lucene.index.TermVectorsReader.txt,1
./DatabaseClean/lucene-2.2/org.apache.lucene.analysis.standard.StandardTokenizerTokenManager.txt,0
./DatabaseClean/lucene-2.2/org.apache.lucene.store.NativeFSLockFactory.txt,1
./DatabaseClean/lucene-2.2/org.apache.lucene.analysis.ISOLatin1AccentFilter.txt,1
./DatabaseClean/lucene-2.2/org.apache.lucene.analysis.standard.Token.txt,0
./DatabaseClean/lucene-2.2/org.apache.lucene.search.RemoteCachingWrapperFilter.txt,1
./DatabaseClean/lucene-2.2/org.apache.lucene.search.RangeQuery.txt,1
./DatabaseClean/lucene-2.2/org.apache.lucene.search.PrefixQuery.txt,0
./DatabaseClean/lucene-2.2/org.apache.lucene.analysis.standard.StandardTokenizer.txt,1
./DatabaseClean/lucene-2.2/org.apache.lucene.search.function.ByteFieldSource.txt,1
./DatabaseClean/lucene-2.2/org.apache.lucene.search.function.OrdFieldSource.txt,1
./DatabaseClean/lucene-2.2/org.apache.lucene.document.MapFieldSelector.txt,1
./DatabaseClean/lucene-2.2/org.apache.lucene.index.IndexFileNameFilter.txt,1
./DatabaseClean/lucene-2.2/org.apache.lucene.analysis.LowerCaseTokenizer.txt,0
./DatabaseClean/lucene-2.2/org.apache.lucene.util.BitVector.txt,0
./DatabaseClean/lucene-2.2/org.apache.lucene.document.AbstractField.txt,1
./DatabaseClean/lucene-2.2/org.apache.lucene.search.DisjunctionMaxQuery.txt,1
./DatabaseClean/lucene-2.2/org.apache.lucene.index.DocumentWriter.txt,0
./DatabaseClean/lucene-2.2/org.apache.lucene.util.Constants.txt,0
./DatabaseClean/lucene-2.2/org.apache.lucene.search.MultiTermQuery.txt,0
./DatabaseClean/lucene-2.2/org.apache.lucene.search.BooleanScorer.txt,0
./DatabaseClean/lucene-2.2/org.apache.lucene.search.QueryFilter.txt,0
./DatabaseClean/lucene-2.2/org.apache.lucene.search.ParallelMultiSearcher.txt,1
./DatabaseClean/lucene-2.2/org.apache.lucene.search.ConjunctionScorer.txt,1
./DatabaseClean/lucene-2.2/org.apache.lucene.analysis.Token.txt,1
./DatabaseClean/lucene-2.2/org.apache.lucene.queryParser.FastCharStream.txt,0
./DatabaseClean/lucene-2.2/org.apache.lucene.search.WildcardTermEnum.txt,0
./DatabaseClean/lucene-2.2/org.apache.lucene.store.LockObtainFailedException.txt,0
./DatabaseClean/lucene-2.2/org.apache.lucene.search.Sort.txt,1
./DatabaseClean/lucene-2.2/org.apache.lucene.index.IndexWriter.txt,1
./DatabaseClean/lucene-2.2/org.apache.lucene.index.TermInfosReader.txt,1
./DatabaseClean/lucene-2.2/org.apache.lucene.search.PhraseScorer.txt,0
./DatabaseClean/lucene-2.2/org.apache.lucene.store.MMapDirectory.txt,1
./DatabaseClean/lucene-2.2/org.apache.lucene.document.SetBasedFieldSelector.txt,0
./DatabaseClean/lucene-2.2/org.apache.lucene.search.Explanation.txt,0
./DatabaseClean/lucene-2.2/org.apache.lucene.index.FieldReaderException.txt,0
./DatabaseClean/lucene-2.2/org.apache.lucene.index.FieldInfo.txt,1
./DatabaseClean/lucene-2.2/org.apache.lucene.search.HitIterator.txt,1
./DatabaseClean/lucene-2.2/org.apache.lucene.search.BooleanScorer2.txt,1
