file_path,label
./DatabaseClean/lucene-2.4/org.apache.lucene.index.DocInverterPerThread.txt,1
./DatabaseClean/lucene-2.4/org.apache.lucene.search.FuzzyQuery.txt,1
./DatabaseClean/lucene-2.4/org.apache.lucene.search.QueryTermVector.txt,0
./DatabaseClean/lucene-2.4/org.apache.lucene.index.ReadOnlySegmentReader.txt,0
./DatabaseClean/lucene-2.4/org.apache.lucene.index.DirectoryIndexReader.txt,1
./DatabaseClean/lucene-2.4/org.apache.lucene.index.DocFieldConsumerPerThread.txt,0
./DatabaseClean/lucene-2.4/org.apache.lucene.index.FieldsWriter.txt,1
./DatabaseClean/lucene-2.4/org.apache.lucene.index.SegmentTermPositions.txt,1
./DatabaseClean/lucene-2.4/org.apache.lucene.index.MultipleTermPositions.txt,0
./DatabaseClean/lucene-2.4/org.apache.lucene.index.TermDocs.txt,0
./DatabaseClean/lucene-2.4/org.apache.lucene.index.IntBlockPool.txt,0
./DatabaseClean/lucene-2.4/org.apache.lucene.store.ChecksumIndexInput.txt,0
./DatabaseClean/lucene-2.4/org.apache.lucene.index.DocConsumer.txt,0
./DatabaseClean/lucene-2.4/org.apache.lucene.index.TermsHashConsumerPerField.txt,0
./DatabaseClean/lucene-2.4/org.apache.lucene.index.DocFieldProcessor.txt,1
./DatabaseClean/lucene-2.4/org.apache.lucene.analysis.PerFieldAnalyzerWrapper.txt,1
./DatabaseClean/lucene-2.4/org.apache.lucene.index.DocumentsWriterThreadState.txt,1
./DatabaseClean/lucene-2.4/org.apache.lucene.search.BooleanQuery.txt,1
./DatabaseClean/lucene-2.4/org.apache.lucene.analysis.WhitespaceTokenizer.txt,1
./DatabaseClean/lucene-2.4/org.apache.lucene.index.TermInfo.txt,0
./DatabaseClean/lucene-2.4/org.apache.lucene.index.Term.txt,1
./DatabaseClean/lucene-2.4/org.apache.lucene.search.TermQuery.txt,1
./DatabaseClean/lucene-2.4/org.apache.lucene.analysis.CharTokenizer.txt,1
./DatabaseClean/lucene-2.4/org.apache.lucene.index.CorruptIndexException.txt,0
./DatabaseClean/lucene-2.4/org.apache.lucene.queryParser.MultiFieldQueryParser.txt,0
./DatabaseClean/lucene-2.4/org.apache.lucene.search.ScoreDocComparator.txt,0
./DatabaseClean/lucene-2.4/org.apache.lucene.index.SnapshotDeletionPolicy.txt,1
./DatabaseClean/lucene-2.4/org.apache.lucene.index.TermsHashConsumerPerThread.txt,0
./DatabaseClean/lucene-2.4/org.apache.lucene.store.Directory.txt,1
./DatabaseClean/lucene-2.4/org.apache.lucene.index.LogMergePolicy.txt,1
./DatabaseClean/lucene-2.4/org.apache.lucene.store.LockFactory.txt,1
./DatabaseClean/lucene-2.4/org.apache.lucene.analysis.LowerCaseFilter.txt,0
./DatabaseClean/lucene-2.4/org.apache.lucene.search.NonMatchingScorer.txt,1
./DatabaseClean/lucene-2.4/org.apache.lucene.index.NormsWriterPerField.txt,0
./DatabaseClean/lucene-2.4/org.apache.lucene.index.SerialMergeScheduler.txt,0
./DatabaseClean/lucene-2.4/org.apache.lucene.search.TopFieldDocs.txt,0
./DatabaseClean/lucene-2.4/org.apache.lucene.search.spans.SpanWeight.txt,1
./DatabaseClean/lucene-2.4/org.apache.lucene.document.Document.txt,0
./DatabaseClean/lucene-2.4/org.apache.lucene.queryParser.CharStream.txt,1
./DatabaseClean/lucene-2.4/org.apache.lucene.search.PhrasePositions.txt,0
./DatabaseClean/lucene-2.4/org.apache.lucene.search.SloppyPhraseScorer.txt,1
./DatabaseClean/lucene-2.4/org.apache.lucene.index.FieldInfos.txt,1
./DatabaseClean/lucene-2.4/org.apache.lucene.document.FieldSelector.txt,0
./DatabaseClean/lucene-2.4/org.apache.lucene.index.CompoundFileWriter.txt,0
./DatabaseClean/lucene-2.4/org.apache.lucene.index.ParallelReader.txt,1
./DatabaseClean/lucene-2.4/org.apache.lucene.util.OpenBitSetDISI.txt,1
./DatabaseClean/lucene-2.4/org.apache.lucene.index.DocFieldProcessorPerField.txt,0
./DatabaseClean/lucene-2.4/org.apache.lucene.index.DocFieldConsumers.txt,0
./DatabaseClean/lucene-2.4/org.apache.lucene.index.InvertedDocEndConsumerPerThread.txt,0
./DatabaseClean/lucene-2.4/org.apache.lucene.search.FilteredQuery.txt,1
./DatabaseClean/lucene-2.4/org.apache.lucene.search.function.FloatFieldSource.txt,1
./DatabaseClean/lucene-2.4/org.apache.lucene.index.MergeScheduler.txt,0
./DatabaseClean/lucene-2.4/org.apache.lucene.search.RangeQuery.txt,1
./DatabaseClean/lucene-2.4/org.apache.lucene.search.FuzzyTermEnum.txt,1
./DatabaseClean/lucene-2.4/org.apache.lucene.store.Lock.txt,1
./DatabaseClean/lucene-2.4/org.apache.lucene.index.DocInverter.txt,0
./DatabaseClean/lucene-2.4/org.apache.lucene.search.spans.SpanFirstQuery.txt,1
./DatabaseClean/lucene-2.4/org.apache.lucene.search.TopDocs.txt,1
./DatabaseClean/lucene-2.4/org.apache.lucene.search.TopFieldDocCollector.txt,1
./DatabaseClean/lucene-2.4/org.apache.lucene.search.Filter.txt,1
./DatabaseClean/lucene-2.4/org.apache.lucene.search.FieldCache.txt,1
./DatabaseClean/lucene-2.4/org.apache.lucene.store.IndexInput.txt,1
./DatabaseClean/lucene-2.4/org.apache.lucene.search.function.DocValues.txt,1
./DatabaseClean/lucene-2.4/org.apache.lucene.search.ExactPhraseScorer.txt,1
./DatabaseClean/lucene-2.4/org.apache.lucene.index.DocFieldConsumersPerField.txt,0
./DatabaseClean/lucene-2.4/org.apache.lucene.search.FieldCacheImpl.txt,1
./DatabaseClean/lucene-2.4/org.apache.lucene.document.LoadFirstFieldSelector.txt,0
./DatabaseClean/lucene-2.4/org.apache.lucene.index.SegmentInfo.txt,1
./DatabaseClean/lucene-2.4/org.apache.lucene.store.BufferedIndexInput.txt,0
./DatabaseClean/lucene-2.4/org.apache.lucene.index.ReusableStringReader.txt,0
./DatabaseClean/lucene-2.4/org.apache.lucene.index.IndexModifier.txt,1
./DatabaseClean/lucene-2.4/org.apache.lucene.index.DocFieldConsumerPerField.txt,0
./DatabaseClean/lucene-2.4/org.apache.lucene.search.Searchable.txt,1
./DatabaseClean/lucene-2.4/org.apache.lucene.index.SegmentTermPositionVector.txt,0
./DatabaseClean/lucene-2.4/org.apache.lucene.store.IndexOutput.txt,1
./DatabaseClean/lucene-2.4/org.apache.lucene.search.function.CustomScoreQuery.txt,1
./DatabaseClean/lucene-2.4/org.apache.lucene.analysis.WordlistLoader.txt,1
./DatabaseClean/lucene-2.4/org.apache.lucene.search.HitQueue.txt,1
./DatabaseClean/lucene-2.4/org.apache.lucene.analysis.KeywordTokenizer.txt,1
./DatabaseClean/lucene-2.4/org.apache.lucene.index.ByteSliceReader.txt,0
./DatabaseClean/lucene-2.4/org.apache.lucene.index.TermBuffer.txt,0
./DatabaseClean/lucene-2.4/org.apache.lucene.index.TermFreqVector.txt,1
./DatabaseClean/lucene-2.4/org.apache.lucene.index.DocFieldConsumer.txt,0
./DatabaseClean/lucene-2.4/org.apache.lucene.store.BufferedIndexOutput.txt,0
./DatabaseClean/lucene-2.4/org.apache.lucene.index.IndexFileNames.txt,0
./DatabaseClean/lucene-2.4/org.apache.lucene.index.SegmentInfos.txt,1
./DatabaseClean/lucene-2.4/org.apache.lucene.document.Field.txt,1
./DatabaseClean/lucene-2.4/org.apache.lucene.index.MultiLevelSkipListWriter.txt,1
./DatabaseClean/lucene-2.4/org.apache.lucene.index.StoredFieldsWriterPerField.txt,1
./DatabaseClean/lucene-2.4/org.apache.lucene.index.IndexDeletionPolicy.txt,0
./DatabaseClean/lucene-2.4/org.apache.lucene.analysis.LetterTokenizer.txt,0
./DatabaseClean/lucene-2.4/org.apache.lucene.search.MatchAllDocsQuery.txt,1
./DatabaseClean/lucene-2.4/org.apache.lucene.index.TermVectorsTermsWriterPerThread.txt,0
./DatabaseClean/lucene-2.4/org.apache.lucene.search.spans.SpanOrQuery.txt,1
./DatabaseClean/lucene-2.4/org.apache.lucene.index.InvertedDocConsumerPerField.txt,0
./DatabaseClean/lucene-2.4/org.apache.lucene.util.ToStringUtils.txt,1
./DatabaseClean/lucene-2.4/org.apache.lucene.search.WildcardQuery.txt,1
./DatabaseClean/lucene-2.4/org.apache.lucene.analysis.standard.StandardTokenizerImpl.txt,0
./DatabaseClean/lucene-2.4/org.apache.lucene.search.spans.NearSpansOrdered.txt,1
./DatabaseClean/lucene-2.4/org.apache.lucene.store.ChecksumIndexOutput.txt,0
./DatabaseClean/lucene-2.4/org.apache.lucene.document.DateField.txt,1
./DatabaseClean/lucene-2.4/org.apache.lucene.search.FieldDoc.txt,1
./DatabaseClean/lucene-2.4/org.apache.lucene.queryParser.TokenMgrError.txt,1
./DatabaseClean/lucene-2.4/org.apache.lucene.index.DocConsumerPerThread.txt,0
./DatabaseClean/lucene-2.4/org.apache.lucene.index.SegmentMerger.txt,1
./DatabaseClean/lucene-2.4/org.apache.lucene.analysis.SinkTokenizer.txt,0
./DatabaseClean/lucene-2.4/org.apache.lucene.index.DocumentsWriter.txt,1
./DatabaseClean/lucene-2.4/org.apache.lucene.search.CachingSpanFilter.txt,1
./DatabaseClean/lucene-2.4/org.apache.lucene.index.TermVectorEntryFreqSortedComparator.txt,0
./DatabaseClean/lucene-2.4/org.apache.lucene.analysis.Tokenizer.txt,1
./DatabaseClean/lucene-2.4/org.apache.lucene.LucenePackage.txt,0
./DatabaseClean/lucene-2.4/org.apache.lucene.index.RawPostingList.txt,0
./DatabaseClean/lucene-2.4/org.apache.lucene.search.ComplexExplanation.txt,1
./DatabaseClean/lucene-2.4/org.apache.lucene.search.Hit.txt,0
./DatabaseClean/lucene-2.4/org.apache.lucene.util.Parameter.txt,0
./DatabaseClean/lucene-2.4/org.apache.lucene.search.spans.NearSpansUnordered.txt,1
./DatabaseClean/lucene-2.4/org.apache.lucene.document.Fieldable.txt,1
./DatabaseClean/lucene-2.4/org.apache.lucene.util.Constants.txt,1
./DatabaseClean/lucene-2.4/org.apache.lucene.search.MultiTermQuery.txt,1
./DatabaseClean/lucene-2.4/org.apache.lucene.queryParser.Token.txt,1
./DatabaseClean/lucene-2.4/org.apache.lucene.search.QueryFilter.txt,0
./DatabaseClean/lucene-2.4/org.apache.lucene.index.FieldSortedTermVectorMapper.txt,0
./DatabaseClean/lucene-2.4/org.apache.lucene.search.ParallelMultiSearcher.txt,1
./DatabaseClean/lucene-2.4/org.apache.lucene.search.ConjunctionScorer.txt,1
./DatabaseClean/lucene-2.4/org.apache.lucene.util.SmallFloat.txt,0
./DatabaseClean/lucene-2.4/org.apache.lucene.index.IndexFileDeleter.txt,1
./DatabaseClean/lucene-2.4/org.apache.lucene.index.TermVectorsTermsWriter.txt,1
./DatabaseClean/lucene-2.4/org.apache.lucene.index.TermInfosReader.txt,1
./DatabaseClean/lucene-2.4/org.apache.lucene.store.LockStressTest.txt,0
./DatabaseClean/lucene-2.4/org.apache.lucene.index.MergePolicy.txt,1
./DatabaseClean/lucene-2.4/org.apache.lucene.index.NormsWriterPerThread.txt,0
./DatabaseClean/lucene-2.4/org.apache.lucene.index.KeepOnlyLastCommitDeletionPolicy.txt,0
./DatabaseClean/lucene-2.4/org.apache.lucene.search.DocIdSet.txt,1
./DatabaseClean/lucene-2.4/org.apache.lucene.document.SetBasedFieldSelector.txt,0
./DatabaseClean/lucene-2.4/org.apache.lucene.search.Explanation.txt,1
./DatabaseClean/lucene-2.4/org.apache.lucene.search.spans.Spans.txt,1
./DatabaseClean/lucene-2.4/org.apache.lucene.index.SegmentMergeInfo.txt,1
./DatabaseClean/lucene-2.4/org.apache.lucene.util.OpenBitSetIterator.txt,1
./DatabaseClean/lucene-2.4/org.apache.lucene.index.ByteBlockPool.txt,0
./DatabaseClean/lucene-2.4/org.apache.lucene.store.LockVerifyServer.txt,0
./DatabaseClean/lucene-2.4/org.apache.lucene.index.ByteSliceWriter.txt,0
./DatabaseClean/lucene-2.4/org.apache.lucene.index.CompoundFileReader.txt,0
./DatabaseClean/lucene-2.4/org.apache.lucene.index.TermsHash.txt,0
./DatabaseClean/lucene-2.4/org.apache.lucene.document.FieldSelectorResult.txt,1
./DatabaseClean/lucene-2.4/org.apache.lucene.search.QueryWrapperFilter.txt,1
./DatabaseClean/lucene-2.4/org.apache.lucene.analysis.StopAnalyzer.txt,1
./DatabaseClean/lucene-2.4/org.apache.lucene.index.PositionBasedTermVectorMapper.txt,0
./DatabaseClean/lucene-2.4/org.apache.lucene.search.ReqOptSumScorer.txt,1
./DatabaseClean/lucene-2.4/org.apache.lucene.index.TermVectorsReader.txt,0
./DatabaseClean/lucene-2.4/org.apache.lucene.document.NumberTools.txt,1
./DatabaseClean/lucene-2.4/org.apache.lucene.index.TermVectorEntry.txt,0
./DatabaseClean/lucene-2.4/org.apache.lucene.analysis.ISOLatin1AccentFilter.txt,0
./DatabaseClean/lucene-2.4/org.apache.lucene.index.ConcurrentMergeScheduler.txt,1
./DatabaseClean/lucene-2.4/org.apache.lucene.util.cache.SimpleLRUCache.txt,0
./DatabaseClean/lucene-2.4/org.apache.lucene.search.RemoteCachingWrapperFilter.txt,1
./DatabaseClean/lucene-2.4/org.apache.lucene.util.BitUtil.txt,1
./DatabaseClean/lucene-2.4/org.apache.lucene.index.CheckIndex.txt,1
./DatabaseClean/lucene-2.4/org.apache.lucene.store.RAMFile.txt,0
./DatabaseClean/lucene-2.4/org.apache.lucene.store.LockObtainFailedException.txt,0
./DatabaseClean/lucene-2.4/org.apache.lucene.search.Sort.txt,1
./DatabaseClean/lucene-2.4/org.apache.lucene.index.StoredFieldsWriterPerThread.txt,1
./DatabaseClean/lucene-2.4/org.apache.lucene.index.IndexWriter.txt,1
./DatabaseClean/lucene-2.4/org.apache.lucene.search.ConstantScoreRangeQuery.txt,1
./DatabaseClean/lucene-2.4/org.apache.lucene.analysis.WhitespaceAnalyzer.txt,1
./DatabaseClean/lucene-2.4/org.apache.lucene.util.ArrayUtil.txt,1
./DatabaseClean/lucene-2.4/org.apache.lucene.index.MultiLevelSkipListReader.txt,0
./DatabaseClean/lucene-2.4/org.apache.lucene.store.RAMDirectory.txt,1
./DatabaseClean/lucene-2.4/org.apache.lucene.index.DocFieldProcessorPerThread.txt,1
./DatabaseClean/lucene-2.4/org.apache.lucene.index.TermsHashConsumer.txt,0
./DatabaseClean/lucene-2.4/org.apache.lucene.search.spans.SpanQuery.txt,1
./DatabaseClean/lucene-2.4/org.apache.lucene.search.FilteredTermEnum.txt,0
./DatabaseClean/lucene-2.4/org.apache.lucene.index.MultiSegmentReader.txt,1
./DatabaseClean/lucene-2.4/org.apache.lucene.queryParser.QueryParser.txt,1
./DatabaseClean/lucene-2.4/org.apache.lucene.index.TermVectorsTermsWriterPerField.txt,1
./DatabaseClean/lucene-2.4/org.apache.lucene.index.SegmentReader.txt,1
./DatabaseClean/lucene-2.4/org.apache.lucene.analysis.SimpleAnalyzer.txt,1
./DatabaseClean/lucene-2.4/org.apache.lucene.search.FieldSortedHitQueue.txt,1
./DatabaseClean/lucene-2.4/org.apache.lucene.search.FieldDocSortedHitQueue.txt,0
./DatabaseClean/lucene-2.4/org.apache.lucene.search.function.FieldCacheSource.txt,1
./DatabaseClean/lucene-2.4/org.apache.lucene.search.HitCollector.txt,1
./DatabaseClean/lucene-2.4/org.apache.lucene.index.FreqProxTermsWriterPerField.txt,0
./DatabaseClean/lucene-2.4/org.apache.lucene.util.cache.Cache.txt,0
./DatabaseClean/lucene-2.4/org.apache.lucene.search.spans.SpanNotQuery.txt,1
./DatabaseClean/lucene-2.4/org.apache.lucene.analysis.standard.StandardFilter.txt,0
./DatabaseClean/lucene-2.4/org.apache.lucene.search.ConstantScoreQuery.txt,1
./DatabaseClean/lucene-2.4/org.apache.lucene.search.RemoteSearchable.txt,1
./DatabaseClean/lucene-2.4/org.apache.lucene.index.FilterIndexReader.txt,1
./DatabaseClean/lucene-2.4/org.apache.lucene.document.DateTools.txt,1
./DatabaseClean/lucene-2.4/org.apache.lucene.store.NIOFSDirectory.txt,1
./DatabaseClean/lucene-2.4/org.apache.lucene.index.SegmentMergeQueue.txt,0
./DatabaseClean/lucene-2.4/org.apache.lucene.index.DocInverterPerField.txt,1
./DatabaseClean/lucene-2.4/org.apache.lucene.index.Payload.txt,0
./DatabaseClean/lucene-2.4/org.apache.lucene.store.VerifyingLockFactory.txt,0
./DatabaseClean/lucene-2.4/org.apache.lucene.index.FreqProxTermsWriterPerThread.txt,0
./DatabaseClean/lucene-2.4/org.apache.lucene.search.spans.TermSpans.txt,1
./DatabaseClean/lucene-2.4/org.apache.lucene.search.ExtendedFieldCache.txt,1
./DatabaseClean/lucene-2.4/org.apache.lucene.index.TermsHashPerField.txt,0
./DatabaseClean/lucene-2.4/org.apache.lucene.index.MultiReader.txt,1
./DatabaseClean/lucene-2.4/org.apache.lucene.index.StaleReaderException.txt,0
./DatabaseClean/lucene-2.4/org.apache.lucene.search.spans.SpanScorer.txt,1
./DatabaseClean/lucene-2.4/org.apache.lucene.search.spans.SpanNearQuery.txt,1
./DatabaseClean/lucene-2.4/org.apache.lucene.index.NormsWriter.txt,0
./DatabaseClean/lucene-2.4/org.apache.lucene.index.DefaultSkipListWriter.txt,0
./DatabaseClean/lucene-2.4/org.apache.lucene.index.BufferedDeletes.txt,1
./DatabaseClean/lucene-2.4/org.apache.lucene.queryParser.QueryParserTokenManager.txt,1
./DatabaseClean/lucene-2.4/org.apache.lucene.search.SortComparator.txt,1
./DatabaseClean/lucene-2.4/org.apache.lucene.search.function.ValueSourceQuery.txt,1
./DatabaseClean/lucene-2.4/org.apache.lucene.index.TermEnum.txt,1
./DatabaseClean/lucene-2.4/org.apache.lucene.util.cache.SimpleMapCache.txt,0
./DatabaseClean/lucene-2.4/org.apache.lucene.search.PrefixFilter.txt,0
./DatabaseClean/lucene-2.4/org.apache.lucene.index.TermVectorsWriter.txt,1
./DatabaseClean/lucene-2.4/org.apache.lucene.search.TermScorer.txt,1
./DatabaseClean/lucene-2.4/org.apache.lucene.search.function.FieldScoreQuery.txt,1
./DatabaseClean/lucene-2.4/org.apache.lucene.search.function.ShortFieldSource.txt,1
./DatabaseClean/lucene-2.4/org.apache.lucene.index.FieldsReader.txt,1
./DatabaseClean/lucene-2.4/org.apache.lucene.util.PriorityQueue.txt,1
./DatabaseClean/lucene-2.4/org.apache.lucene.search.Query.txt,1
./DatabaseClean/lucene-2.4/org.apache.lucene.search.FilterManager.txt,1
./DatabaseClean/lucene-2.4/org.apache.lucene.search.Similarity.txt,1
./DatabaseClean/lucene-2.4/org.apache.lucene.search.PrefixQuery.txt,1
./DatabaseClean/lucene-2.4/org.apache.lucene.analysis.standard.StandardTokenizer.txt,1
./DatabaseClean/lucene-2.4/org.apache.lucene.index.SortedTermVectorMapper.txt,0
./DatabaseClean/lucene-2.4/org.apache.lucene.search.function.ByteFieldSource.txt,1
./DatabaseClean/lucene-2.4/org.apache.lucene.search.function.OrdFieldSource.txt,0
./DatabaseClean/lucene-2.4/org.apache.lucene.document.MapFieldSelector.txt,0
./DatabaseClean/lucene-2.4/org.apache.lucene.analysis.PorterStemmer.txt,0
./DatabaseClean/lucene-2.4/org.apache.lucene.index.TermPositions.txt,0
./DatabaseClean/lucene-2.4/org.apache.lucene.util.DocIdBitSet.txt,1
./DatabaseClean/lucene-2.4/org.apache.lucene.analysis.TokenStream.txt,1
./DatabaseClean/lucene-2.4/org.apache.lucene.search.SpanQueryFilter.txt,1
./DatabaseClean/lucene-2.4/org.apache.lucene.search.RangeFilter.txt,1
./DatabaseClean/lucene-2.4/org.apache.lucene.search.function.ReverseOrdFieldSource.txt,0
./DatabaseClean/lucene-2.4/org.apache.lucene.search.ReqExclScorer.txt,1
./DatabaseClean/lucene-2.4/org.apache.lucene.analysis.PorterStemFilter.txt,0
./DatabaseClean/lucene-2.4/org.apache.lucene.index.TermInfosWriter.txt,1
./DatabaseClean/lucene-2.4/org.apache.lucene.index.DefaultSkipListReader.txt,0
./DatabaseClean/lucene-2.4/org.apache.lucene.search.MultiSearcher.txt,1
./DatabaseClean/lucene-2.4/org.apache.lucene.index.SegmentTermEnum.txt,0
./DatabaseClean/lucene-2.4/org.apache.lucene.search.MultiPhraseQuery.txt,1
./DatabaseClean/lucene-2.4/org.apache.lucene.util.CloseableThreadLocal.txt,1
./DatabaseClean/lucene-2.4/org.apache.lucene.util.SortedVIntList.txt,1
./DatabaseClean/lucene-2.4/org.apache.lucene.index.InvertedDocEndConsumer.txt,0
./DatabaseClean/lucene-2.4/org.apache.lucene.search.DisjunctionSumScorer.txt,1
./DatabaseClean/lucene-2.4/org.apache.lucene.queryParser.QueryParserConstants.txt,0
./DatabaseClean/lucene-2.4/org.apache.lucene.index.InvertedDocConsumer.txt,0
./DatabaseClean/lucene-2.4/org.apache.lucene.index.FreqProxTermsWriter.txt,1
./DatabaseClean/lucene-2.4/org.apache.lucene.index.StoredFieldsWriter.txt,1
./DatabaseClean/lucene-2.4/org.apache.lucene.index.LogDocMergePolicy.txt,1
./DatabaseClean/lucene-2.4/org.apache.lucene.index.TermVectorOffsetInfo.txt,1
./DatabaseClean/lucene-2.4/org.apache.lucene.search.function.IntFieldSource.txt,1
./DatabaseClean/lucene-2.4/org.apache.lucene.search.SpanFilter.txt,0
./DatabaseClean/lucene-2.4/org.apache.lucene.search.TopDocCollector.txt,1
./DatabaseClean/lucene-2.4/org.apache.lucene.index.CharBlockPool.txt,0
./DatabaseClean/lucene-2.4/org.apache.lucene.analysis.KeywordAnalyzer.txt,1
./DatabaseClean/lucene-2.4/org.apache.lucene.store.FSDirectory.txt,1
./DatabaseClean/lucene-2.4/org.apache.lucene.analysis.CachingTokenFilter.txt,1
./DatabaseClean/lucene-2.4/org.apache.lucene.search.BooleanClause.txt,0
./DatabaseClean/lucene-2.4/org.apache.lucene.index.IndexCommitPoint.txt,0
./DatabaseClean/lucene-2.4/org.apache.lucene.store.NoLockFactory.txt,0
./DatabaseClean/lucene-2.4/org.apache.lucene.search.ScoreDoc.txt,1
./DatabaseClean/lucene-2.4/org.apache.lucene.index.SegmentTermVector.txt,0
./DatabaseClean/lucene-2.4/org.apache.lucene.search.function.ValueSource.txt,0
./DatabaseClean/lucene-2.4/org.apache.lucene.analysis.LengthFilter.txt,0
./DatabaseClean/lucene-2.4/org.apache.lucene.search.IndexSearcher.txt,1
./DatabaseClean/lucene-2.4/org.apache.lucene.queryParser.ParseException.txt,1
./DatabaseClean/lucene-2.4/org.apache.lucene.index.LogByteSizeMergePolicy.txt,1
./DatabaseClean/lucene-2.4/org.apache.lucene.search.Weight.txt,1
./DatabaseClean/lucene-2.4/org.apache.lucene.search.Scorer.txt,1
./DatabaseClean/lucene-2.4/org.apache.lucene.index.IndexReader.txt,1
./DatabaseClean/lucene-2.4/org.apache.lucene.analysis.CharArraySet.txt,1
./DatabaseClean/lucene-2.4/org.apache.lucene.index.InvertedDocEndConsumerPerField.txt,0
./DatabaseClean/lucene-2.4/org.apache.lucene.index.FreqProxFieldMergeState.txt,0
./DatabaseClean/lucene-2.4/org.apache.lucene.index.IndexFileNameFilter.txt,0
./DatabaseClean/lucene-2.4/org.apache.lucene.analysis.LowerCaseTokenizer.txt,1
./DatabaseClean/lucene-2.4/org.apache.lucene.util.OpenBitSet.txt,1
./DatabaseClean/lucene-2.4/org.apache.lucene.util.BitVector.txt,1
./DatabaseClean/lucene-2.4/org.apache.lucene.document.AbstractField.txt,1
./DatabaseClean/lucene-2.4/org.apache.lucene.search.DisjunctionMaxQuery.txt,1
./DatabaseClean/lucene-2.4/org.apache.lucene.index.TermVectorMapper.txt,0
./DatabaseClean/lucene-2.4/org.apache.lucene.search.DocIdSetIterator.txt,1
./DatabaseClean/lucene-2.4/org.apache.lucene.search.Hits.txt,1
./DatabaseClean/lucene-2.4/org.apache.lucene.search.BooleanScorer.txt,1
./DatabaseClean/lucene-2.4/org.apache.lucene.search.spans.SpanTermQuery.txt,1
./DatabaseClean/lucene-2.4/org.apache.lucene.util.StringHelper.txt,0
./DatabaseClean/lucene-2.4/org.apache.lucene.search.SpanFilterResult.txt,0
./DatabaseClean/lucene-2.4/org.apache.lucene.store.RAMInputStream.txt,0
./DatabaseClean/lucene-2.4/org.apache.lucene.search.Searcher.txt,1
./DatabaseClean/lucene-2.4/org.apache.lucene.search.payloads.BoostingTermQuery.txt,1
./DatabaseClean/lucene-2.4/org.apache.lucene.analysis.Analyzer.txt,1
./DatabaseClean/lucene-2.4/org.apache.lucene.store.SimpleFSLockFactory.txt,1
./DatabaseClean/lucene-2.4/org.apache.lucene.store.LockReleaseFailedException.txt,0
./DatabaseClean/lucene-2.4/org.apache.lucene.analysis.TokenFilter.txt,1
./DatabaseClean/lucene-2.4/org.apache.lucene.index.DocFieldConsumersPerThread.txt,0
./DatabaseClean/lucene-2.4/org.apache.lucene.util.UnicodeUtil.txt,1
./DatabaseClean/lucene-2.4/org.apache.lucene.search.PhraseQueue.txt,0
./DatabaseClean/lucene-2.4/org.apache.lucene.search.PhraseScorer.txt,1
./DatabaseClean/lucene-2.4/org.apache.lucene.store.MMapDirectory.txt,1
./DatabaseClean/lucene-2.4/org.apache.lucene.analysis.standard.StandardAnalyzer.txt,1
./DatabaseClean/lucene-2.4/org.apache.lucene.store.RAMOutputStream.txt,0
./DatabaseClean/lucene-2.4/org.apache.lucene.store.AlreadyClosedException.txt,0
./DatabaseClean/lucene-2.4/org.apache.lucene.search.ExtendedFieldCacheImpl.txt,1
./DatabaseClean/lucene-2.4/org.apache.lucene.index.FieldReaderException.txt,0
./DatabaseClean/lucene-2.4/org.apache.lucene.index.FieldInfo.txt,1
./DatabaseClean/lucene-2.4/org.apache.lucene.index.SegmentTermDocs.txt,1
./DatabaseClean/lucene-2.4/org.apache.lucene.search.spans.PayloadSpans.txt,1
./DatabaseClean/lucene-2.4/org.apache.lucene.search.HitIterator.txt,0
./DatabaseClean/lucene-2.4/org.apache.lucene.search.BooleanScorer2.txt,1
./DatabaseClean/lucene-2.4/org.apache.lucene.search.PhraseQuery.txt,1
./DatabaseClean/lucene-2.4/org.apache.lucene.analysis.Token.txt,1
./DatabaseClean/lucene-2.4/org.apache.lucene.search.payloads.PayloadSpanUtil.txt,1
./DatabaseClean/lucene-2.4/org.apache.lucene.search.SortComparatorSource.txt,1
./DatabaseClean/lucene-2.4/org.apache.lucene.index.InvertedDocConsumerPerThread.txt,0
./DatabaseClean/lucene-2.4/org.apache.lucene.analysis.TeeTokenFilter.txt,0
./DatabaseClean/lucene-2.4/org.apache.lucene.search.DisjunctionMaxScorer.txt,1
./DatabaseClean/lucene-2.4/org.apache.lucene.index.MergeDocIDRemapper.txt,1
./DatabaseClean/lucene-2.4/org.apache.lucene.store.NativeFSLockFactory.txt,1
./DatabaseClean/lucene-2.4/org.apache.lucene.search.SimilarityDelegator.txt,1
./DatabaseClean/lucene-2.4/org.apache.lucene.store.SingleInstanceLockFactory.txt,1
./DatabaseClean/lucene-2.4/org.apache.lucene.search.TimeLimitedCollector.txt,1
./DatabaseClean/lucene-2.4/org.apache.lucene.search.SortField.txt,1
./DatabaseClean/lucene-2.4/org.apache.lucene.search.CachingWrapperFilter.txt,1
./DatabaseClean/lucene-2.4/org.apache.lucene.index.TermPositionVector.txt,0
./DatabaseClean/lucene-2.4/org.apache.lucene.queryParser.FastCharStream.txt,0
./DatabaseClean/lucene-2.4/org.apache.lucene.search.WildcardTermEnum.txt,1
./DatabaseClean/lucene-2.4/org.apache.lucene.index.IndexCommit.txt,1
./DatabaseClean/lucene-2.4/org.apache.lucene.analysis.StopFilter.txt,1
./DatabaseClean/lucene-2.4/org.apache.lucene.util.ScorerDocQueue.txt,1
./DatabaseClean/lucene-2.4/org.apache.lucene.search.DefaultSimilarity.txt,0
./DatabaseClean/lucene-2.4/org.apache.lucene.index.TermsHashPerThread.txt,0
./DatabaseClean/lucene-2.4/org.apache.lucene.index.ReadOnlyMultiSegmentReader.txt,1
