file_path,label
./DatabaseClean/poi-3.0/org.apache.poi.poifs.storage.HeaderBlockReader.txt,1
./DatabaseClean/poi-3.0/org.apache.poi.hssf.record.formula.RefVPtg.txt,0
./DatabaseClean/poi-3.0/org.apache.poi.hssf.usermodel.HSSFChildAnchor.txt,1
./DatabaseClean/poi-3.0/org.apache.poi.hssf.record.LeftMarginRecord.txt,1
./DatabaseClean/poi-3.0/org.apache.poi.hssf.record.formula.SubtractPtg.txt,0
./DatabaseClean/poi-3.0/org.apache.poi.poifs.filesystem.POIFSDocument.txt,1
./DatabaseClean/poi-3.0/org.apache.poi.hssf.record.formula.ExpPtg.txt,1
./DatabaseClean/poi-3.0/org.apache.poi.ddf.EscherProperties.txt,1
./DatabaseClean/poi-3.0/org.apache.poi.ddf.EscherComplexProperty.txt,1
./DatabaseClean/poi-3.0/org.apache.poi.hssf.record.formula.RefNPtg.txt,0
./DatabaseClean/poi-3.0/org.apache.poi.util.POILogger.txt,1
./DatabaseClean/poi-3.0/org.apache.poi.ddf.EscherRGBProperty.txt,1
./DatabaseClean/poi-3.0/org.apache.poi.hssf.util.HSSFColor.txt,0
./DatabaseClean/poi-3.0/org.apache.poi.util.IOUtils.txt,1
./DatabaseClean/poi-3.0/org.apache.poi.poifs.storage.RawDataBlock.txt,1
./DatabaseClean/poi-3.0/org.apache.poi.ddf.EscherSpRecord.txt,1
./DatabaseClean/poi-3.0/org.apache.poi.hpsf.CustomProperties.txt,0
./DatabaseClean/poi-3.0/org.apache.poi.hssf.record.IterationRecord.txt,1
./DatabaseClean/poi-3.0/org.apache.poi.poifs.storage.PropertyBlock.txt,1
./DatabaseClean/poi-3.0/org.apache.poi.hssf.record.RecordInputStream.txt,1
./DatabaseClean/poi-3.0/org.apache.poi.hssf.record.formula.AreaNAPtg.txt,0
./DatabaseClean/poi-3.0/org.apache.poi.hpsf.HPSFRuntimeException.txt,0
./DatabaseClean/poi-3.0/org.apache.poi.hssf.record.VerticalPageBreakRecord.txt,1
./DatabaseClean/poi-3.0/org.apache.poi.hpsf.wellknown.SectionIDMap.txt,1
./DatabaseClean/poi-3.0/org.apache.poi.hssf.record.SeriesLabelsRecord.txt,1
./DatabaseClean/poi-3.0/org.apache.poi.hssf.eventusermodel.HSSFUserException.txt,0
./DatabaseClean/poi-3.0/org.apache.poi.hssf.eventusermodel.HSSFRequest.txt,0
./DatabaseClean/poi-3.0/org.apache.poi.hssf.dev.BiffViewer.txt,1
./DatabaseClean/poi-3.0/org.apache.poi.hssf.record.formula.ConcatPtg.txt,0
./DatabaseClean/poi-3.0/org.apache.poi.hssf.record.DataFormatRecord.txt,1
./DatabaseClean/poi-3.0/org.apache.poi.poifs.storage.RawDataBlockList.txt,0
./DatabaseClean/poi-3.0/org.apache.poi.hssf.usermodel.HSSFCell.txt,1
./DatabaseClean/poi-3.0/org.apache.poi.hssf.eventmodel.ModelFactory.txt,1
./DatabaseClean/poi-3.0/org.apache.poi.poifs.storage.BlockAllocationTableWriter.txt,1
./DatabaseClean/poi-3.0/org.apache.poi.hssf.util.RangeAddress.txt,1
./DatabaseClean/poi-3.0/org.apache.poi.poifs.dev.POIFSViewer.txt,0
./DatabaseClean/poi-3.0/org.apache.poi.util.StringUtil.txt,1
./DatabaseClean/poi-3.0/org.apache.poi.hssf.record.LineFormatRecord.txt,1
./DatabaseClean/poi-3.0/org.apache.poi.hssf.record.BlankRecord.txt,1
./DatabaseClean/poi-3.0/org.apache.poi.hssf.record.DrawingRecordForBiffViewer.txt,0
./DatabaseClean/poi-3.0/org.apache.poi.ddf.EscherDgRecord.txt,1
./DatabaseClean/poi-3.0/org.apache.poi.hssf.record.formula.NotEqualPtg.txt,1
./DatabaseClean/poi-3.0/org.apache.poi.hssf.eventmodel.ERFListener.txt,0
./DatabaseClean/poi-3.0/org.apache.poi.hssf.record.SupBookRecord.txt,1
./DatabaseClean/poi-3.0/org.apache.poi.hssf.record.TopMarginRecord.txt,1
./DatabaseClean/poi-3.0/org.apache.poi.hssf.record.formula.BoolPtg.txt,0
./DatabaseClean/poi-3.0/org.apache.poi.hssf.model.AbstractShape.txt,0
./DatabaseClean/poi-3.0/org.apache.poi.hssf.record.DSFRecord.txt,1
./DatabaseClean/poi-3.0/org.apache.poi.hssf.record.ExtSSTRecord.txt,1
./DatabaseClean/poi-3.0/org.apache.poi.hssf.record.formula.MissingArgPtg.txt,0
./DatabaseClean/poi-3.0/org.apache.poi.util.BitFieldFactory.txt,1
./DatabaseClean/poi-3.0/org.apache.poi.hpsf.NoFormatIDException.txt,0
./DatabaseClean/poi-3.0/org.apache.poi.hssf.record.BoolErrRecord.txt,1
./DatabaseClean/poi-3.0/org.apache.poi.hssf.record.FrameRecord.txt,1
./DatabaseClean/poi-3.0/org.apache.poi.poifs.eventfilesystem.POIFSReader.txt,1
./DatabaseClean/poi-3.0/org.apache.poi.hssf.record.GridsetRecord.txt,1
./DatabaseClean/poi-3.0/org.apache.poi.poifs.storage.HeaderBlockConstants.txt,1
./DatabaseClean/poi-3.0/org.apache.poi.hssf.record.formula.FuncPtg.txt,0
./DatabaseClean/poi-3.0/org.apache.poi.hssf.dev.FormulaViewer.txt,0
./DatabaseClean/poi-3.0/org.apache.poi.hssf.usermodel.HSSFName.txt,1
./DatabaseClean/poi-3.0/org.apache.poi.hssf.record.SSTSerializer.txt,0
./DatabaseClean/poi-3.0/org.apache.poi.hssf.record.formula.AreaAPtg.txt,0
./DatabaseClean/poi-3.0/org.apache.poi.hssf.model.ConvertAnchor.txt,1
./DatabaseClean/poi-3.0/org.apache.poi.util.ArrayUtil.txt,0
./DatabaseClean/poi-3.0/org.apache.poi.hssf.model.LineShape.txt,1
./DatabaseClean/poi-3.0/org.apache.poi.hssf.record.IndexRecord.txt,1
./DatabaseClean/poi-3.0/org.apache.poi.hpsf.WritingNotSupportedException.txt,0
./DatabaseClean/poi-3.0/org.apache.poi.hssf.record.WindowTwoRecord.txt,1
./DatabaseClean/poi-3.0/org.apache.poi.poifs.storage.BlockAllocationTableReader.txt,1
./DatabaseClean/poi-3.0/org.apache.poi.hpsf.UnexpectedPropertySetTypeException.txt,0
./DatabaseClean/poi-3.0/org.apache.poi.util.BinaryTree.txt,1
./DatabaseClean/poi-3.0/org.apache.poi.poifs.eventfilesystem.POIFSReaderRegistry.txt,0
./DatabaseClean/poi-3.0/org.apache.poi.util.LongField.txt,0
./DatabaseClean/poi-3.0/org.apache.poi.hssf.record.FontBasisRecord.txt,1
./DatabaseClean/poi-3.0/org.apache.poi.hssf.record.SheetPropertiesRecord.txt,1
./DatabaseClean/poi-3.0/org.apache.poi.hssf.record.formula.RefAPtg.txt,0
./DatabaseClean/poi-3.0/org.apache.poi.hssf.record.formula.AreaNPtg.txt,0
./DatabaseClean/poi-3.0/org.apache.poi.hssf.record.formula.RefNAPtg.txt,0
./DatabaseClean/poi-3.0/org.apache.poi.hssf.record.RecordProcessor.txt,0
./DatabaseClean/poi-3.0/org.apache.poi.hpsf.UnsupportedVariantTypeException.txt,0
./DatabaseClean/poi-3.0/org.apache.poi.hssf.record.BeginRecord.txt,1
./DatabaseClean/poi-3.0/org.apache.poi.ddf.EscherClientDataRecord.txt,1
./DatabaseClean/poi-3.0/org.apache.poi.hssf.record.LabelRecord.txt,1
./DatabaseClean/poi-3.0/org.apache.poi.hssf.record.SeriesTextRecord.txt,1
./DatabaseClean/poi-3.0/org.apache.poi.hssf.record.formula.MemFuncPtg.txt,1
./DatabaseClean/poi-3.0/org.apache.poi.hssf.record.formula.AreaPtg.txt,1
./DatabaseClean/poi-3.0/org.apache.poi.hssf.record.CustomField.txt,1
./DatabaseClean/poi-3.0/org.apache.poi.hssf.usermodel.HSSFErrorConstants.txt,0
./DatabaseClean/poi-3.0/org.apache.poi.hpsf.VariantSupport.txt,1
./DatabaseClean/poi-3.0/org.apache.poi.poifs.filesystem.DirectoryEntry.txt,0
./DatabaseClean/poi-3.0/org.apache.poi.hssf.usermodel.HSSFCellStyle.txt,1
./DatabaseClean/poi-3.0/org.apache.poi.hssf.record.ChartFormatRecord.txt,1
./DatabaseClean/poi-3.0/org.apache.poi.poifs.filesystem.DocumentNode.txt,0
./DatabaseClean/poi-3.0/org.apache.poi.hpsf.PropertySetFactory.txt,0
./DatabaseClean/poi-3.0/org.apache.poi.hssf.record.CellValueRecordInterface.txt,0
./DatabaseClean/poi-3.0/org.apache.poi.hssf.util.PaneInformation.txt,0
./DatabaseClean/poi-3.0/org.apache.poi.hssf.record.formula.DeletedRef3DPtg.txt,0
./DatabaseClean/poi-3.0/org.apache.poi.hssf.record.formula.UnionPtg.txt,0
./DatabaseClean/poi-3.0/org.apache.poi.poifs.storage.SmallBlockTableWriter.txt,1
./DatabaseClean/poi-3.0/org.apache.poi.hssf.record.formula.AttrPtg.txt,1
./DatabaseClean/poi-3.0/org.apache.poi.hpsf.Thumbnail.txt,1
./DatabaseClean/poi-3.0/org.apache.poi.hssf.model.PolygonShape.txt,1
./DatabaseClean/poi-3.0/org.apache.poi.hssf.record.DeltaRecord.txt,1
./DatabaseClean/poi-3.0/org.apache.poi.hssf.record.LinkedDataRecord.txt,1
./DatabaseClean/poi-3.0/org.apache.poi.hpsf.MarkUnsupportedException.txt,0
./DatabaseClean/poi-3.0/org.apache.poi.util.ShortField.txt,0
./DatabaseClean/poi-3.0/org.apache.poi.hssf.record.SSTRecordSizeCalculator.txt,0
./DatabaseClean/poi-3.0/org.apache.poi.hssf.record.UnitsRecord.txt,1
./DatabaseClean/poi-3.0/org.apache.poi.util.DrawingDump.txt,0
./DatabaseClean/poi-3.0/org.apache.poi.hssf.record.formula.DividePtg.txt,0
./DatabaseClean/poi-3.0/org.apache.poi.hssf.record.formula.GreaterThanPtg.txt,1
./DatabaseClean/poi-3.0/org.apache.poi.hpsf.HPSFException.txt,0
./DatabaseClean/poi-3.0/org.apache.poi.hssf.model.Model.txt,0
./DatabaseClean/poi-3.0/org.apache.poi.hssf.eventusermodel.AbortableHSSFListener.txt,1
./DatabaseClean/poi-3.0/org.apache.poi.hssf.record.ExternSheetSubRecord.txt,1
./DatabaseClean/poi-3.0/org.apache.poi.hssf.record.SelectionRecord.txt,1
./DatabaseClean/poi-3.0/org.apache.poi.util.DoubleList2d.txt,0
./DatabaseClean/poi-3.0/org.apache.poi.hpsf.Variant.txt,0
./DatabaseClean/poi-3.0/org.apache.poi.hssf.record.RowRecord.txt,1
./DatabaseClean/poi-3.0/org.apache.poi.hssf.record.CalcCountRecord.txt,1
./DatabaseClean/poi-3.0/org.apache.poi.hssf.record.SeriesChartGroupIndexRecord.txt,1
./DatabaseClean/poi-3.0/org.apache.poi.hssf.record.DimensionsRecord.txt,1
./DatabaseClean/poi-3.0/org.apache.poi.hpsf.MutablePropertySet.txt,1
./DatabaseClean/poi-3.0/org.apache.poi.hssf.record.formula.UnaryPlusPtg.txt,0
./DatabaseClean/poi-3.0/org.apache.poi.hssf.record.RecordFactory.txt,1
./DatabaseClean/poi-3.0/org.apache.poi.poifs.filesystem.BATManaged.txt,0
./DatabaseClean/poi-3.0/org.apache.poi.poifs.filesystem.DocumentEntry.txt,0
./DatabaseClean/poi-3.0/org.apache.poi.hssf.record.aggregates.ValueRecordsAggregate.txt,1
./DatabaseClean/poi-3.0/org.apache.poi.hssf.record.HorizontalPageBreakRecord.txt,1
./DatabaseClean/poi-3.0/org.apache.poi.poifs.storage.BigBlock.txt,0
./DatabaseClean/poi-3.0/org.apache.poi.hssf.record.CommonObjectDataSubRecord.txt,1
./DatabaseClean/poi-3.0/org.apache.poi.poifs.storage.BlockWritable.txt,0
./DatabaseClean/poi-3.0/org.apache.poi.hssf.record.EOFRecord.txt,1
./DatabaseClean/poi-3.0/org.apache.poi.hssf.record.formula.EqualPtg.txt,0
./DatabaseClean/poi-3.0/org.apache.poi.util.IntegerField.txt,0
./DatabaseClean/poi-3.0/org.apache.poi.hssf.record.ObjRecord.txt,1
./DatabaseClean/poi-3.0/org.apache.poi.hssf.record.CountryRecord.txt,1
./DatabaseClean/poi-3.0/org.apache.poi.hssf.record.formula.Ptg.txt,1
./DatabaseClean/poi-3.0/org.apache.poi.hssf.record.formula.AddPtg.txt,0
./DatabaseClean/poi-3.0/org.apache.poi.hssf.record.NameRecord.txt,1
./DatabaseClean/poi-3.0/org.apache.poi.poifs.dev.POIFSViewable.txt,0
./DatabaseClean/poi-3.0/org.apache.poi.hpsf.Property.txt,1
./DatabaseClean/poi-3.0/org.apache.poi.ddf.EscherShapePathProperty.txt,1
./DatabaseClean/poi-3.0/org.apache.poi.util.TempFile.txt,1
./DatabaseClean/poi-3.0/org.apache.poi.hssf.dev.EFBiffViewer.txt,0
./DatabaseClean/poi-3.0/org.apache.poi.hssf.record.WriteAccessRecord.txt,1
./DatabaseClean/poi-3.0/org.apache.poi.hssf.record.PrecisionRecord.txt,1
./DatabaseClean/poi-3.0/org.apache.poi.hssf.usermodel.HSSFShapeGroup.txt,0
./DatabaseClean/poi-3.0/org.apache.poi.hssf.record.CodepageRecord.txt,1
./DatabaseClean/poi-3.0/org.apache.poi.hssf.record.formula.MemAreaPtg.txt,1
./DatabaseClean/poi-3.0/org.apache.poi.ddf.EscherSplitMenuColorsRecord.txt,1
./DatabaseClean/poi-3.0/org.apache.poi.util.HexRead.txt,0
./DatabaseClean/poi-3.0/org.apache.poi.hssf.record.ValueRangeRecord.txt,1
./DatabaseClean/poi-3.0/org.apache.poi.ddf.EscherRecord.txt,1
./DatabaseClean/poi-3.0/org.apache.poi.hssf.usermodel.HSSFRow.txt,1
./DatabaseClean/poi-3.0/org.apache.poi.hssf.record.ObjectLinkRecord.txt,1
./DatabaseClean/poi-3.0/org.apache.poi.hssf.record.formula.NamePtg.txt,0
./DatabaseClean/poi-3.0/org.apache.poi.hpsf.IllegalVariantTypeException.txt,0
./DatabaseClean/poi-3.0/org.apache.poi.poifs.eventfilesystem.POIFSReaderListener.txt,0
./DatabaseClean/poi-3.0/org.apache.poi.hssf.record.ChartRecord.txt,1
./DatabaseClean/poi-3.0/org.apache.poi.hssf.model.TextboxShape.txt,1
./DatabaseClean/poi-3.0/org.apache.poi.hssf.usermodel.HSSFPatriarch.txt,1
./DatabaseClean/poi-3.0/org.apache.poi.poifs.property.DirectoryProperty.txt,1
./DatabaseClean/poi-3.0/org.apache.poi.hssf.record.NoteStructureSubRecord.txt,1
./DatabaseClean/poi-3.0/org.apache.poi.hssf.record.FontRecord.txt,1
./DatabaseClean/poi-3.0/org.apache.poi.hssf.record.LabelSSTRecord.txt,1
./DatabaseClean/poi-3.0/org.apache.poi.util.BitField.txt,0
./DatabaseClean/poi-3.0/org.apache.poi.util.BlockingInputStream.txt,0
./DatabaseClean/poi-3.0/org.apache.poi.hssf.record.DBCellRecord.txt,1
./DatabaseClean/poi-3.0/org.apache.poi.hssf.record.DatRecord.txt,1
./DatabaseClean/poi-3.0/org.apache.poi.poifs.property.PropertyConstants.txt,0
./DatabaseClean/poi-3.0/org.apache.poi.hpsf.MissingSectionException.txt,0
./DatabaseClean/poi-3.0/org.apache.poi.hpsf.Util.txt,1
./DatabaseClean/poi-3.0/org.apache.poi.hssf.record.formula.LessThanPtg.txt,1
./DatabaseClean/poi-3.0/org.apache.poi.util.NullLogger.txt,1
./DatabaseClean/poi-3.0/org.apache.poi.hpsf.NoPropertySetStreamException.txt,0
./DatabaseClean/poi-3.0/org.apache.poi.hssf.record.formula.IntersectionPtg.txt,0
./DatabaseClean/poi-3.0/org.apache.poi.hssf.usermodel.HSSFClientAnchor.txt,1
./DatabaseClean/poi-3.0/org.apache.poi.hssf.record.formula.ControlPtg.txt,0
./DatabaseClean/poi-3.0/org.apache.poi.hssf.record.PlotGrowthRecord.txt,1
./DatabaseClean/poi-3.0/org.apache.poi.hpsf.IllegalPropertySetDataException.txt,0
./DatabaseClean/poi-3.0/org.apache.poi.poifs.property.RootProperty.txt,1
./DatabaseClean/poi-3.0/org.apache.poi.hssf.record.aggregates.ColumnInfoRecordsAggregate.txt,0
./DatabaseClean/poi-3.0/org.apache.poi.poifs.storage.SmallDocumentBlockList.txt,0
./DatabaseClean/poi-3.0/org.apache.poi.hssf.record.DrawingGroupRecord.txt,1
./DatabaseClean/poi-3.0/org.apache.poi.hssf.record.aggregates.FormulaRecordAggregate.txt,1
./DatabaseClean/poi-3.0/org.apache.poi.poifs.filesystem.DocumentInputStream.txt,0
./DatabaseClean/poi-3.0/org.apache.poi.hssf.record.formula.MemErrPtg.txt,0
./DatabaseClean/poi-3.0/org.apache.poi.hssf.eventmodel.EventRecordFactory.txt,1
./DatabaseClean/poi-3.0/org.apache.poi.hssf.usermodel.HSSFFont.txt,1
./DatabaseClean/poi-3.0/org.apache.poi.hssf.record.RecalcIdRecord.txt,1
./DatabaseClean/poi-3.0/org.apache.poi.hssf.record.formula.DeletedArea3DPtg.txt,0
./DatabaseClean/poi-3.0/org.apache.poi.hssf.usermodel.HSSFDateUtil.txt,1
./DatabaseClean/poi-3.0/org.apache.poi.hssf.record.PrintHeadersRecord.txt,1
./DatabaseClean/poi-3.0/org.apache.poi.hssf.usermodel.HSSFPolygon.txt,0
./DatabaseClean/poi-3.0/org.apache.poi.hssf.record.formula.FuncVarPtg.txt,0
./DatabaseClean/poi-3.0/org.apache.poi.hssf.record.formula.AreaErrPtg.txt,0
./DatabaseClean/poi-3.0/org.apache.poi.hssf.record.DrawingSelectionRecord.txt,0
./DatabaseClean/poi-3.0/org.apache.poi.hssf.usermodel.HSSFFooter.txt,1
./DatabaseClean/poi-3.0/org.apache.poi.hssf.usermodel.DummyGraphics2d.txt,0
./DatabaseClean/poi-3.0/org.apache.poi.ddf.EscherProperty.txt,1
./DatabaseClean/poi-3.0/org.apache.poi.hssf.record.GutsRecord.txt,1
./DatabaseClean/poi-3.0/org.apache.poi.hssf.util.Region.txt,0
./DatabaseClean/poi-3.0/org.apache.poi.hssf.record.formula.AreaNVPtg.txt,0
./DatabaseClean/poi-3.0/org.apache.poi.hssf.usermodel.HSSFWorkbook.txt,1
./DatabaseClean/poi-3.0/org.apache.poi.hssf.record.WindowOneRecord.txt,1
./DatabaseClean/poi-3.0/org.apache.poi.hssf.record.ColumnInfoRecord.txt,1
./DatabaseClean/poi-3.0/org.apache.poi.poifs.storage.HeaderBlockWriter.txt,0
./DatabaseClean/poi-3.0/org.apache.poi.hssf.record.formula.IntPtg.txt,1
./DatabaseClean/poi-3.0/org.apache.poi.hssf.util.SheetReferences.txt,0
./DatabaseClean/poi-3.0/org.apache.poi.hssf.record.FormulaRecord.txt,1
./DatabaseClean/poi-3.0/org.apache.poi.util.ByteField.txt,0
./DatabaseClean/poi-3.0/org.apache.poi.hssf.usermodel.EscherGraphics2d.txt,1
./DatabaseClean/poi-3.0/org.apache.poi.hssf.record.PasswordRecord.txt,1
./DatabaseClean/poi-3.0/org.apache.poi.hssf.record.NumberFormatIndexRecord.txt,1
./DatabaseClean/poi-3.0/org.apache.poi.hssf.record.SSTRecordHeader.txt,0
./DatabaseClean/poi-3.0/org.apache.poi.poifs.storage.BlockList.txt,1
./DatabaseClean/poi-3.0/org.apache.poi.hssf.record.Record.txt,1
./DatabaseClean/poi-3.0/org.apache.poi.hssf.record.AxisRecord.txt,1
./DatabaseClean/poi-3.0/org.apache.poi.hssf.record.ExtSSTInfoSubRecord.txt,0
./DatabaseClean/poi-3.0/org.apache.poi.hssf.record.InterfaceHdrRecord.txt,1
./DatabaseClean/poi-3.0/org.apache.poi.poifs.property.Child.txt,0
./DatabaseClean/poi-3.0/org.apache.poi.hssf.dev.HSSF.txt,1
./DatabaseClean/poi-3.0/org.apache.poi.hssf.record.RecordFormatException.txt,0
./DatabaseClean/poi-3.0/org.apache.poi.hpsf.MutableProperty.txt,0
./DatabaseClean/poi-3.0/org.apache.poi.hssf.record.InterfaceEndRecord.txt,1
./DatabaseClean/poi-3.0/org.apache.poi.ddf.EscherDggRecord.txt,1
./DatabaseClean/poi-3.0/org.apache.poi.poifs.filesystem.POIFSDocumentPath.txt,0
./DatabaseClean/poi-3.0/org.apache.poi.hssf.record.aggregates.RowRecordsAggregate.txt,1
./DatabaseClean/poi-3.0/org.apache.poi.poifs.property.Property.txt,1
./DatabaseClean/poi-3.0/org.apache.poi.hssf.record.ContinueRecord.txt,1
./DatabaseClean/poi-3.0/org.apache.poi.hssf.record.formula.StringPtg.txt,0
./DatabaseClean/poi-3.0/org.apache.poi.ddf.UnknownEscherRecord.txt,1
./DatabaseClean/poi-3.0/org.apache.poi.ddf.EscherPropertyMetaData.txt,1
./DatabaseClean/poi-3.0/org.apache.poi.hssf.record.RefModeRecord.txt,1
./DatabaseClean/poi-3.0/org.apache.poi.hssf.record.formula.ArrayPtg.txt,1
./DatabaseClean/poi-3.0/org.apache.poi.hssf.record.FormatRecord.txt,1
./DatabaseClean/poi-3.0/org.apache.poi.hssf.record.SaveRecalcRecord.txt,1
./DatabaseClean/poi-3.0/org.apache.poi.poifs.filesystem.Entry.txt,0
./DatabaseClean/poi-3.0/org.apache.poi.hssf.record.SSTDeserializer.txt,0
./DatabaseClean/poi-3.0/org.apache.poi.ddf.EscherArrayProperty.txt,1
./DatabaseClean/poi-3.0/org.apache.poi.hpsf.ReadingNotSupportedException.txt,0
./DatabaseClean/poi-3.0/org.apache.poi.hssf.record.BottomMarginRecord.txt,1
./DatabaseClean/poi-3.0/org.apache.poi.hssf.record.MergeCellsRecord.txt,1
./DatabaseClean/poi-3.0/org.apache.poi.hssf.record.WindowProtectRecord.txt,1
./DatabaseClean/poi-3.0/org.apache.poi.hssf.model.SimpleFilledShape.txt,1
./DatabaseClean/poi-3.0/org.apache.poi.ddf.EscherDump.txt,1
./DatabaseClean/poi-3.0/org.apache.poi.hssf.record.WriteProtectRecord.txt,1
./DatabaseClean/poi-3.0/org.apache.poi.poifs.storage.SmallDocumentBlock.txt,1
./DatabaseClean/poi-3.0/org.apache.poi.hssf.record.AbstractEscherHolderRecord.txt,1
./DatabaseClean/poi-3.0/org.apache.poi.ddf.EscherBitmapBlip.txt,1
./DatabaseClean/poi-3.0/org.apache.poi.hssf.record.ExternSheetRecord.txt,1
./DatabaseClean/poi-3.0/org.apache.poi.util.HexDump.txt,1
./DatabaseClean/poi-3.0/org.apache.poi.hssf.record.DrawingRecord.txt,1
./DatabaseClean/poi-3.0/org.apache.poi.hssf.record.MulBlankRecord.txt,1
./DatabaseClean/poi-3.0/org.apache.poi.hssf.usermodel.StaticFontMetrics.txt,1
./DatabaseClean/poi-3.0/org.apache.poi.ddf.EscherClientAnchorRecord.txt,1
./DatabaseClean/poi-3.0/org.apache.poi.hssf.usermodel.HSSFComment.txt,1
./DatabaseClean/poi-3.0/org.apache.poi.hssf.record.RKRecord.txt,1
./DatabaseClean/poi-3.0/org.apache.poi.hssf.record.EndSubRecord.txt,1
./DatabaseClean/poi-3.0/org.apache.poi.hssf.record.formula.AbstractFunctionPtg.txt,1
./DatabaseClean/poi-3.0/org.apache.poi.ddf.EscherTextboxRecord.txt,1
./DatabaseClean/poi-3.0/org.apache.poi.hssf.model.DrawingManager2.txt,0
./DatabaseClean/poi-3.0/org.apache.poi.hssf.record.formula.MultiplyPtg.txt,0
./DatabaseClean/poi-3.0/org.apache.poi.hssf.usermodel.FontDetails.txt,1
./DatabaseClean/poi-3.0/org.apache.poi.hssf.record.MulRKRecord.txt,1
./DatabaseClean/poi-3.0/org.apache.poi.poifs.filesystem.OfficeXmlFileException.txt,0
./DatabaseClean/poi-3.0/org.apache.poi.ddf.EscherOptRecord.txt,1
./DatabaseClean/poi-3.0/org.apache.poi.hssf.record.AxisLineFormatRecord.txt,1
./DatabaseClean/poi-3.0/org.apache.poi.hssf.record.PageBreakRecord.txt,1
./DatabaseClean/poi-3.0/org.apache.poi.hpsf.Constants.txt,0
./DatabaseClean/poi-3.0/org.apache.poi.poifs.storage.DocumentBlock.txt,0
./DatabaseClean/poi-3.0/org.apache.poi.ddf.EscherPropertyFactory.txt,1
./DatabaseClean/poi-3.0/org.apache.poi.hssf.record.formula.RefErrorPtg.txt,1
./DatabaseClean/poi-3.0/org.apache.poi.hssf.record.formula.PowerPtg.txt,0
./DatabaseClean/poi-3.0/org.apache.poi.poifs.dev.POIFSViewEngine.txt,0
./DatabaseClean/poi-3.0/org.apache.poi.hssf.record.RightMarginRecord.txt,0
./DatabaseClean/poi-3.0/org.apache.poi.hssf.record.SSTRecord.txt,1
./DatabaseClean/poi-3.0/org.apache.poi.poifs.property.DocumentProperty.txt,0
./DatabaseClean/poi-3.0/org.apache.poi.hssf.usermodel.HSSFPrintSetup.txt,0
./DatabaseClean/poi-3.0/org.apache.poi.util.SystemOutLogger.txt,1
./DatabaseClean/poi-3.0/org.apache.poi.poifs.filesystem.DocumentOutputStream.txt,1
./DatabaseClean/poi-3.0/org.apache.poi.poifs.storage.BATBlock.txt,1
./DatabaseClean/poi-3.0/org.apache.poi.ddf.EscherBSERecord.txt,1
./DatabaseClean/poi-3.0/org.apache.poi.ddf.EscherBlipWMFRecord.txt,1
./DatabaseClean/poi-3.0/org.apache.poi.util.LittleEndianConsts.txt,0
./DatabaseClean/poi-3.0/org.apache.poi.hssf.record.MMSRecord.txt,1
./DatabaseClean/poi-3.0/org.apache.poi.hssf.record.HeaderRecord.txt,1
./DatabaseClean/poi-3.0/org.apache.poi.hssf.record.StringRecord.txt,1
./DatabaseClean/poi-3.0/org.apache.poi.hssf.record.formula.RefNVPtg.txt,0
./DatabaseClean/poi-3.0/org.apache.poi.hssf.record.formula.OperationPtg.txt,0
./DatabaseClean/poi-3.0/org.apache.poi.hssf.eventusermodel.HSSFEventFactory.txt,1
./DatabaseClean/poi-3.0/org.apache.poi.hssf.record.EndRecord.txt,1
./DatabaseClean/poi-3.0/org.apache.poi.hssf.model.WorkbookRecordList.txt,1
./DatabaseClean/poi-3.0/org.apache.poi.hssf.record.BOFRecord.txt,1
./DatabaseClean/poi-3.0/org.apache.poi.hssf.record.PrintSetupRecord.txt,1
./DatabaseClean/poi-3.0/org.apache.poi.hssf.usermodel.HSSFPicture.txt,1
./DatabaseClean/poi-3.0/org.apache.poi.hssf.record.SeriesToChartGroupRecord.txt,1
./DatabaseClean/poi-3.0/org.apache.poi.hssf.record.CalcModeRecord.txt,1
./DatabaseClean/poi-3.0/org.apache.poi.hssf.record.PrintGridlinesRecord.txt,1
./DatabaseClean/poi-3.0/org.apache.poi.poifs.property.Parent.txt,0
./DatabaseClean/poi-3.0/org.apache.poi.poifs.eventfilesystem.POIFSReaderEvent.txt,0
./DatabaseClean/poi-3.0/org.apache.poi.hpsf.MutableSection.txt,0
./DatabaseClean/poi-3.0/org.apache.poi.hssf.record.FooterRecord.txt,1
./DatabaseClean/poi-3.0/org.apache.poi.util.IntList2d.txt,0
./DatabaseClean/poi-3.0/org.apache.poi.hssf.usermodel.HSSFPalette.txt,1
./DatabaseClean/poi-3.0/org.apache.poi.poifs.property.PropertyTable.txt,1
./DatabaseClean/poi-3.0/org.apache.poi.hssf.record.BookBoolRecord.txt,1
./DatabaseClean/poi-3.0/org.apache.poi.hssf.record.SCLRecord.txt,1
./DatabaseClean/poi-3.0/org.apache.poi.hssf.record.NumberRecord.txt,1
./DatabaseClean/poi-3.0/org.apache.poi.ddf.DefaultEscherRecordFactory.txt,1
./DatabaseClean/poi-3.0/org.apache.poi.ddf.NullEscherSerializationListener.txt,1
./DatabaseClean/poi-3.0/org.apache.poi.hssf.record.PlotAreaRecord.txt,1
./DatabaseClean/poi-3.0/org.apache.poi.hpsf.CustomProperty.txt,0
./DatabaseClean/poi-3.0/org.apache.poi.ddf.EscherSpgrRecord.txt,1
./DatabaseClean/poi-3.0/org.apache.poi.hssf.record.AxisParentRecord.txt,1
./DatabaseClean/poi-3.0/org.apache.poi.hssf.record.DateWindow1904Record.txt,1
./DatabaseClean/poi-3.0/org.apache.poi.hssf.record.RefreshAllRecord.txt,1
./DatabaseClean/poi-3.0/org.apache.poi.hssf.record.LinkedDataFormulaField.txt,0
./DatabaseClean/poi-3.0/org.apache.poi.hssf.util.CellReference.txt,1
./DatabaseClean/poi-3.0/org.apache.poi.hssf.usermodel.HSSFRichTextString.txt,1
./DatabaseClean/poi-3.0/org.apache.poi.hpsf.TypeWriter.txt,0
./DatabaseClean/poi-3.0/org.apache.poi.hssf.record.UnicodeString.txt,1
./DatabaseClean/poi-3.0/org.apache.poi.hssf.record.formula.NumberPtg.txt,1
./DatabaseClean/poi-3.0/org.apache.poi.hssf.record.formula.AreaVPtg.txt,0
./DatabaseClean/poi-3.0/org.apache.poi.hssf.record.formula.ArrayPtgV.txt,0
./DatabaseClean/poi-3.0/org.apache.poi.poifs.common.POIFSConstants.txt,0
./DatabaseClean/poi-3.0/org.apache.poi.hssf.record.FilePassRecord.txt,1
./DatabaseClean/poi-3.0/org.apache.poi.hpsf.DocumentSummaryInformation.txt,0
./DatabaseClean/poi-3.0/org.apache.poi.hssf.record.formula.ArrayPtgA.txt,0
./DatabaseClean/poi-3.0/org.apache.poi.hpsf.Section.txt,1
./DatabaseClean/poi-3.0/org.apache.poi.hssf.record.BoundSheetRecord.txt,1
./DatabaseClean/poi-3.0/org.apache.poi.hssf.record.formula.ErrPtg.txt,0
./DatabaseClean/poi-3.0/org.apache.poi.ddf.EscherSimpleProperty.txt,1
./DatabaseClean/poi-3.0/org.apache.poi.poifs.filesystem.POIFSWriterEvent.txt,0
./DatabaseClean/poi-3.0/org.apache.poi.hssf.record.GroupMarkerSubRecord.txt,1
./DatabaseClean/poi-3.0/org.apache.poi.util.POILogFactory.txt,0
./DatabaseClean/poi-3.0/org.apache.poi.hssf.record.ExtendedFormatRecord.txt,1
./DatabaseClean/poi-3.0/org.apache.poi.hssf.record.formula.GreaterEqualPtg.txt,1
./DatabaseClean/poi-3.0/org.apache.poi.hpsf.NoSingleSectionException.txt,0
./DatabaseClean/poi-3.0/org.apache.poi.hssf.usermodel.HSSFSimpleShape.txt,0
./DatabaseClean/poi-3.0/org.apache.poi.hssf.usermodel.HSSFShape.txt,1
./DatabaseClean/poi-3.0/org.apache.poi.hpsf.PropertySet.txt,0
./DatabaseClean/poi-3.0/org.apache.poi.hssf.record.PaneRecord.txt,1
./DatabaseClean/poi-3.0/org.apache.poi.util.List2d.txt,0
./DatabaseClean/poi-3.0/org.apache.poi.hssf.usermodel.HSSFTextbox.txt,1
./DatabaseClean/poi-3.0/org.apache.poi.hssf.model.Sheet.txt,1
./DatabaseClean/poi-3.0/org.apache.poi.hssf.record.ProtectionRev4Record.txt,1
./DatabaseClean/poi-3.0/org.apache.poi.hssf.record.TickRecord.txt,1
./DatabaseClean/poi-3.0/org.apache.poi.hssf.record.StyleRecord.txt,1
./DatabaseClean/poi-3.0/org.apache.poi.hssf.record.formula.Area3DPtg.txt,1
./DatabaseClean/poi-3.0/org.apache.poi.hssf.record.WSBoolRecord.txt,1
./DatabaseClean/poi-3.0/org.apache.poi.hssf.record.NoteRecord.txt,1
./DatabaseClean/poi-3.0/org.apache.poi.hssf.record.LegendRecord.txt,1
./DatabaseClean/poi-3.0/org.apache.poi.hssf.record.DefaultDataLabelTextPropertiesRecord.txt,1
./DatabaseClean/poi-3.0/org.apache.poi.hssf.record.SeriesListRecord.txt,1
./DatabaseClean/poi-3.0/org.apache.poi.ddf.EscherRecordFactory.txt,1
./DatabaseClean/poi-3.0/org.apache.poi.poifs.filesystem.POIFSFileSystem.txt,1
./DatabaseClean/poi-3.0/org.apache.poi.poifs.filesystem.DirectoryNode.txt,0
./DatabaseClean/poi-3.0/org.apache.poi.dev.RecordGenerator.txt,0
./DatabaseClean/poi-3.0/org.apache.poi.hpsf.ClassID.txt,0
./DatabaseClean/poi-3.0/org.apache.poi.poifs.filesystem.POIFSWriterListener.txt,0
./DatabaseClean/poi-3.0/org.apache.poi.hssf.record.CategorySeriesAxisRecord.txt,1
./DatabaseClean/poi-3.0/org.apache.poi.poifs.filesystem.DocumentDescriptor.txt,0
./DatabaseClean/poi-3.0/org.apache.poi.hssf.record.FontIndexRecord.txt,1
./DatabaseClean/poi-3.0/org.apache.poi.hssf.record.formula.LessEqualPtg.txt,1
./DatabaseClean/poi-3.0/org.apache.poi.hssf.record.formula.PercentPtg.txt,0
./DatabaseClean/poi-3.0/org.apache.poi.hssf.usermodel.HSSFPictureData.txt,1
./DatabaseClean/poi-3.0/org.apache.poi.util.CommonsLogger.txt,0
./DatabaseClean/poi-3.0/org.apache.poi.hssf.record.TextObjectBaseRecord.txt,1
./DatabaseClean/poi-3.0/org.apache.poi.hssf.usermodel.EscherGraphics.txt,1
./DatabaseClean/poi-3.0/org.apache.poi.hssf.eventmodel.ModelFactoryListener.txt,0
./DatabaseClean/poi-3.0/org.apache.poi.poifs.storage.ListManagedBlock.txt,0
./DatabaseClean/poi-3.0/org.apache.poi.hssf.record.UnknownRecord.txt,1
./DatabaseClean/poi-3.0/org.apache.poi.ddf.EscherSerializationListener.txt,1
./DatabaseClean/poi-3.0/org.apache.poi.hssf.record.AxisUsedRecord.txt,1
./DatabaseClean/poi-3.0/org.apache.poi.hpsf.SummaryInformation.txt,1
./DatabaseClean/poi-3.0/org.apache.poi.hssf.record.PasswordRev4Record.txt,1
./DatabaseClean/poi-3.0/org.apache.poi.ddf.EscherBoolProperty.txt,1
./DatabaseClean/poi-3.0/org.apache.poi.util.DoubleList.txt,0
./DatabaseClean/poi-3.0/org.apache.poi.hssf.record.VCenterRecord.txt,1
./DatabaseClean/poi-3.0/org.apache.poi.hssf.util.RKUtil.txt,1
./DatabaseClean/poi-3.0/org.apache.poi.ddf.EscherContainerRecord.txt,1
./DatabaseClean/poi-3.0/org.apache.poi.hssf.usermodel.HSSFHeader.txt,1
./DatabaseClean/poi-3.0/org.apache.poi.hssf.record.formula.Ref3DPtg.txt,0
./DatabaseClean/poi-3.0/org.apache.poi.hssf.record.SeriesIndexRecord.txt,1
./DatabaseClean/poi-3.0/org.apache.poi.hssf.record.TextRecord.txt,1
./DatabaseClean/poi-3.0/org.apache.poi.hssf.model.PictureShape.txt,1
./DatabaseClean/poi-3.0/org.apache.poi.hssf.record.AreaFormatRecord.txt,1
./DatabaseClean/poi-3.0/org.apache.poi.hssf.record.UseSelFSRecord.txt,1
./DatabaseClean/poi-3.0/org.apache.poi.hssf.model.Workbook.txt,1
./DatabaseClean/poi-3.0/org.apache.poi.hpsf.SpecialPropertySet.txt,0
./DatabaseClean/poi-3.0/org.apache.poi.hssf.record.DefaultColWidthRecord.txt,1
./DatabaseClean/poi-3.0/org.apache.poi.hssf.usermodel.HSSFSheet.txt,1
./DatabaseClean/poi-3.0/org.apache.poi.hssf.eventusermodel.HSSFListener.txt,0
./DatabaseClean/poi-3.0/org.apache.poi.hssf.record.SharedFormulaRecord.txt,1
./DatabaseClean/poi-3.0/org.apache.poi.hssf.usermodel.HSSFDataFormat.txt,0
./DatabaseClean/poi-3.0/org.apache.poi.util.LittleEndian.txt,1
./DatabaseClean/poi-3.0/org.apache.poi.hssf.record.formula.UnknownPtg.txt,0
./DatabaseClean/poi-3.0/org.apache.poi.hssf.record.Margin.txt,0
./DatabaseClean/poi-3.0/org.apache.poi.hssf.record.FnGroupCountRecord.txt,1
./DatabaseClean/poi-3.0/org.apache.poi.hssf.record.formula.UnaryMinusPtg.txt,0
./DatabaseClean/poi-3.0/org.apache.poi.ddf.EscherChildAnchorRecord.txt,1
./DatabaseClean/poi-3.0/org.apache.poi.hssf.util.AreaReference.txt,1
./DatabaseClean/poi-3.0/org.apache.poi.hssf.record.BarRecord.txt,1
./DatabaseClean/poi-3.0/org.apache.poi.hssf.record.BackupRecord.txt,1
./DatabaseClean/poi-3.0/org.apache.poi.hssf.usermodel.HSSFShapeContainer.txt,0
./DatabaseClean/poi-3.0/org.apache.poi.hssf.model.FormulaParser.txt,1
./DatabaseClean/poi-3.0/org.apache.poi.hssf.record.AreaRecord.txt,1
./DatabaseClean/poi-3.0/org.apache.poi.hssf.record.SeriesRecord.txt,1
./DatabaseClean/poi-3.0/org.apache.poi.hssf.model.CommentShape.txt,1
./DatabaseClean/poi-3.0/org.apache.poi.poifs.property.PropertyFactory.txt,0
./DatabaseClean/poi-3.0/org.apache.poi.hssf.record.formula.NameXPtg.txt,0
./DatabaseClean/poi-3.0/org.apache.poi.util.IntMapper.txt,1
./DatabaseClean/poi-3.0/org.apache.poi.hssf.usermodel.HSSFAnchor.txt,0
./DatabaseClean/poi-3.0/org.apache.poi.hssf.model.DrawingManager.txt,0
./DatabaseClean/poi-3.0/org.apache.poi.util.ShortList.txt,1
./DatabaseClean/poi-3.0/org.apache.poi.hssf.record.formula.ParenthesisPtg.txt,0
./DatabaseClean/poi-3.0/org.apache.poi.poifs.storage.SmallBlockTableReader.txt,1
./DatabaseClean/poi-3.0/org.apache.poi.hssf.record.HCenterRecord.txt,1
./DatabaseClean/poi-3.0/org.apache.poi.hssf.record.TextObjectRecord.txt,1
./DatabaseClean/poi-3.0/org.apache.poi.util.IntList.txt,1
./DatabaseClean/poi-3.0/org.apache.poi.hssf.record.EscherAggregate.txt,1
./DatabaseClean/poi-3.0/org.apache.poi.ddf.EscherBlipRecord.txt,1
./DatabaseClean/poi-3.0/org.apache.poi.hssf.record.HideObjRecord.txt,1
./DatabaseClean/poi-3.0/org.apache.poi.hssf.record.DefaultRowHeightRecord.txt,1
./DatabaseClean/poi-3.0/org.apache.poi.poifs.filesystem.EntryNode.txt,0
./DatabaseClean/poi-3.0/org.apache.poi.hssf.record.formula.RangePtg.txt,0
./DatabaseClean/poi-3.0/org.apache.poi.util.FixedField.txt,0
./DatabaseClean/poi-3.0/org.apache.poi.hssf.record.ProtectRecord.txt,1
./DatabaseClean/poi-3.0/org.apache.poi.hssf.record.SubRecord.txt,1
./DatabaseClean/poi-3.0/org.apache.poi.hssf.record.AxisOptionsRecord.txt,1
./DatabaseClean/poi-3.0/org.apache.poi.poifs.storage.BlockListImpl.txt,1
./DatabaseClean/poi-3.0/org.apache.poi.hpsf.wellknown.PropertyIDMap.txt,0
./DatabaseClean/poi-3.0/org.apache.poi.hssf.record.formula.ReferencePtg.txt,1
./DatabaseClean/poi-3.0/org.apache.poi.hssf.record.TabIdRecord.txt,1
./DatabaseClean/poi-3.0/org.apache.poi.hpsf.VariantTypeException.txt,0
