file_path,label
./DatabaseClean/poi-2.0/org.apache.poi.hssf.record.SSTDeserializer.txt,0
./DatabaseClean/poi-2.0/org.apache.poi.hssf.record.BottomMarginRecord.txt,0
./DatabaseClean/poi-2.0/org.apache.poi.hssf.record.MergeCellsRecord.txt,0
./DatabaseClean/poi-2.0/org.apache.poi.hssf.record.WindowProtectRecord.txt,0
./DatabaseClean/poi-2.0/org.apache.poi.hssf.eventusermodel.HSSFRequest.txt,1
./DatabaseClean/poi-2.0/org.apache.poi.hssf.record.formula.ConcatPtg.txt,0
./DatabaseClean/poi-2.0/org.apache.poi.hssf.record.DataFormatRecord.txt,0
./DatabaseClean/poi-2.0/org.apache.poi.hssf.usermodel.HSSFCell.txt,1
./DatabaseClean/poi-2.0/org.apache.poi.hssf.record.ExternSheetRecord.txt,0
./DatabaseClean/poi-2.0/org.apache.poi.hssf.util.RangeAddress.txt,0
./DatabaseClean/poi-2.0/org.apache.poi.hssf.record.MulBlankRecord.txt,0
./DatabaseClean/poi-2.0/org.apache.poi.util.StringUtil.txt,1
./DatabaseClean/poi-2.0/org.apache.poi.hssf.record.PrintGridlinesRecord.txt,0
./DatabaseClean/poi-2.0/org.apache.poi.poifs.property.Parent.txt,0
./DatabaseClean/poi-2.0/org.apache.poi.hssf.record.LabelRecord.txt,0
./DatabaseClean/poi-2.0/org.apache.poi.hssf.record.FooterRecord.txt,0
./DatabaseClean/poi-2.0/org.apache.poi.hssf.record.formula.AreaPtg.txt,1
./DatabaseClean/poi-2.0/org.apache.poi.hssf.record.CustomField.txt,0
./DatabaseClean/poi-2.0/org.apache.poi.hssf.usermodel.HSSFErrorConstants.txt,0
./DatabaseClean/poi-2.0/org.apache.poi.hssf.record.SCLRecord.txt,0
./DatabaseClean/poi-2.0/org.apache.poi.hssf.record.NumberRecord.txt,0
./DatabaseClean/poi-2.0/org.apache.poi.hssf.eventmodel.ERFListener.txt,0
./DatabaseClean/poi-2.0/org.apache.poi.hssf.record.formula.MultiplyPtg.txt,0
./DatabaseClean/poi-2.0/org.apache.poi.hssf.record.MulRKRecord.txt,0
./DatabaseClean/poi-2.0/org.apache.poi.hssf.record.ExtSSTRecord.txt,0
./DatabaseClean/poi-2.0/org.apache.poi.hssf.record.BlankRecord.txt,0
./DatabaseClean/poi-2.0/org.apache.poi.hssf.record.formula.AbstractFunctionPtg.txt,1
./DatabaseClean/poi-2.0/org.apache.poi.hssf.record.AxisRecord.txt,0
./DatabaseClean/poi-2.0/org.apache.poi.hssf.record.ExtSSTInfoSubRecord.txt,0
./DatabaseClean/poi-2.0/org.apache.poi.poifs.property.Child.txt,0
./DatabaseClean/poi-2.0/org.apache.poi.hssf.record.LeftMarginRecord.txt,0
./DatabaseClean/poi-2.0/org.apache.poi.hssf.record.RecordFormatException.txt,0
./DatabaseClean/poi-2.0/org.apache.poi.hssf.record.formula.ExpPtg.txt,0
./DatabaseClean/poi-2.0/org.apache.poi.hssf.record.aggregates.RowRecordsAggregate.txt,0
./DatabaseClean/poi-2.0/org.apache.poi.util.POILogger.txt,1
./DatabaseClean/poi-2.0/org.apache.poi.hssf.record.formula.StringPtg.txt,0
./DatabaseClean/poi-2.0/org.apache.poi.util.IOUtils.txt,0
./DatabaseClean/poi-2.0/org.apache.poi.poifs.storage.RawDataBlock.txt,0
./DatabaseClean/poi-2.0/org.apache.poi.hssf.record.IterationRecord.txt,0
./DatabaseClean/poi-2.0/org.apache.poi.poifs.storage.PropertyBlock.txt,0
./DatabaseClean/poi-2.0/org.apache.poi.poifs.storage.BlockWritable.txt,0
./DatabaseClean/poi-2.0/org.apache.poi.hssf.record.WSBoolRecord.txt,0
./DatabaseClean/poi-2.0/org.apache.poi.hssf.record.LegendRecord.txt,0
./DatabaseClean/poi-2.0/org.apache.poi.util.IntegerField.txt,0
./DatabaseClean/poi-2.0/org.apache.poi.hssf.record.CountryRecord.txt,0
./DatabaseClean/poi-2.0/org.apache.poi.poifs.filesystem.POIFSFileSystem.txt,0
./DatabaseClean/poi-2.0/org.apache.poi.hssf.record.NameRecord.txt,0
./DatabaseClean/poi-2.0/org.apache.poi.hssf.record.ChartFormatRecord.txt,0
./DatabaseClean/poi-2.0/org.apache.poi.poifs.filesystem.DocumentNode.txt,0
./DatabaseClean/poi-2.0/org.apache.poi.hpsf.PropertySetFactory.txt,1
./DatabaseClean/poi-2.0/org.apache.poi.hssf.record.AxisParentRecord.txt,0
./DatabaseClean/poi-2.0/org.apache.poi.hssf.record.formula.UnionPtg.txt,0
./DatabaseClean/poi-2.0/org.apache.poi.poifs.storage.SmallBlockTableWriter.txt,1
./DatabaseClean/poi-2.0/org.apache.poi.hssf.record.formula.AttrPtg.txt,0
./DatabaseClean/poi-2.0/org.apache.poi.hpsf.Thumbnail.txt,0
./DatabaseClean/poi-2.0/org.apache.poi.hssf.record.UnicodeString.txt,0
./DatabaseClean/poi-2.0/org.apache.poi.hssf.record.LinkedDataRecord.txt,0
./DatabaseClean/poi-2.0/org.apache.poi.util.ShortField.txt,0
./DatabaseClean/poi-2.0/org.apache.poi.poifs.common.POIFSConstants.txt,0
./DatabaseClean/poi-2.0/org.apache.poi.hpsf.DocumentSummaryInformation.txt,0
./DatabaseClean/poi-2.0/org.apache.poi.hssf.record.formula.GreaterThanPtg.txt,1
./DatabaseClean/poi-2.0/org.apache.poi.hpsf.Section.txt,1
./DatabaseClean/poi-2.0/org.apache.poi.hssf.model.Model.txt,0
./DatabaseClean/poi-2.0/org.apache.poi.hssf.record.ExternSheetSubRecord.txt,0
./DatabaseClean/poi-2.0/org.apache.poi.poifs.filesystem.POIFSWriterEvent.txt,0
./DatabaseClean/poi-2.0/org.apache.poi.hssf.record.AxisLineFormatRecord.txt,0
./DatabaseClean/poi-2.0/org.apache.poi.poifs.storage.DocumentBlock.txt,0
./DatabaseClean/poi-2.0/org.apache.poi.poifs.eventfilesystem.POIFSReader.txt,0
./DatabaseClean/poi-2.0/org.apache.poi.hssf.record.formula.PowerPtg.txt,0
./DatabaseClean/poi-2.0/org.apache.poi.poifs.dev.POIFSViewEngine.txt,0
./DatabaseClean/poi-2.0/org.apache.poi.hssf.record.RightMarginRecord.txt,0
./DatabaseClean/poi-2.0/org.apache.poi.hssf.record.SSTRecord.txt,0
./DatabaseClean/poi-2.0/org.apache.poi.hssf.dev.EFHSSF.txt,1
./DatabaseClean/poi-2.0/org.apache.poi.poifs.property.DocumentProperty.txt,0
./DatabaseClean/poi-2.0/org.apache.poi.util.SystemOutLogger.txt,0
./DatabaseClean/poi-2.0/org.apache.poi.poifs.storage.BATBlock.txt,0
./DatabaseClean/poi-2.0/org.apache.poi.util.LittleEndianConsts.txt,0
./DatabaseClean/poi-2.0/org.apache.poi.hssf.record.WindowTwoRecord.txt,0
./DatabaseClean/poi-2.0/org.apache.poi.hssf.record.HeaderRecord.txt,0
./DatabaseClean/poi-2.0/org.apache.poi.hssf.record.StringRecord.txt,0
./DatabaseClean/poi-2.0/org.apache.poi.hssf.record.formula.OperationPtg.txt,0
./DatabaseClean/poi-2.0/org.apache.poi.util.LongField.txt,0
./DatabaseClean/poi-2.0/org.apache.poi.hssf.record.FontBasisRecord.txt,0
./DatabaseClean/poi-2.0/org.apache.poi.hssf.record.SheetPropertiesRecord.txt,0
./DatabaseClean/poi-2.0/org.apache.poi.hssf.record.BOFRecord.txt,1
./DatabaseClean/poi-2.0/org.apache.poi.hssf.record.RecordProcessor.txt,0
./DatabaseClean/poi-2.0/org.apache.poi.hssf.record.TickRecord.txt,0
./DatabaseClean/poi-2.0/org.apache.poi.poifs.storage.BigBlock.txt,0
./DatabaseClean/poi-2.0/org.apache.poi.hssf.record.WriteAccessRecord.txt,0
./DatabaseClean/poi-2.0/org.apache.poi.hssf.record.PrecisionRecord.txt,0
./DatabaseClean/poi-2.0/org.apache.poi.util.CommonsLogger.txt,1
./DatabaseClean/poi-2.0/org.apache.poi.hssf.eventmodel.ModelFactoryListener.txt,0
./DatabaseClean/poi-2.0/org.apache.poi.poifs.storage.ListManagedBlock.txt,0
./DatabaseClean/poi-2.0/org.apache.poi.hssf.record.UnknownRecord.txt,0
./DatabaseClean/poi-2.0/org.apache.poi.hssf.record.formula.NamePtg.txt,0
./DatabaseClean/poi-2.0/org.apache.poi.hpsf.SummaryInformation.txt,1
./DatabaseClean/poi-2.0/org.apache.poi.poifs.eventfilesystem.POIFSReaderListener.txt,0
./DatabaseClean/poi-2.0/org.apache.poi.hssf.record.VCenterRecord.txt,0
./DatabaseClean/poi-2.0/org.apache.poi.poifs.property.DirectoryProperty.txt,0
./DatabaseClean/poi-2.0/org.apache.poi.hssf.record.formula.Ref3DPtg.txt,0
./DatabaseClean/poi-2.0/org.apache.poi.hssf.record.SeriesIndexRecord.txt,0
./DatabaseClean/poi-2.0/org.apache.poi.util.BitField.txt,0
./DatabaseClean/poi-2.0/org.apache.poi.util.BlockingInputStream.txt,0
./DatabaseClean/poi-2.0/org.apache.poi.hssf.record.AreaFormatRecord.txt,0
./DatabaseClean/poi-2.0/org.apache.poi.hssf.record.UseSelFSRecord.txt,0
./DatabaseClean/poi-2.0/org.apache.poi.hssf.model.Workbook.txt,1
./DatabaseClean/poi-2.0/org.apache.poi.hpsf.Util.txt,0
./DatabaseClean/poi-2.0/org.apache.poi.hssf.record.formula.LessThanPtg.txt,1
./DatabaseClean/poi-2.0/org.apache.poi.util.NullLogger.txt,1
./DatabaseClean/poi-2.0/org.apache.poi.hpsf.NoPropertySetStreamException.txt,0
./DatabaseClean/poi-2.0/org.apache.poi.hssf.record.HideObjRecord.txt,0
./DatabaseClean/poi-2.0/org.apache.poi.hssf.record.DefaultRowHeightRecord.txt,0
./DatabaseClean/poi-2.0/org.apache.poi.poifs.filesystem.EntryNode.txt,0
./DatabaseClean/poi-2.0/org.apache.poi.hssf.record.formula.IntPtg.txt,0
./DatabaseClean/poi-2.0/org.apache.poi.hpsf.Variant.txt,0
./DatabaseClean/poi-2.0/org.apache.poi.hssf.record.RowRecord.txt,0
./DatabaseClean/poi-2.0/org.apache.poi.hssf.record.CalcCountRecord.txt,0
./DatabaseClean/poi-2.0/org.apache.poi.hssf.record.SeriesChartGroupIndexRecord.txt,0
./DatabaseClean/poi-2.0/org.apache.poi.hpsf.PropertySet.txt,1
./DatabaseClean/poi-2.0/org.apache.poi.hssf.record.PaneRecord.txt,0
./DatabaseClean/poi-2.0/org.apache.poi.poifs.filesystem.BATManaged.txt,0
./DatabaseClean/poi-2.0/org.apache.poi.hssf.record.aggregates.ValueRecordsAggregate.txt,1
./DatabaseClean/poi-2.0/org.apache.poi.hssf.usermodel.HSSFDataFormat.txt,0
./DatabaseClean/poi-2.0/org.apache.poi.util.LittleEndian.txt,0
./DatabaseClean/poi-2.0/org.apache.poi.hssf.record.formula.UnknownPtg.txt,0
./DatabaseClean/poi-2.0/org.apache.poi.hssf.record.Margin.txt,0
./DatabaseClean/poi-2.0/org.apache.poi.hssf.record.FnGroupCountRecord.txt,0
./DatabaseClean/poi-2.0/org.apache.poi.hpsf.TypeReader.txt,0
./DatabaseClean/poi-2.0/org.apache.poi.hssf.util.AreaReference.txt,0
./DatabaseClean/poi-2.0/org.apache.poi.hssf.record.BarRecord.txt,0
./DatabaseClean/poi-2.0/org.apache.poi.hssf.record.BackupRecord.txt,0
./DatabaseClean/poi-2.0/org.apache.poi.hssf.eventmodel.EventRecordFactory.txt,0
./DatabaseClean/poi-2.0/org.apache.poi.hssf.model.FormulaParser.txt,1
./DatabaseClean/poi-2.0/org.apache.poi.hpsf.ClassID.txt,0
./DatabaseClean/poi-2.0/org.apache.poi.hpsf.Property.txt,1
./DatabaseClean/poi-2.0/org.apache.poi.hssf.record.CategorySeriesAxisRecord.txt,0
./DatabaseClean/poi-2.0/org.apache.poi.hssf.dev.EFBiffViewer.txt,1
./DatabaseClean/poi-2.0/org.apache.poi.hssf.util.SheetReferences.txt,0
./DatabaseClean/poi-2.0/org.apache.poi.hssf.record.FormulaRecord.txt,0
./DatabaseClean/poi-2.0/org.apache.poi.hssf.record.AxisOptionsRecord.txt,0
./DatabaseClean/poi-2.0/org.apache.poi.hpsf.wellknown.PropertyIDMap.txt,0
./DatabaseClean/poi-2.0/org.apache.poi.hssf.record.NumberFormatIndexRecord.txt,0
./DatabaseClean/poi-2.0/org.apache.poi.hssf.record.SSTRecordHeader.txt,0
./DatabaseClean/poi-2.0/org.apache.poi.poifs.storage.BlockList.txt,0
./DatabaseClean/poi-2.0/org.apache.poi.hssf.record.SeriesRecord.txt,0
./DatabaseClean/poi-2.0/org.apache.poi.poifs.property.PropertyFactory.txt,0
./DatabaseClean/poi-2.0/org.apache.poi.hssf.record.formula.NameXPtg.txt,0
./DatabaseClean/poi-2.0/org.apache.poi.hssf.record.formula.FuncVarPtg.txt,0
./DatabaseClean/poi-2.0/org.apache.poi.hssf.record.formula.ParenthesisPtg.txt,0
./DatabaseClean/poi-2.0/org.apache.poi.poifs.storage.SmallBlockTableReader.txt,0
./DatabaseClean/poi-2.0/org.apache.poi.hssf.record.GutsRecord.txt,0
./DatabaseClean/poi-2.0/org.apache.poi.hssf.util.Region.txt,0
./DatabaseClean/poi-2.0/org.apache.poi.poifs.filesystem.Entry.txt,0
./DatabaseClean/poi-2.0/org.apache.poi.hpsf.HPSFRuntimeException.txt,0
./DatabaseClean/poi-2.0/org.apache.poi.hpsf.wellknown.SectionIDMap.txt,0
./DatabaseClean/poi-2.0/org.apache.poi.hssf.record.SeriesLabelsRecord.txt,0
./DatabaseClean/poi-2.0/org.apache.poi.hssf.eventusermodel.HSSFUserException.txt,0
./DatabaseClean/poi-2.0/org.apache.poi.hssf.dev.BiffViewer.txt,0
./DatabaseClean/poi-2.0/org.apache.poi.poifs.storage.SmallDocumentBlock.txt,0
./DatabaseClean/poi-2.0/org.apache.poi.poifs.storage.RawDataBlockList.txt,0
./DatabaseClean/poi-2.0/org.apache.poi.hssf.eventmodel.ModelFactory.txt,0
./DatabaseClean/poi-2.0/org.apache.poi.util.HexDump.txt,1
./DatabaseClean/poi-2.0/org.apache.poi.poifs.storage.BlockAllocationTableWriter.txt,1
./DatabaseClean/poi-2.0/org.apache.poi.poifs.dev.POIFSViewer.txt,0
./DatabaseClean/poi-2.0/org.apache.poi.hssf.record.CalcModeRecord.txt,0
./DatabaseClean/poi-2.0/org.apache.poi.hssf.record.BeginRecord.txt,0
./DatabaseClean/poi-2.0/org.apache.poi.poifs.eventfilesystem.POIFSReaderEvent.txt,0
./DatabaseClean/poi-2.0/org.apache.poi.hssf.record.SeriesTextRecord.txt,0
./DatabaseClean/poi-2.0/org.apache.poi.hssf.record.formula.MemFuncPtg.txt,0
./DatabaseClean/poi-2.0/org.apache.poi.hssf.usermodel.HSSFPalette.txt,0
./DatabaseClean/poi-2.0/org.apache.poi.poifs.property.PropertyTable.txt,0
./DatabaseClean/poi-2.0/org.apache.poi.hssf.record.BookBoolRecord.txt,0
./DatabaseClean/poi-2.0/org.apache.poi.poifs.filesystem.DirectoryEntry.txt,0
./DatabaseClean/poi-2.0/org.apache.poi.hssf.usermodel.HSSFCellStyle.txt,0
./DatabaseClean/poi-2.0/org.apache.poi.hssf.record.SupBookRecord.txt,0
./DatabaseClean/poi-2.0/org.apache.poi.hssf.record.TopMarginRecord.txt,0
./DatabaseClean/poi-2.0/org.apache.poi.hssf.record.formula.BoolPtg.txt,0
./DatabaseClean/poi-2.0/org.apache.poi.hssf.record.DSFRecord.txt,0
./DatabaseClean/poi-2.0/org.apache.poi.hssf.record.formula.MissingArgPtg.txt,0
./DatabaseClean/poi-2.0/org.apache.poi.hssf.record.LineFormatRecord.txt,0
./DatabaseClean/poi-2.0/org.apache.poi.hssf.record.RKRecord.txt,0
./DatabaseClean/poi-2.0/org.apache.poi.hssf.record.formula.NotEqualPtg.txt,0
./DatabaseClean/poi-2.0/org.apache.poi.poifs.storage.HeaderBlockReader.txt,0
./DatabaseClean/poi-2.0/org.apache.poi.hssf.record.InterfaceHdrRecord.txt,0
./DatabaseClean/poi-2.0/org.apache.poi.hssf.dev.HSSF.txt,0
./DatabaseClean/poi-2.0/org.apache.poi.hssf.record.formula.SubtractPtg.txt,0
./DatabaseClean/poi-2.0/org.apache.poi.poifs.filesystem.POIFSDocument.txt,0
./DatabaseClean/poi-2.0/org.apache.poi.hssf.record.InterfaceEndRecord.txt,0
./DatabaseClean/poi-2.0/org.apache.poi.poifs.filesystem.POIFSDocumentPath.txt,1
./DatabaseClean/poi-2.0/org.apache.poi.poifs.property.Property.txt,0
./DatabaseClean/poi-2.0/org.apache.poi.hssf.record.ContinueRecord.txt,0
./DatabaseClean/poi-2.0/org.apache.poi.hssf.util.HSSFColor.txt,0
./DatabaseClean/poi-2.0/org.apache.poi.hssf.record.RefModeRecord.txt,0
./DatabaseClean/poi-2.0/org.apache.poi.hssf.record.FormatRecord.txt,0
./DatabaseClean/poi-2.0/org.apache.poi.hssf.record.SaveRecalcRecord.txt,0
./DatabaseClean/poi-2.0/org.apache.poi.hssf.record.EOFRecord.txt,0
./DatabaseClean/poi-2.0/org.apache.poi.hssf.record.formula.EqualPtg.txt,0
./DatabaseClean/poi-2.0/org.apache.poi.hssf.record.DefaultDataLabelTextPropertiesRecord.txt,0
./DatabaseClean/poi-2.0/org.apache.poi.hssf.record.SeriesListRecord.txt,0
./DatabaseClean/poi-2.0/org.apache.poi.hssf.record.formula.Ptg.txt,1
./DatabaseClean/poi-2.0/org.apache.poi.hssf.record.formula.AddPtg.txt,0
./DatabaseClean/poi-2.0/org.apache.poi.poifs.filesystem.DirectoryNode.txt,0
./DatabaseClean/poi-2.0/org.apache.poi.dev.RecordGenerator.txt,0
./DatabaseClean/poi-2.0/org.apache.poi.hssf.record.PlotAreaRecord.txt,0
./DatabaseClean/poi-2.0/org.apache.poi.hssf.record.CellValueRecordInterface.txt,0
./DatabaseClean/poi-2.0/org.apache.poi.hssf.record.DateWindow1904Record.txt,0
./DatabaseClean/poi-2.0/org.apache.poi.hssf.record.RefreshAllRecord.txt,0
./DatabaseClean/poi-2.0/org.apache.poi.hssf.record.LinkedDataFormulaField.txt,0
./DatabaseClean/poi-2.0/org.apache.poi.hssf.util.CellReference.txt,0
./DatabaseClean/poi-2.0/org.apache.poi.hssf.record.DeltaRecord.txt,0
./DatabaseClean/poi-2.0/org.apache.poi.hssf.record.formula.NumberPtg.txt,0
./DatabaseClean/poi-2.0/org.apache.poi.hpsf.MarkUnsupportedException.txt,0
./DatabaseClean/poi-2.0/org.apache.poi.hssf.record.SSTRecordSizeCalculator.txt,0
./DatabaseClean/poi-2.0/org.apache.poi.hssf.record.UnitsRecord.txt,0
./DatabaseClean/poi-2.0/org.apache.poi.hssf.record.formula.DividePtg.txt,0
./DatabaseClean/poi-2.0/org.apache.poi.hpsf.HPSFException.txt,0
./DatabaseClean/poi-2.0/org.apache.poi.hssf.record.BoundSheetRecord.txt,0
./DatabaseClean/poi-2.0/org.apache.poi.hssf.eventusermodel.AbortableHSSFListener.txt,1
./DatabaseClean/poi-2.0/org.apache.poi.hssf.record.SelectionRecord.txt,0
./DatabaseClean/poi-2.0/org.apache.poi.util.POILogFactory.txt,0
./DatabaseClean/poi-2.0/org.apache.poi.hssf.record.BoolErrRecord.txt,0
./DatabaseClean/poi-2.0/org.apache.poi.hssf.record.FrameRecord.txt,0
./DatabaseClean/poi-2.0/org.apache.poi.hssf.record.GridsetRecord.txt,0
./DatabaseClean/poi-2.0/org.apache.poi.poifs.storage.HeaderBlockConstants.txt,0
./DatabaseClean/poi-2.0/org.apache.poi.hssf.record.formula.FuncPtg.txt,0
./DatabaseClean/poi-2.0/org.apache.poi.hssf.dev.FormulaViewer.txt,0
./DatabaseClean/poi-2.0/org.apache.poi.hssf.usermodel.HSSFName.txt,1
./DatabaseClean/poi-2.0/org.apache.poi.hssf.record.SSTSerializer.txt,0
./DatabaseClean/poi-2.0/org.apache.poi.hssf.usermodel.HSSFPrintSetup.txt,0
./DatabaseClean/poi-2.0/org.apache.poi.poifs.filesystem.DocumentOutputStream.txt,0
./DatabaseClean/poi-2.0/org.apache.poi.hssf.record.IndexRecord.txt,0
./DatabaseClean/poi-2.0/org.apache.poi.hssf.record.MMSRecord.txt,0
./DatabaseClean/poi-2.0/org.apache.poi.hpsf.UnexpectedPropertySetTypeException.txt,0
./DatabaseClean/poi-2.0/org.apache.poi.poifs.storage.BlockAllocationTableReader.txt,0
./DatabaseClean/poi-2.0/org.apache.poi.util.BinaryTree.txt,0
./DatabaseClean/poi-2.0/org.apache.poi.poifs.eventfilesystem.POIFSReaderRegistry.txt,0
./DatabaseClean/poi-2.0/org.apache.poi.hssf.eventusermodel.HSSFEventFactory.txt,0
./DatabaseClean/poi-2.0/org.apache.poi.hssf.record.EndRecord.txt,0
./DatabaseClean/poi-2.0/org.apache.poi.hssf.model.WorkbookRecordList.txt,0
./DatabaseClean/poi-2.0/org.apache.poi.hssf.record.PrintSetupRecord.txt,0
./DatabaseClean/poi-2.0/org.apache.poi.hssf.record.SeriesToChartGroupRecord.txt,0
./DatabaseClean/poi-2.0/org.apache.poi.hssf.record.ProtectionRev4Record.txt,0
./DatabaseClean/poi-2.0/org.apache.poi.hssf.record.StyleRecord.txt,0
./DatabaseClean/poi-2.0/org.apache.poi.hssf.record.formula.Area3DPtg.txt,1
./DatabaseClean/poi-2.0/org.apache.poi.hssf.record.formula.LessEqualPtg.txt,0
./DatabaseClean/poi-2.0/org.apache.poi.hssf.record.CodepageRecord.txt,1
./DatabaseClean/poi-2.0/org.apache.poi.util.HexRead.txt,0
./DatabaseClean/poi-2.0/org.apache.poi.hssf.record.ValueRangeRecord.txt,0
./DatabaseClean/poi-2.0/org.apache.poi.hssf.usermodel.HSSFRow.txt,1
./DatabaseClean/poi-2.0/org.apache.poi.hssf.record.ObjectLinkRecord.txt,0
./DatabaseClean/poi-2.0/org.apache.poi.hssf.record.AxisUsedRecord.txt,0
./DatabaseClean/poi-2.0/org.apache.poi.hssf.record.PasswordRev4Record.txt,0
./DatabaseClean/poi-2.0/org.apache.poi.hssf.record.ChartRecord.txt,0
./DatabaseClean/poi-2.0/org.apache.poi.hssf.util.RKUtil.txt,0
./DatabaseClean/poi-2.0/org.apache.poi.hssf.usermodel.HSSFHeader.txt,0
./DatabaseClean/poi-2.0/org.apache.poi.hssf.record.FontRecord.txt,0
./DatabaseClean/poi-2.0/org.apache.poi.hssf.record.LabelSSTRecord.txt,0
./DatabaseClean/poi-2.0/org.apache.poi.hssf.record.TextRecord.txt,0
./DatabaseClean/poi-2.0/org.apache.poi.hssf.record.DBCellRecord.txt,0
./DatabaseClean/poi-2.0/org.apache.poi.hssf.record.DatRecord.txt,0
./DatabaseClean/poi-2.0/org.apache.poi.poifs.property.PropertyConstants.txt,0
./DatabaseClean/poi-2.0/org.apache.poi.hpsf.SpecialPropertySet.txt,0
./DatabaseClean/poi-2.0/org.apache.poi.hssf.record.DefaultColWidthRecord.txt,0
./DatabaseClean/poi-2.0/org.apache.poi.hssf.usermodel.HSSFSheet.txt,0
./DatabaseClean/poi-2.0/org.apache.poi.hssf.eventusermodel.HSSFListener.txt,0
./DatabaseClean/poi-2.0/org.apache.poi.hssf.usermodel.HSSFWorkbook.txt,1
./DatabaseClean/poi-2.0/org.apache.poi.hssf.record.WindowOneRecord.txt,0
./DatabaseClean/poi-2.0/org.apache.poi.hssf.record.ColumnInfoRecord.txt,0
./DatabaseClean/poi-2.0/org.apache.poi.poifs.storage.HeaderBlockWriter.txt,0
./DatabaseClean/poi-2.0/org.apache.poi.util.FixedField.txt,0
./DatabaseClean/poi-2.0/org.apache.poi.hssf.record.ExtendedFormatRecord.txt,1
./DatabaseClean/poi-2.0/org.apache.poi.hssf.record.formula.GreaterEqualPtg.txt,0
./DatabaseClean/poi-2.0/org.apache.poi.hpsf.NoSingleSectionException.txt,0
./DatabaseClean/poi-2.0/org.apache.poi.hssf.record.DimensionsRecord.txt,0
./DatabaseClean/poi-2.0/org.apache.poi.hssf.record.formula.UnaryPlusPtg.txt,0
./DatabaseClean/poi-2.0/org.apache.poi.hssf.record.RecordFactory.txt,0
./DatabaseClean/poi-2.0/org.apache.poi.hssf.model.Sheet.txt,1
./DatabaseClean/poi-2.0/org.apache.poi.poifs.filesystem.DocumentEntry.txt,0
./DatabaseClean/poi-2.0/org.apache.poi.hssf.record.SharedFormulaRecord.txt,0
./DatabaseClean/poi-2.0/org.apache.poi.hssf.record.formula.ControlPtg.txt,0
./DatabaseClean/poi-2.0/org.apache.poi.hssf.record.PlotGrowthRecord.txt,0
./DatabaseClean/poi-2.0/org.apache.poi.hpsf.IllegalPropertySetDataException.txt,0
./DatabaseClean/poi-2.0/org.apache.poi.poifs.property.RootProperty.txt,0
./DatabaseClean/poi-2.0/org.apache.poi.hssf.record.formula.UnaryMinusPtg.txt,0
./DatabaseClean/poi-2.0/org.apache.poi.poifs.storage.SmallDocumentBlockList.txt,0
./DatabaseClean/poi-2.0/org.apache.poi.hssf.record.aggregates.FormulaRecordAggregate.txt,0
./DatabaseClean/poi-2.0/org.apache.poi.poifs.filesystem.DocumentInputStream.txt,0
./DatabaseClean/poi-2.0/org.apache.poi.hssf.record.formula.MemErrPtg.txt,0
./DatabaseClean/poi-2.0/org.apache.poi.hssf.usermodel.HSSFFont.txt,1
./DatabaseClean/poi-2.0/org.apache.poi.hssf.record.AreaRecord.txt,0
./DatabaseClean/poi-2.0/org.apache.poi.poifs.dev.POIFSViewable.txt,0
./DatabaseClean/poi-2.0/org.apache.poi.poifs.filesystem.POIFSWriterListener.txt,0
./DatabaseClean/poi-2.0/org.apache.poi.poifs.filesystem.DocumentDescriptor.txt,0
./DatabaseClean/poi-2.0/org.apache.poi.hssf.record.FontIndexRecord.txt,0
./DatabaseClean/poi-2.0/org.apache.poi.hssf.record.ProtectRecord.txt,0
./DatabaseClean/poi-2.0/org.apache.poi.util.ByteField.txt,0
./DatabaseClean/poi-2.0/org.apache.poi.poifs.storage.BlockListImpl.txt,0
./DatabaseClean/poi-2.0/org.apache.poi.hssf.record.PasswordRecord.txt,0
./DatabaseClean/poi-2.0/org.apache.poi.hssf.record.formula.ReferencePtg.txt,0
./DatabaseClean/poi-2.0/org.apache.poi.hssf.record.TabIdRecord.txt,0
./DatabaseClean/poi-2.0/org.apache.poi.hssf.record.Record.txt,0
./DatabaseClean/poi-2.0/org.apache.poi.hssf.record.RecalcIdRecord.txt,0
./DatabaseClean/poi-2.0/org.apache.poi.hssf.usermodel.HSSFDateUtil.txt,1
./DatabaseClean/poi-2.0/org.apache.poi.hssf.record.PrintHeadersRecord.txt,0
./DatabaseClean/poi-2.0/org.apache.poi.util.ShortList.txt,0
./DatabaseClean/poi-2.0/org.apache.poi.hssf.usermodel.HSSFFooter.txt,0
./DatabaseClean/poi-2.0/org.apache.poi.hssf.record.HCenterRecord.txt,0
./DatabaseClean/poi-2.0/org.apache.poi.util.IntList.txt,0
