file_path,label
./DatabaseClean/velocity-1.6/org.apache.velocity.runtime.resource.loader.StringResourceLoader.txt,1
./DatabaseClean/velocity-1.6/org.apache.velocity.runtime.parser.node.ASTMulNode.txt,0
./DatabaseClean/velocity-1.6/org.apache.velocity.texen.Generator.txt,0
./DatabaseClean/velocity-1.6/org.apache.velocity.servlet.VelocityServlet.txt,0
./DatabaseClean/velocity-1.6/org.apache.velocity.runtime.log.LogDisplayWrapper.txt,0
./DatabaseClean/velocity-1.6/org.apache.velocity.context.EvaluateContext.txt,1
./DatabaseClean/velocity-1.6/org.apache.velocity.runtime.parser.node.ASTStringLiteral.txt,0
./DatabaseClean/velocity-1.6/org.apache.velocity.runtime.parser.node.ASTWord.txt,0
./DatabaseClean/velocity-1.6/org.apache.velocity.util.introspection.IntrospectorCacheImpl.txt,0
./DatabaseClean/velocity-1.6/org.apache.velocity.app.event.implement.EscapeJavaScriptReference.txt,0
./DatabaseClean/velocity-1.6/org.apache.velocity.runtime.parser.node.ASTDirective.txt,1
./DatabaseClean/velocity-1.6/org.apache.velocity.app.event.EventHandlerUtil.txt,0
./DatabaseClean/velocity-1.6/org.apache.velocity.context.AbstractContext.txt,0
./DatabaseClean/velocity-1.6/org.apache.velocity.runtime.parser.TokenMgrError.txt,0
./DatabaseClean/velocity-1.6/org.apache.velocity.runtime.parser.node.MapGetExecutor.txt,1
./DatabaseClean/velocity-1.6/org.apache.velocity.anakia.NodeList.txt,0
./DatabaseClean/velocity-1.6/org.apache.velocity.runtime.log.Log4JLogChute.txt,1
./DatabaseClean/velocity-1.6/org.apache.velocity.util.TemplateNumber.txt,0
./DatabaseClean/velocity-1.6/org.apache.velocity.runtime.parser.node.ASTGENode.txt,1
./DatabaseClean/velocity-1.6/org.apache.velocity.runtime.parser.node.ASTNENode.txt,0
./DatabaseClean/velocity-1.6/org.apache.velocity.runtime.log.SystemLogChute.txt,1
./DatabaseClean/velocity-1.6/org.apache.velocity.runtime.parser.TemplateParseException.txt,0
./DatabaseClean/velocity-1.6/org.apache.velocity.runtime.directive.Break.txt,1
./DatabaseClean/velocity-1.6/org.apache.velocity.exception.VelocityException.txt,0
./DatabaseClean/velocity-1.6/org.apache.velocity.runtime.parser.node.ASTEscapedDirective.txt,1
./DatabaseClean/velocity-1.6/org.apache.velocity.runtime.parser.ParserTokenManager.txt,1
./DatabaseClean/velocity-1.6/org.apache.velocity.runtime.log.LogChuteSystem.txt,1
./DatabaseClean/velocity-1.6/org.apache.velocity.runtime.parser.node.ASTDivNode.txt,0
./DatabaseClean/velocity-1.6/org.apache.velocity.runtime.parser.node.ASTMethod.txt,1
./DatabaseClean/velocity-1.6/org.apache.velocity.util.introspection.AbstractChainableUberspector.txt,1
./DatabaseClean/velocity-1.6/org.apache.velocity.io.VelocityWriter.txt,0
./DatabaseClean/velocity-1.6/org.apache.velocity.runtime.resource.loader.ResourceLoaderFactory.txt,1
./DatabaseClean/velocity-1.6/org.apache.velocity.runtime.parser.node.ASTprocess.txt,0
./DatabaseClean/velocity-1.6/org.apache.velocity.runtime.resource.loader.FileResourceLoader.txt,1
./DatabaseClean/velocity-1.6/org.apache.velocity.runtime.resource.ResourceCache.txt,0
./DatabaseClean/velocity-1.6/org.apache.velocity.runtime.visitor.NodeViewMode.txt,1
./DatabaseClean/velocity-1.6/org.apache.velocity.util.RuntimeServicesAware.txt,0
./DatabaseClean/velocity-1.6/org.apache.velocity.runtime.parser.node.ASTIntegerRange.txt,0
./DatabaseClean/velocity-1.6/org.apache.velocity.runtime.parser.ParseException.txt,0
./DatabaseClean/velocity-1.6/org.apache.velocity.runtime.parser.node.AbstractExecutor.txt,0
./DatabaseClean/velocity-1.6/org.apache.velocity.runtime.parser.node.PutExecutor.txt,0
./DatabaseClean/velocity-1.6/org.apache.velocity.context.ProxyVMContext.txt,1
./DatabaseClean/velocity-1.6/org.apache.velocity.runtime.log.RuntimeLoggerLog.txt,0
./DatabaseClean/velocity-1.6/org.apache.velocity.runtime.parser.node.ASTEQNode.txt,0
./DatabaseClean/velocity-1.6/org.apache.velocity.runtime.log.ServletLogChute.txt,1
./DatabaseClean/velocity-1.6/org.apache.velocity.app.VelocityEngine.txt,1
./DatabaseClean/velocity-1.6/org.apache.velocity.runtime.log.JdkLogChute.txt,0
./DatabaseClean/velocity-1.6/org.apache.velocity.util.introspection.IntrospectorBase.txt,0
./DatabaseClean/velocity-1.6/org.apache.velocity.runtime.parser.node.ASTIfStatement.txt,0
./DatabaseClean/velocity-1.6/org.apache.velocity.runtime.log.CommonsLogLogChute.txt,1
./DatabaseClean/velocity-1.6/org.apache.velocity.exception.MethodInvocationException.txt,0
./DatabaseClean/velocity-1.6/org.apache.velocity.app.event.NullSetEventHandler.txt,0
./DatabaseClean/velocity-1.6/org.apache.velocity.runtime.log.Log.txt,0
./DatabaseClean/velocity-1.6/org.apache.velocity.util.introspection.ClassMap.txt,1
./DatabaseClean/velocity-1.6/org.apache.velocity.runtime.parser.node.ASTStop.txt,1
./DatabaseClean/velocity-1.6/org.apache.velocity.util.StringUtils.txt,0
./DatabaseClean/velocity-1.6/org.apache.velocity.runtime.parser.node.ASTBlock.txt,0
./DatabaseClean/velocity-1.6/org.apache.velocity.runtime.parser.node.ASTElseIfStatement.txt,0
./DatabaseClean/velocity-1.6/org.apache.velocity.runtime.parser.node.NodeUtils.txt,0
./DatabaseClean/velocity-1.6/org.apache.velocity.anakia.Escape.txt,0
./DatabaseClean/velocity-1.6/org.apache.velocity.runtime.VelocimacroFactory.txt,0
./DatabaseClean/velocity-1.6/org.apache.velocity.runtime.parser.node.ASTAddNode.txt,0
./DatabaseClean/velocity-1.6/org.apache.velocity.runtime.directive.Macro.txt,1
./DatabaseClean/velocity-1.6/org.apache.velocity.runtime.parser.node.ParserVisitor.txt,1
./DatabaseClean/velocity-1.6/org.apache.velocity.app.FieldMethodizer.txt,0
./DatabaseClean/velocity-1.6/org.apache.velocity.exception.MathException.txt,0
./DatabaseClean/velocity-1.6/org.apache.velocity.util.introspection.SecureIntrospectorImpl.txt,0
./DatabaseClean/velocity-1.6/org.apache.velocity.runtime.parser.node.ASTFalse.txt,0
./DatabaseClean/velocity-1.6/org.apache.velocity.runtime.resource.util.StringResourceRepository.txt,0
./DatabaseClean/velocity-1.6/org.apache.velocity.runtime.resource.loader.JarResourceLoader.txt,0
./DatabaseClean/velocity-1.6/org.apache.velocity.texen.util.FileUtil.txt,0
./DatabaseClean/velocity-1.6/org.apache.velocity.app.event.implement.EscapeSqlReference.txt,0
./DatabaseClean/velocity-1.6/org.apache.velocity.runtime.log.SimpleLog4JLogSystem.txt,0
./DatabaseClean/velocity-1.6/org.apache.velocity.runtime.parser.node.SimpleNode.txt,1
./DatabaseClean/velocity-1.6/org.apache.velocity.runtime.parser.node.ASTReference.txt,1
./DatabaseClean/velocity-1.6/org.apache.velocity.runtime.directive.MacroParseException.txt,1
./DatabaseClean/velocity-1.6/org.apache.velocity.app.event.MethodExceptionEventHandler.txt,0
./DatabaseClean/velocity-1.6/org.apache.velocity.runtime.parser.node.GetExecutor.txt,0
./DatabaseClean/velocity-1.6/org.apache.velocity.runtime.parser.node.ASTOrNode.txt,0
./DatabaseClean/velocity-1.6/org.apache.velocity.runtime.resource.util.StringResource.txt,0
./DatabaseClean/velocity-1.6/org.apache.velocity.runtime.log.NullLogChute.txt,1
./DatabaseClean/velocity-1.6/org.apache.velocity.runtime.directive.Evaluate.txt,1
./DatabaseClean/velocity-1.6/org.apache.velocity.runtime.log.Log4JLogSystem.txt,0
./DatabaseClean/velocity-1.6/org.apache.velocity.runtime.parser.node.MathUtils.txt,0
./DatabaseClean/velocity-1.6/org.apache.velocity.runtime.resource.loader.URLResourceLoader.txt,0
./DatabaseClean/velocity-1.6/org.apache.velocity.runtime.RuntimeSingleton.txt,1
./DatabaseClean/velocity-1.6/org.apache.velocity.context.InternalWrapperContext.txt,0
./DatabaseClean/velocity-1.6/org.apache.velocity.util.introspection.SecureIntrospectorControl.txt,0
./DatabaseClean/velocity-1.6/org.apache.velocity.runtime.parser.node.ASTEscape.txt,1
./DatabaseClean/velocity-1.6/org.apache.velocity.util.introspection.VelPropertyGet.txt,0
./DatabaseClean/velocity-1.6/org.apache.velocity.util.introspection.Uberspect.txt,1
./DatabaseClean/velocity-1.6/org.apache.velocity.util.ClassUtils.txt,1
./DatabaseClean/velocity-1.6/org.apache.velocity.runtime.log.VelocityFormatter.txt,0
./DatabaseClean/velocity-1.6/org.apache.velocity.util.introspection.VelPropertySet.txt,0
./DatabaseClean/velocity-1.6/org.apache.velocity.runtime.parser.CharStream.txt,0
./DatabaseClean/velocity-1.6/org.apache.velocity.runtime.parser.Token.txt,0
./DatabaseClean/velocity-1.6/org.apache.velocity.app.event.implement.EscapeHtmlReference.txt,0
./DatabaseClean/velocity-1.6/org.apache.velocity.runtime.parser.node.ASTAndNode.txt,0
./DatabaseClean/velocity-1.6/org.apache.velocity.runtime.parser.JJTParserState.txt,0
./DatabaseClean/velocity-1.6/org.apache.velocity.runtime.RuntimeLogger.txt,0
./DatabaseClean/velocity-1.6/org.apache.velocity.runtime.resource.loader.JarHolder.txt,0
./DatabaseClean/velocity-1.6/org.apache.velocity.runtime.VelocimacroManager.txt,1
./DatabaseClean/velocity-1.6/org.apache.velocity.exception.TemplateInitException.txt,0
./DatabaseClean/velocity-1.6/org.apache.velocity.util.introspection.Introspector.txt,0
./DatabaseClean/velocity-1.6/org.apache.velocity.runtime.directive.Directive.txt,1
./DatabaseClean/velocity-1.6/org.apache.velocity.runtime.log.NullLogSystem.txt,0
./DatabaseClean/velocity-1.6/org.apache.velocity.runtime.directive.Literal.txt,1
./DatabaseClean/velocity-1.6/org.apache.velocity.runtime.parser.node.MapSetExecutor.txt,1
./DatabaseClean/velocity-1.6/org.apache.velocity.runtime.directive.RuntimeMacro.txt,1
./DatabaseClean/velocity-1.6/org.apache.velocity.runtime.Renderable.txt,0
./DatabaseClean/velocity-1.6/org.apache.velocity.runtime.parser.node.ASTSubtractNode.txt,0
./DatabaseClean/velocity-1.6/org.apache.velocity.util.introspection.Info.txt,0
./DatabaseClean/velocity-1.6/org.apache.velocity.context.InternalContextBase.txt,1
./DatabaseClean/velocity-1.6/org.apache.velocity.runtime.visitor.BaseVisitor.txt,1
./DatabaseClean/velocity-1.6/org.apache.velocity.app.event.IncludeEventHandler.txt,0
./DatabaseClean/velocity-1.6/org.apache.velocity.runtime.resource.ContentResource.txt,0
./DatabaseClean/velocity-1.6/org.apache.velocity.util.ArrayListWrapper.txt,0
./DatabaseClean/velocity-1.6/org.apache.velocity.anakia.AnakiaJDOMFactory.txt,0
./DatabaseClean/velocity-1.6/org.apache.velocity.app.tools.VelocityFormatter.txt,0
./DatabaseClean/velocity-1.6/org.apache.velocity.util.SimplePool.txt,0
./DatabaseClean/velocity-1.6/org.apache.velocity.anakia.TreeWalker.txt,0
./DatabaseClean/velocity-1.6/org.apache.velocity.util.EnumerationIterator.txt,0
./DatabaseClean/velocity-1.6/org.apache.velocity.runtime.resource.loader.ResourceLoader.txt,1
./DatabaseClean/velocity-1.6/org.apache.velocity.runtime.log.AvalonLogChute.txt,1
./DatabaseClean/velocity-1.6/org.apache.velocity.texen.ant.TexenTask.txt,0
./DatabaseClean/velocity-1.6/org.apache.velocity.runtime.log.PrimordialLogSystem.txt,0
./DatabaseClean/velocity-1.6/org.apache.velocity.util.introspection.UberspectLoggable.txt,0
./DatabaseClean/velocity-1.6/org.apache.velocity.runtime.parser.node.ASTGTNode.txt,1
./DatabaseClean/velocity-1.6/org.apache.velocity.app.event.implement.IncludeRelativePath.txt,0
./DatabaseClean/velocity-1.6/org.apache.velocity.runtime.log.HoldingLogChute.txt,1
./DatabaseClean/velocity-1.6/org.apache.velocity.runtime.directive.Foreach.txt,1
./DatabaseClean/velocity-1.6/org.apache.velocity.exception.ExtendedParseException.txt,0
./DatabaseClean/velocity-1.6/org.apache.velocity.runtime.parser.node.ASTIntegerLiteral.txt,0
./DatabaseClean/velocity-1.6/org.apache.velocity.runtime.Runtime.txt,0
./DatabaseClean/velocity-1.6/org.apache.velocity.util.introspection.MethodMap.txt,1
./DatabaseClean/velocity-1.6/org.apache.velocity.util.introspection.UberspectImpl.txt,1
./DatabaseClean/velocity-1.6/org.apache.velocity.context.Context.txt,0
./DatabaseClean/velocity-1.6/org.apache.velocity.runtime.parser.node.ASTIdentifier.txt,0
./DatabaseClean/velocity-1.6/org.apache.velocity.runtime.parser.node.ASTObjectArray.txt,0
./DatabaseClean/velocity-1.6/org.apache.velocity.util.introspection.IntrospectionUtils.txt,0
./DatabaseClean/velocity-1.6/org.apache.velocity.util.ExceptionUtils.txt,0
./DatabaseClean/velocity-1.6/org.apache.velocity.runtime.parser.node.ASTExpression.txt,0
./DatabaseClean/velocity-1.6/org.apache.velocity.runtime.parser.node.ASTLENode.txt,1
./DatabaseClean/velocity-1.6/org.apache.velocity.context.InternalEventContext.txt,0
./DatabaseClean/velocity-1.6/org.apache.velocity.runtime.resource.loader.DataSourceResourceLoader.txt,0
./DatabaseClean/velocity-1.6/org.apache.velocity.VelocityContext.txt,0
./DatabaseClean/velocity-1.6/org.apache.velocity.Template.txt,1
./DatabaseClean/velocity-1.6/org.apache.velocity.exception.ParseErrorException.txt,0
./DatabaseClean/velocity-1.6/org.apache.velocity.runtime.parser.node.SetPropertyExecutor.txt,0
./DatabaseClean/velocity-1.6/org.apache.velocity.app.event.ReferenceInsertionEventHandler.txt,0
./DatabaseClean/velocity-1.6/org.apache.velocity.util.introspection.SecureUberspector.txt,1
./DatabaseClean/velocity-1.6/org.apache.velocity.app.event.implement.EscapeReference.txt,0
./DatabaseClean/velocity-1.6/org.apache.velocity.runtime.directive.DirectiveConstants.txt,0
./DatabaseClean/velocity-1.6/org.apache.velocity.runtime.resource.ResourceManagerImpl.txt,1
./DatabaseClean/velocity-1.6/org.apache.velocity.app.event.EventHandlerMethodExecutor.txt,0
./DatabaseClean/velocity-1.6/org.apache.velocity.util.introspection.VelMethod.txt,0
./DatabaseClean/velocity-1.6/org.apache.velocity.runtime.parser.node.SetExecutor.txt,0
./DatabaseClean/velocity-1.6/org.apache.velocity.runtime.resource.ResourceFactory.txt,0
./DatabaseClean/velocity-1.6/org.apache.velocity.runtime.parser.node.ASTParameters.txt,0
./DatabaseClean/velocity-1.6/org.apache.velocity.app.Velocity.txt,1
./DatabaseClean/velocity-1.6/org.apache.velocity.convert.WebMacro.txt,0
./DatabaseClean/velocity-1.6/org.apache.velocity.runtime.parser.node.ASTIncludeStatement.txt,0
./DatabaseClean/velocity-1.6/org.apache.velocity.runtime.directive.VelocimacroProxy.txt,1
./DatabaseClean/velocity-1.6/org.apache.velocity.runtime.parser.node.ASTAssignment.txt,0
./DatabaseClean/velocity-1.6/org.apache.velocity.app.event.EventCartridge.txt,0
./DatabaseClean/velocity-1.6/org.apache.velocity.runtime.directive.Include.txt,1
./DatabaseClean/velocity-1.6/org.apache.velocity.app.event.implement.ReportInvalidReferences.txt,0
./DatabaseClean/velocity-1.6/org.apache.velocity.runtime.parser.node.ASTFloatingPointLiteral.txt,0
./DatabaseClean/velocity-1.6/org.apache.velocity.runtime.resource.Resource.txt,1
./DatabaseClean/velocity-1.6/org.apache.velocity.anakia.AnakiaElement.txt,0
./DatabaseClean/velocity-1.6/org.apache.velocity.app.event.implement.PrintExceptions.txt,0
./DatabaseClean/velocity-1.6/org.apache.velocity.app.event.implement.EscapeXmlReference.txt,0
./DatabaseClean/velocity-1.6/org.apache.velocity.runtime.resource.loader.ClasspathResourceLoader.txt,0
./DatabaseClean/velocity-1.6/org.apache.velocity.runtime.RuntimeConstants.txt,1
./DatabaseClean/velocity-1.6/org.apache.velocity.util.introspection.ChainableUberspector.txt,0
./DatabaseClean/velocity-1.6/org.apache.velocity.runtime.directive.Parse.txt,1
./DatabaseClean/velocity-1.6/org.apache.velocity.runtime.log.LogChute.txt,1
./DatabaseClean/velocity-1.6/org.apache.velocity.runtime.log.LogManager.txt,1
./DatabaseClean/velocity-1.6/org.apache.velocity.runtime.parser.ParserConstants.txt,1
./DatabaseClean/velocity-1.6/org.apache.velocity.app.event.implement.InvalidReferenceInfo.txt,0
./DatabaseClean/velocity-1.6/org.apache.velocity.util.ContextAware.txt,0
./DatabaseClean/velocity-1.6/org.apache.velocity.runtime.log.AvalonLogSystem.txt,0
./DatabaseClean/velocity-1.6/org.apache.velocity.runtime.log.LogSystem.txt,1
./DatabaseClean/velocity-1.6/org.apache.velocity.runtime.RuntimeInstance.txt,1
./DatabaseClean/velocity-1.6/org.apache.velocity.exception.MacroOverflowException.txt,0
./DatabaseClean/velocity-1.6/org.apache.velocity.runtime.parser.node.ASTModNode.txt,0
./DatabaseClean/velocity-1.6/org.apache.velocity.runtime.parser.node.ASTLTNode.txt,1
./DatabaseClean/velocity-1.6/org.apache.velocity.texen.util.PropertiesUtil.txt,0
./DatabaseClean/velocity-1.6/org.apache.velocity.runtime.parser.ParserTreeConstants.txt,1
./DatabaseClean/velocity-1.6/org.apache.velocity.runtime.parser.node.ASTMap.txt,0
./DatabaseClean/velocity-1.6/org.apache.velocity.runtime.parser.node.ASTNotNode.txt,0
./DatabaseClean/velocity-1.6/org.apache.velocity.app.event.InvalidReferenceEventHandler.txt,1
./DatabaseClean/velocity-1.6/org.apache.velocity.anakia.XPathCache.txt,0
./DatabaseClean/velocity-1.6/org.apache.velocity.runtime.parser.node.PropertyExecutor.txt,0
./DatabaseClean/velocity-1.6/org.apache.velocity.runtime.parser.node.BooleanPropertyExecutor.txt,0
./DatabaseClean/velocity-1.6/org.apache.velocity.util.introspection.IntrospectorCache.txt,0
./DatabaseClean/velocity-1.6/org.apache.velocity.util.MapFactory.txt,1
./DatabaseClean/velocity-1.6/org.apache.velocity.exception.ResourceNotFoundException.txt,0
./DatabaseClean/velocity-1.6/org.apache.velocity.context.InternalContextAdapterImpl.txt,1
./DatabaseClean/velocity-1.6/org.apache.velocity.runtime.ParserPoolImpl.txt,0
./DatabaseClean/velocity-1.6/org.apache.velocity.app.event.implement.IncludeNotFound.txt,1
./DatabaseClean/velocity-1.6/org.apache.velocity.context.ChainedInternalContextAdapter.txt,1
./DatabaseClean/velocity-1.6/org.apache.velocity.util.introspection.IntrospectionCacheData.txt,0
./DatabaseClean/velocity-1.6/org.apache.velocity.runtime.parser.node.ASTComment.txt,1
./DatabaseClean/velocity-1.6/org.apache.velocity.runtime.directive.InputBase.txt,0
./DatabaseClean/velocity-1.6/org.apache.velocity.io.UnicodeInputStream.txt,0
./DatabaseClean/velocity-1.6/org.apache.velocity.runtime.parser.node.ASTElseStatement.txt,0
./DatabaseClean/velocity-1.6/org.apache.velocity.runtime.parser.node.ASTTrue.txt,0
./DatabaseClean/velocity-1.6/org.apache.velocity.anakia.OutputWrapper.txt,0
./DatabaseClean/velocity-1.6/org.apache.velocity.runtime.parser.node.ASTSetDirective.txt,0
./DatabaseClean/velocity-1.6/org.apache.velocity.runtime.parser.node.ASTMathNode.txt,0
./DatabaseClean/velocity-1.6/org.apache.velocity.app.event.EventHandler.txt,0
./DatabaseClean/velocity-1.6/org.apache.velocity.runtime.ParserPool.txt,0
./DatabaseClean/velocity-1.6/org.apache.velocity.runtime.parser.VelocityCharStream.txt,0
./DatabaseClean/velocity-1.6/org.apache.velocity.runtime.parser.node.ASTVariable.txt,0
./DatabaseClean/velocity-1.6/org.apache.velocity.runtime.resource.ResourceCacheImpl.txt,0
./DatabaseClean/velocity-1.6/org.apache.velocity.runtime.directive.Define.txt,1
./DatabaseClean/velocity-1.6/org.apache.velocity.runtime.RuntimeServices.txt,1
./DatabaseClean/velocity-1.6/org.apache.velocity.util.introspection.LinkingUberspector.txt,1
./DatabaseClean/velocity-1.6/org.apache.velocity.util.ArrayIterator.txt,0
./DatabaseClean/velocity-1.6/org.apache.velocity.context.InternalHousekeepingContext.txt,1
./DatabaseClean/velocity-1.6/org.apache.velocity.anakia.AnakiaTask.txt,0
./DatabaseClean/velocity-1.6/org.apache.velocity.context.InternalContextAdapter.txt,0
./DatabaseClean/velocity-1.6/org.apache.velocity.anakia.XPathTool.txt,0
./DatabaseClean/velocity-1.6/org.apache.velocity.runtime.parser.node.ASTText.txt,1
./DatabaseClean/velocity-1.6/org.apache.velocity.runtime.parser.node.Node.txt,1
./DatabaseClean/velocity-1.6/org.apache.velocity.runtime.resource.ResourceManager.txt,1
./DatabaseClean/velocity-1.6/org.apache.velocity.runtime.resource.util.StringResourceRepositoryImpl.txt,0
