file_path,label
./DatabaseClean/velocity-1.4/org.apache.velocity.context.Context.txt,1
./DatabaseClean/velocity-1.4/org.apache.velocity.runtime.exception.NodeException.txt,0
./DatabaseClean/velocity-1.4/org.apache.velocity.test.VelocityAppTestCase.txt,0
./DatabaseClean/velocity-1.4/org.apache.velocity.util.introspection.UberspectImpl.txt,1
./DatabaseClean/velocity-1.4/org.apache.velocity.runtime.parser.node.ASTIncludeStatement.txt,1
./DatabaseClean/velocity-1.4/org.apache.velocity.util.introspection.IntrospectorBase.txt,1
./DatabaseClean/velocity-1.4/org.apache.velocity.runtime.parser.node.ASTIfStatement.txt,1
./DatabaseClean/velocity-1.4/org.apache.velocity.app.event.EventCartridge.txt,1
./DatabaseClean/velocity-1.4/org.apache.velocity.exception.MethodInvocationException.txt,1
./DatabaseClean/velocity-1.4/org.apache.velocity.test.EventHandlingTestCase.txt,0
./DatabaseClean/velocity-1.4/org.apache.velocity.util.introspection.ClassMap.txt,1
./DatabaseClean/velocity-1.4/org.apache.velocity.util.StringUtils.txt,1
./DatabaseClean/velocity-1.4/org.apache.velocity.runtime.resource.loader.ClasspathResourceLoader.txt,1
./DatabaseClean/velocity-1.4/org.apache.velocity.runtime.RuntimeConstants.txt,1
./DatabaseClean/velocity-1.4/org.apache.velocity.anakia.Escape.txt,1
./DatabaseClean/velocity-1.4/org.apache.velocity.runtime.VelocimacroFactory.txt,1
./DatabaseClean/velocity-1.4/org.apache.velocity.runtime.parser.node.ASTAddNode.txt,1
./DatabaseClean/velocity-1.4/org.apache.velocity.runtime.directive.Macro.txt,1
./DatabaseClean/velocity-1.4/org.apache.velocity.runtime.parser.node.ParserVisitor.txt,0
./DatabaseClean/velocity-1.4/org.apache.velocity.runtime.log.AvalonLogSystem.txt,1
./DatabaseClean/velocity-1.4/org.apache.velocity.runtime.parser.node.ASTFalse.txt,1
./DatabaseClean/velocity-1.4/org.apache.velocity.runtime.RuntimeInstance.txt,1
./DatabaseClean/velocity-1.4/org.apache.velocity.runtime.resource.loader.JarResourceLoader.txt,1
./DatabaseClean/velocity-1.4/org.apache.velocity.test.InlineScopeVMTestCase.txt,0
./DatabaseClean/velocity-1.4/org.apache.velocity.texen.util.FileUtil.txt,1
./DatabaseClean/velocity-1.4/org.apache.velocity.context.VMContext.txt,1
./DatabaseClean/velocity-1.4/org.apache.velocity.runtime.log.SimpleLog4JLogSystem.txt,1
./DatabaseClean/velocity-1.4/org.apache.velocity.runtime.parser.node.SimpleNode.txt,1
./DatabaseClean/velocity-1.4/org.apache.velocity.runtime.parser.ParserTokenManager.txt,0
./DatabaseClean/velocity-1.4/org.apache.velocity.runtime.parser.node.ASTLENode.txt,1
./DatabaseClean/velocity-1.4/org.apache.velocity.test.CommonsExtPropTestCase.txt,0
./DatabaseClean/velocity-1.4/org.apache.velocity.runtime.parser.node.ASTMethod.txt,1
./DatabaseClean/velocity-1.4/org.apache.velocity.VelocityContext.txt,1
./DatabaseClean/velocity-1.4/org.apache.velocity.Template.txt,1
./DatabaseClean/velocity-1.4/org.apache.velocity.exception.ParseErrorException.txt,1
./DatabaseClean/velocity-1.4/org.apache.velocity.runtime.resource.loader.FileResourceLoader.txt,1
./DatabaseClean/velocity-1.4/org.apache.velocity.runtime.resource.ResourceCache.txt,1
./DatabaseClean/velocity-1.4/org.apache.velocity.runtime.parser.node.ASTObjectArray.txt,1
./DatabaseClean/velocity-1.4/org.apache.velocity.runtime.resource.ContentResource.txt,1
./DatabaseClean/velocity-1.4/org.apache.velocity.servlet.VelocityServlet.txt,1
./DatabaseClean/velocity-1.4/org.apache.velocity.app.tools.VelocityFormatter.txt,1
./DatabaseClean/velocity-1.4/org.apache.velocity.runtime.parser.node.ASTStringLiteral.txt,1
./DatabaseClean/velocity-1.4/org.apache.velocity.test.MultipleFileResourcePathTest.txt,0
./DatabaseClean/velocity-1.4/org.apache.velocity.util.EnumerationIterator.txt,1
./DatabaseClean/velocity-1.4/org.apache.velocity.test.ParserTestCase.txt,0
./DatabaseClean/velocity-1.4/org.apache.velocity.runtime.resource.loader.ResourceLoader.txt,1
./DatabaseClean/velocity-1.4/org.apache.velocity.texen.ant.TexenTask.txt,1
./DatabaseClean/velocity-1.4/org.apache.velocity.runtime.log.PrimordialLogSystem.txt,1
./DatabaseClean/velocity-1.4/org.apache.velocity.util.introspection.UberspectLoggable.txt,1
./DatabaseClean/velocity-1.4/org.apache.velocity.runtime.parser.node.ASTGTNode.txt,1
./DatabaseClean/velocity-1.4/org.apache.velocity.runtime.directive.Foreach.txt,1
./DatabaseClean/velocity-1.4/org.apache.velocity.runtime.parser.node.ASTNENode.txt,1
./DatabaseClean/velocity-1.4/org.apache.velocity.runtime.parser.node.ASTSetDirective.txt,1
./DatabaseClean/velocity-1.4/org.apache.velocity.test.provider.TestProvider.txt,0
./DatabaseClean/velocity-1.4/org.apache.velocity.runtime.parser.node.ASTAndNode.txt,1
./DatabaseClean/velocity-1.4/org.apache.velocity.test.TemplateTestCase.txt,0
./DatabaseClean/velocity-1.4/org.apache.velocity.test.IntrospectorTestCase.txt,0
./DatabaseClean/velocity-1.4/org.apache.velocity.runtime.RuntimeLogger.txt,1
./DatabaseClean/velocity-1.4/org.apache.velocity.runtime.resource.loader.JarHolder.txt,1
./DatabaseClean/velocity-1.4/org.apache.velocity.runtime.VelocimacroManager.txt,1
./DatabaseClean/velocity-1.4/org.apache.velocity.util.introspection.Introspector.txt,1
./DatabaseClean/velocity-1.4/org.apache.velocity.util.ArrayIterator.txt,1
./DatabaseClean/velocity-1.4/org.apache.velocity.context.InternalHousekeepingContext.txt,1
./DatabaseClean/velocity-1.4/org.apache.velocity.test.misc.Test.txt,0
./DatabaseClean/velocity-1.4/org.apache.velocity.context.InternalContextAdapter.txt,1
./DatabaseClean/velocity-1.4/org.apache.velocity.test.MultiLoaderTestCase.txt,0
./DatabaseClean/velocity-1.4/org.apache.velocity.runtime.parser.node.ASTSubtractNode.txt,1
./DatabaseClean/velocity-1.4/org.apache.velocity.runtime.directive.ParseDirectiveException.txt,0
./DatabaseClean/velocity-1.4/org.apache.velocity.runtime.resource.ResourceManager.txt,1
./DatabaseClean/velocity-1.4/org.apache.velocity.context.InternalContextBase.txt,1
./DatabaseClean/velocity-1.4/org.apache.velocity.runtime.visitor.BaseVisitor.txt,1
./DatabaseClean/velocity-1.4/org.apache.velocity.test.ConfigurationTestCase.txt,0
./DatabaseClean/velocity-1.4/org.apache.velocity.runtime.directive.MacroParseException.txt,1
./DatabaseClean/velocity-1.4/org.apache.velocity.anakia.XPathCache.txt,1
./DatabaseClean/velocity-1.4/org.apache.velocity.runtime.parser.node.PropertyExecutor.txt,1
./DatabaseClean/velocity-1.4/org.apache.velocity.test.MethodInvocationExceptionTest.txt,0
./DatabaseClean/velocity-1.4/org.apache.velocity.runtime.parser.node.BooleanPropertyExecutor.txt,1
./DatabaseClean/velocity-1.4/org.apache.velocity.runtime.visitor.VMReferenceMungeVisitor.txt,1
./DatabaseClean/velocity-1.4/org.apache.velocity.exception.ResourceNotFoundException.txt,1
./DatabaseClean/velocity-1.4/org.apache.velocity.context.InternalContextAdapterImpl.txt,1
./DatabaseClean/velocity-1.4/org.apache.velocity.runtime.directive.DirectiveConstants.txt,1
./DatabaseClean/velocity-1.4/org.apache.velocity.test.VelocimacroTestCase.txt,0
./DatabaseClean/velocity-1.4/org.apache.velocity.runtime.directive.VMProxyArg.txt,1
./DatabaseClean/velocity-1.4/org.apache.velocity.runtime.parser.node.AbstractExecutor.txt,1
./DatabaseClean/velocity-1.4/org.apache.velocity.util.introspection.VelMethod.txt,1
./DatabaseClean/velocity-1.4/org.apache.velocity.runtime.parser.node.ASTParameters.txt,1
./DatabaseClean/velocity-1.4/org.apache.velocity.app.Velocity.txt,1
./DatabaseClean/velocity-1.4/org.apache.velocity.convert.WebMacro.txt,1
./DatabaseClean/velocity-1.4/org.apache.velocity.context.InternalWrapperContext.txt,1
./DatabaseClean/velocity-1.4/org.apache.velocity.runtime.parser.node.ASTEscape.txt,1
./DatabaseClean/velocity-1.4/org.apache.velocity.test.ClasspathResourceTest.txt,0
./DatabaseClean/velocity-1.4/org.apache.velocity.runtime.directive.InputBase.txt,1
./DatabaseClean/velocity-1.4/org.apache.velocity.runtime.parser.node.ASTElseStatement.txt,1
./DatabaseClean/velocity-1.4/org.apache.velocity.runtime.log.VelocityFormatter.txt,1
./DatabaseClean/velocity-1.4/org.apache.velocity.util.introspection.VelPropertySet.txt,1
./DatabaseClean/velocity-1.4/org.apache.velocity.anakia.OutputWrapper.txt,1
./DatabaseClean/velocity-1.4/org.apache.velocity.runtime.parser.node.ASTNumberLiteral.txt,0
./DatabaseClean/velocity-1.4/org.apache.velocity.runtime.parser.node.ASTIdentifier.txt,1
./DatabaseClean/velocity-1.4/org.apache.velocity.test.provider.BoolObj.txt,0
./DatabaseClean/velocity-1.4/org.apache.velocity.exception.VelocityException.txt,1
./DatabaseClean/velocity-1.4/org.apache.velocity.util.introspection.MethodMap.txt,1
./DatabaseClean/velocity-1.4/org.apache.velocity.app.VelocityEngine.txt,1
./DatabaseClean/velocity-1.4/org.apache.velocity.runtime.directive.VelocimacroProxy.txt,1
./DatabaseClean/velocity-1.4/org.apache.velocity.runtime.parser.node.ASTAssignment.txt,1
./DatabaseClean/velocity-1.4/org.apache.velocity.test.TexenTestCase.txt,0
./DatabaseClean/velocity-1.4/org.apache.velocity.runtime.directive.Include.txt,1
./DatabaseClean/velocity-1.4/org.apache.velocity.app.event.NullSetEventHandler.txt,1
./DatabaseClean/velocity-1.4/org.apache.velocity.runtime.resource.Resource.txt,1
./DatabaseClean/velocity-1.4/org.apache.velocity.anakia.AnakiaElement.txt,1
./DatabaseClean/velocity-1.4/org.apache.velocity.runtime.parser.node.ASTBlock.txt,1
./DatabaseClean/velocity-1.4/org.apache.velocity.runtime.parser.node.ASTElseIfStatement.txt,1
./DatabaseClean/velocity-1.4/org.apache.velocity.runtime.parser.node.NodeUtils.txt,1
./DatabaseClean/velocity-1.4/org.apache.velocity.runtime.directive.Parse.txt,1
./DatabaseClean/velocity-1.4/org.apache.velocity.test.MiscTestCase.txt,0
./DatabaseClean/velocity-1.4/org.apache.velocity.runtime.log.LogManager.txt,1
./DatabaseClean/velocity-1.4/org.apache.velocity.runtime.parser.ParserConstants.txt,0
./DatabaseClean/velocity-1.4/org.apache.velocity.app.FieldMethodizer.txt,1
./DatabaseClean/velocity-1.4/org.apache.velocity.runtime.log.LogSystem.txt,1
./DatabaseClean/velocity-1.4/org.apache.velocity.test.provider.Child.txt,0
./DatabaseClean/velocity-1.4/org.apache.velocity.test.provider.Person.txt,0
./DatabaseClean/velocity-1.4/org.apache.velocity.test.view.TemplateNodeView.txt,0
./DatabaseClean/velocity-1.4/org.apache.velocity.runtime.parser.node.ASTModNode.txt,1
./DatabaseClean/velocity-1.4/org.apache.velocity.runtime.parser.node.ASTLTNode.txt,1
./DatabaseClean/velocity-1.4/org.apache.velocity.texen.util.PropertiesUtil.txt,1
./DatabaseClean/velocity-1.4/org.apache.velocity.runtime.parser.ParserTreeConstants.txt,0
./DatabaseClean/velocity-1.4/org.apache.velocity.runtime.parser.node.ASTEscapedDirective.txt,1
./DatabaseClean/velocity-1.4/org.apache.velocity.runtime.parser.node.ASTExpression.txt,1
./DatabaseClean/velocity-1.4/org.apache.velocity.runtime.parser.node.ASTDivNode.txt,1
./DatabaseClean/velocity-1.4/org.apache.velocity.context.InternalEventContext.txt,1
./DatabaseClean/velocity-1.4/org.apache.velocity.test.VelocityServletTest.txt,0
./DatabaseClean/velocity-1.4/org.apache.velocity.io.VelocityWriter.txt,1
./DatabaseClean/velocity-1.4/org.apache.velocity.runtime.resource.loader.ResourceLoaderFactory.txt,1
./DatabaseClean/velocity-1.4/org.apache.velocity.runtime.parser.node.ASTprocess.txt,1
./DatabaseClean/velocity-1.4/org.apache.velocity.app.event.ReferenceInsertionEventHandler.txt,1
./DatabaseClean/velocity-1.4/org.apache.velocity.runtime.visitor.NodeViewMode.txt,1
./DatabaseClean/velocity-1.4/org.apache.velocity.runtime.parser.node.ASTMulNode.txt,1
./DatabaseClean/velocity-1.4/org.apache.velocity.texen.Generator.txt,1
./DatabaseClean/velocity-1.4/org.apache.velocity.anakia.AnakiaJDOMFactory.txt,1
./DatabaseClean/velocity-1.4/org.apache.velocity.util.SimplePool.txt,1
./DatabaseClean/velocity-1.4/org.apache.velocity.anakia.TreeWalker.txt,1
./DatabaseClean/velocity-1.4/org.apache.velocity.runtime.parser.node.ASTWord.txt,1
./DatabaseClean/velocity-1.4/org.apache.velocity.runtime.configuration.Configuration.txt,0
./DatabaseClean/velocity-1.4/org.apache.velocity.runtime.exception.ReferenceException.txt,1
./DatabaseClean/velocity-1.4/org.apache.velocity.runtime.parser.node.ASTDirective.txt,1
./DatabaseClean/velocity-1.4/org.apache.velocity.runtime.compiler.Compiler.txt,0
./DatabaseClean/velocity-1.4/org.apache.velocity.context.AbstractContext.txt,1
./DatabaseClean/velocity-1.4/org.apache.velocity.runtime.parser.TokenMgrError.txt,0
./DatabaseClean/velocity-1.4/org.apache.velocity.anakia.NodeList.txt,1
./DatabaseClean/velocity-1.4/org.apache.velocity.runtime.parser.node.ASTGENode.txt,1
./DatabaseClean/velocity-1.4/org.apache.velocity.runtime.Runtime.txt,1
./DatabaseClean/velocity-1.4/org.apache.velocity.runtime.parser.Token.txt,0
./DatabaseClean/velocity-1.4/org.apache.velocity.app.event.EventHandler.txt,1
./DatabaseClean/velocity-1.4/org.apache.velocity.runtime.parser.JJTParserState.txt,0
./DatabaseClean/velocity-1.4/org.apache.velocity.runtime.parser.VelocityCharStream.txt,1
./DatabaseClean/velocity-1.4/org.apache.velocity.test.TemplateTestSuite.txt,0
./DatabaseClean/velocity-1.4/org.apache.velocity.runtime.parser.node.ASTVariable.txt,1
./DatabaseClean/velocity-1.4/org.apache.velocity.runtime.resource.ResourceCacheImpl.txt,1
./DatabaseClean/velocity-1.4/org.apache.velocity.test.ContextSafetyTestCase.txt,0
./DatabaseClean/velocity-1.4/org.apache.velocity.runtime.RuntimeServices.txt,1
./DatabaseClean/velocity-1.4/org.apache.velocity.runtime.directive.Directive.txt,1
./DatabaseClean/velocity-1.4/org.apache.velocity.runtime.log.NullLogSystem.txt,1
./DatabaseClean/velocity-1.4/org.apache.velocity.runtime.directive.Literal.txt,1
./DatabaseClean/velocity-1.4/org.apache.velocity.anakia.AnakiaTask.txt,1
./DatabaseClean/velocity-1.4/org.apache.velocity.anakia.XPathTool.txt,1
./DatabaseClean/velocity-1.4/org.apache.velocity.runtime.parser.node.ASTText.txt,1
./DatabaseClean/velocity-1.4/org.apache.velocity.runtime.parser.node.Node.txt,1
./DatabaseClean/velocity-1.4/org.apache.velocity.util.introspection.Info.txt,1
./DatabaseClean/velocity-1.4/org.apache.velocity.test.IntrospectorTestCase2.txt,0
./DatabaseClean/velocity-1.4/org.apache.velocity.test.IntrospectorTestCase3.txt,0
./DatabaseClean/velocity-1.4/org.apache.velocity.runtime.parser.node.ASTReference.txt,1
./DatabaseClean/velocity-1.4/org.apache.velocity.runtime.parser.node.ASTNotNode.txt,1
./DatabaseClean/velocity-1.4/org.apache.velocity.app.event.MethodExceptionEventHandler.txt,1
./DatabaseClean/velocity-1.4/org.apache.velocity.runtime.parser.node.GetExecutor.txt,1
./DatabaseClean/velocity-1.4/org.apache.velocity.test.TemplateTestBase.txt,0
./DatabaseClean/velocity-1.4/org.apache.velocity.runtime.parser.node.ASTOrNode.txt,1
./DatabaseClean/velocity-1.4/org.apache.velocity.test.ExternalLoggerTest.txt,0
./DatabaseClean/velocity-1.4/org.apache.velocity.test.BaseTestCase.txt,0
./DatabaseClean/velocity-1.4/org.apache.velocity.runtime.log.Log4JLogSystem.txt,1
./DatabaseClean/velocity-1.4/org.apache.velocity.runtime.parser.node.ASTIntegerRange.txt,1
./DatabaseClean/velocity-1.4/org.apache.velocity.runtime.resource.ResourceManagerImpl.txt,1
./DatabaseClean/velocity-1.4/org.apache.velocity.runtime.parser.ParseException.txt,0
./DatabaseClean/velocity-1.4/org.apache.velocity.test.AnakiaTestCase.txt,0
./DatabaseClean/velocity-1.4/org.apache.velocity.runtime.resource.ResourceFactory.txt,1
./DatabaseClean/velocity-1.4/org.apache.velocity.runtime.parser.node.ASTEQNode.txt,1
./DatabaseClean/velocity-1.4/org.apache.velocity.test.EncodingTestCase.txt,0
./DatabaseClean/velocity-1.4/org.apache.velocity.runtime.RuntimeSingleton.txt,1
./DatabaseClean/velocity-1.4/org.apache.velocity.util.introspection.IntrospectionCacheData.txt,1
./DatabaseClean/velocity-1.4/org.apache.velocity.runtime.parser.node.ASTComment.txt,1
./DatabaseClean/velocity-1.4/org.apache.velocity.util.introspection.VelPropertyGet.txt,1
./DatabaseClean/velocity-1.4/org.apache.velocity.util.introspection.Uberspect.txt,1
./DatabaseClean/velocity-1.4/org.apache.velocity.test.TexenClasspathTestCase.txt,0
./DatabaseClean/velocity-1.4/org.apache.velocity.runtime.parser.node.ASTTrue.txt,1
./DatabaseClean/velocity-1.4/org.apache.velocity.test.ClassloaderChangeTest.txt,0
./DatabaseClean/velocity-1.4/org.apache.velocity.runtime.parser.CharStream.txt,0
