file_path,label
./DatabaseClean/xalan-2.5/org.apache.xalan.xsltc.compiler.TransletOutput.txt,0
./DatabaseClean/xalan-2.5/org.apache.xalan.lib.Extensions.txt,1
./DatabaseClean/xalan-2.5/org.apache.xml.serializer.ToHTMLStream.txt,1
./DatabaseClean/xalan-2.5/org.apache.xpath.functions.FuncConcat.txt,1
./DatabaseClean/xalan-2.5/org.apache.xpath.patterns.StepPattern.txt,1
./DatabaseClean/xalan-2.5/org.apache.xalan.transformer.TransformSnapshot.txt,0
./DatabaseClean/xalan-2.5/org.apache.xpath.functions.FunctionDef1Arg.txt,1
./DatabaseClean/xalan-2.5/org.apache.xalan.xsltc.compiler.AttributeValue.txt,0
./DatabaseClean/xalan-2.5/org.apache.xalan.xsltc.dom.FilteredStepIterator.txt,0
./DatabaseClean/xalan-2.5/org.apache.xalan.xsltc.compiler.NamespaceAlias.txt,0
./DatabaseClean/xalan-2.5/org.apache.xml.serializer.ToTextSAXHandler.txt,0
./DatabaseClean/xalan-2.5/org.apache.xalan.templates.ElemLiteralResult.txt,1
./DatabaseClean/xalan-2.5/org.apache.xml.utils.SAXSourceLocator.txt,0
./DatabaseClean/xalan-2.5/org.apache.xalan.xsltc.compiler.FunctionAvailableCall.txt,0
./DatabaseClean/xalan-2.5/org.apache.xalan.templates.DecimalFormatProperties.txt,1
./DatabaseClean/xalan-2.5/org.apache.xalan.transformer.TransformSnapshotImpl.txt,0
./DatabaseClean/xalan-2.5/org.apache.xpath.compiler.OpMapVector.txt,1
./DatabaseClean/xalan-2.5/org.apache.xml.utils.DefaultErrorHandler.txt,1
./DatabaseClean/xalan-2.5/org.apache.xml.utils.UnImplNode.txt,1
./DatabaseClean/xalan-2.5/org.apache.xml.res.XMLErrorResources_ko.txt,0
./DatabaseClean/xalan-2.5/org.apache.xpath.XPathFactory.txt,1
./DatabaseClean/xalan-2.5/org.apache.xml.dtm.ref.ExtendedType.txt,0
./DatabaseClean/xalan-2.5/org.apache.xml.utils.res.XResourceBundle.txt,1
./DatabaseClean/xalan-2.5/org.apache.xalan.xsltc.compiler.WithParam.txt,1
./DatabaseClean/xalan-2.5/org.apache.xalan.xpath.xml.TreeWalker.txt,0
./DatabaseClean/xalan-2.5/org.apache.xalan.xsltc.compiler.SyntaxTreeNode.txt,0
./DatabaseClean/xalan-2.5/org.apache.xalan.xsltc.compiler.util.RealType.txt,0
./DatabaseClean/xalan-2.5/org.apache.xpath.operations.Or.txt,0
./DatabaseClean/xalan-2.5/org.apache.xalan.xsltc.TransletException.txt,0
./DatabaseClean/xalan-2.5/org.apache.xalan.xsltc.runtime.Hashtable.txt,0
./DatabaseClean/xalan-2.5/org.apache.xml.utils.DOM2Helper.txt,1
./DatabaseClean/xalan-2.5/org.apache.xalan.processor.ProcessorKey.txt,0
./DatabaseClean/xalan-2.5/org.apache.xml.res.XMLErrorResources_en.txt,1
./DatabaseClean/xalan-2.5/org.apache.xpath.objects.XRTreeFragSelectWrapper.txt,0
./DatabaseClean/xalan-2.5/org.apache.xalan.transformer.KeyRefIterator.txt,1
./DatabaseClean/xalan-2.5/org.apache.xpath.compiler.Compiler.txt,1
./DatabaseClean/xalan-2.5/org.apache.xalan.xsltc.util.IntegerArray.txt,1
./DatabaseClean/xalan-2.5/org.apache.xml.res.XMLErrorResources_es.txt,0
./DatabaseClean/xalan-2.5/org.apache.xalan.processor.ProcessorExsltFunction.txt,1
./DatabaseClean/xalan-2.5/org.apache.xalan.templates.ElemChoose.txt,1
./DatabaseClean/xalan-2.5/org.apache.xalan.xsltc.CollatorFactory.txt,0
./DatabaseClean/xalan-2.5/org.apache.xalan.xsltc.compiler.ParameterRef.txt,1
./DatabaseClean/xalan-2.5/org.apache.xalan.xsltc.compiler.FilterParentPath.txt,0
./DatabaseClean/xalan-2.5/org.apache.xml.serializer.ToHTMLSAXHandler.txt,0
./DatabaseClean/xalan-2.5/org.apache.xml.utils.AttList.txt,1
./DatabaseClean/xalan-2.5/org.apache.xalan.xsltc.compiler.XslElement.txt,1
./DatabaseClean/xalan-2.5/org.apache.xml.dtm.ref.IncrementalSAXSource.txt,0
./DatabaseClean/xalan-2.5/org.apache.xml.serializer.ToUnknownStream.txt,0
./DatabaseClean/xalan-2.5/org.apache.xml.utils.res.XResources_it.txt,1
./DatabaseClean/xalan-2.5/org.apache.xml.utils.res.XResources_ko.txt,1
./DatabaseClean/xalan-2.5/org.apache.xpath.CachedXPathAPI.txt,0
./DatabaseClean/xalan-2.5/org.apache.xalan.xsltc.compiler.ForEach.txt,0
./DatabaseClean/xalan-2.5/org.apache.xml.utils.StringVector.txt,1
./DatabaseClean/xalan-2.5/org.apache.xalan.xsltc.dom.DupFilterIterator.txt,1
./DatabaseClean/xalan-2.5/org.apache.xpath.functions.FuncQname.txt,1
./DatabaseClean/xalan-2.5/org.apache.xpath.axes.IteratorPool.txt,1
./DatabaseClean/xalan-2.5/org.apache.xalan.xsltc.compiler.RelativeLocationPath.txt,0
./DatabaseClean/xalan-2.5/org.apache.xalan.xsltc.DOMCache.txt,1
./DatabaseClean/xalan-2.5/org.apache.xpath.ExtensionsProvider.txt,0
./DatabaseClean/xalan-2.5/org.apache.xalan.templates.XSLTVisitable.txt,0
./DatabaseClean/xalan-2.5/org.apache.xalan.xsltc.trax.DOM2TO.txt,1
./DatabaseClean/xalan-2.5/org.apache.xalan.xpath.XNull.txt,0
./DatabaseClean/xalan-2.5/org.apache.xalan.trace.TraceListener.txt,1
./DatabaseClean/xalan-2.5/org.apache.xml.utils.res.XResources_en.txt,1
./DatabaseClean/xalan-2.5/org.apache.xalan.xsltc.compiler.VariableRefBase.txt,0
./DatabaseClean/xalan-2.5/org.apache.xalan.templates.ElemCallTemplate.txt,1
./DatabaseClean/xalan-2.5/org.apache.xpath.XPathException.txt,1
./DatabaseClean/xalan-2.5/org.apache.xml.utils.synthetic.SynthesisException.txt,1
./DatabaseClean/xalan-2.5/org.apache.xalan.xsltc.dom.Filter.txt,0
./DatabaseClean/xalan-2.5/org.apache.xalan.xsltc.dom.ForwardPositionIterator.txt,0
./DatabaseClean/xalan-2.5/org.apache.xalan.xsltc.compiler.util.ClassGenerator.txt,0
./DatabaseClean/xalan-2.5/org.apache.xalan.res.XSLTErrorResources_en.txt,1
./DatabaseClean/xalan-2.5/org.apache.xalan.xsltc.util.JavaCupRedirect.txt,0
./DatabaseClean/xalan-2.5/org.apache.xalan.xsltc.compiler.KeyPattern.txt,0
./DatabaseClean/xalan-2.5/org.apache.xpath.axes.ChildTestIterator.txt,1
./DatabaseClean/xalan-2.5/org.apache.xml.utils.res.XResourceBundleBase.txt,1
./DatabaseClean/xalan-2.5/org.apache.xalan.templates.ElemIf.txt,1
./DatabaseClean/xalan-2.5/org.apache.xalan.xsltc.dom.DOMAdapter.txt,1
./DatabaseClean/xalan-2.5/org.apache.xml.utils.XMLCharacterRecognizer.txt,1
./DatabaseClean/xalan-2.5/org.apache.xml.dtm.ref.DTMTreeWalker.txt,1
./DatabaseClean/xalan-2.5/org.apache.xalan.xsltc.dom.MultipleNodeCounter.txt,0
./DatabaseClean/xalan-2.5/org.apache.xalan.transformer.ClonerToResultTree.txt,1
./DatabaseClean/xalan-2.5/org.w3c.dom.xpath.XPathResult.txt,0
./DatabaseClean/xalan-2.5/org.apache.xml.utils.PrefixResolverDefault.txt,1
./DatabaseClean/xalan-2.5/org.apache.xalan.lib.ExsltStrings.txt,1
./DatabaseClean/xalan-2.5/org.apache.xalan.xsltc.compiler.SourceLoader.txt,0
./DatabaseClean/xalan-2.5/org.apache.xml.utils.SuballocatedByteVector.txt,1
./DatabaseClean/xalan-2.5/org.apache.xpath.operations.Lte.txt,0
./DatabaseClean/xalan-2.5/org.apache.xalan.templates.ElemFallback.txt,1
./DatabaseClean/xalan-2.5/org.apache.xpath.operations.Number.txt,0
./DatabaseClean/xalan-2.5/org.apache.xpath.operations.Mult.txt,0
./DatabaseClean/xalan-2.5/org.apache.xalan.xsltc.compiler.ValueOf.txt,0
./DatabaseClean/xalan-2.5/org.apache.xalan.processor.ProcessorStylesheetElement.txt,0
./DatabaseClean/xalan-2.5/org.apache.xalan.xsltc.compiler.util.SlotAllocator.txt,0
./DatabaseClean/xalan-2.5/org.apache.xalan.xpath.XBooleanStatic.txt,0
./DatabaseClean/xalan-2.5/org.apache.xpath.domapi.XPathNamespaceImpl.txt,1
./DatabaseClean/xalan-2.5/org.apache.xalan.trace.TraceManager.txt,0
./DatabaseClean/xalan-2.5/org.apache.xalan.xsltc.compiler.util.Util.txt,1
./DatabaseClean/xalan-2.5/org.apache.xalan.xsltc.compiler.util.AttributeSetMethodGenerator.txt,1
./DatabaseClean/xalan-2.5/org.apache.xalan.xsltc.compiler.FilteredAbsoluteLocationPath.txt,0
./DatabaseClean/xalan-2.5/org.apache.xpath.functions.FuncCurrent.txt,1
./DatabaseClean/xalan-2.5/org.apache.xml.serializer.OutputPropertyUtils.txt,0
./DatabaseClean/xalan-2.5/org.apache.xalan.processor.XSLTElementProcessor.txt,1
./DatabaseClean/xalan-2.5/org.apache.xalan.templates.ElemPI.txt,1
./DatabaseClean/xalan-2.5/org.apache.xml.dtm.ref.DTMDefaultBaseTraversers.txt,0
./DatabaseClean/xalan-2.5/org.apache.xalan.xsltc.compiler.Import.txt,1
./DatabaseClean/xalan-2.5/org.apache.xml.utils.NodeVector.txt,1
./DatabaseClean/xalan-2.5/org.apache.xml.dtm.DTMWSFilter.txt,0
./DatabaseClean/xalan-2.5/org.w3c.dom.xpath.XPathException.txt,0
./DatabaseClean/xalan-2.5/org.apache.xalan.processor.ProcessorStripSpace.txt,0
./DatabaseClean/xalan-2.5/org.apache.xalan.xsltc.compiler.XSLTC.txt,1
./DatabaseClean/xalan-2.5/org.apache.xml.utils.synthetic.reflection.Constructor.txt,1
./DatabaseClean/xalan-2.5/org.apache.xalan.xsltc.trax.DOM2SAX.txt,0
./DatabaseClean/xalan-2.5/org.apache.xml.dtm.SecuritySupport.txt,0
./DatabaseClean/xalan-2.5/org.apache.xalan.xsltc.dom.SingletonIterator.txt,0
./DatabaseClean/xalan-2.5/org.apache.xpath.objects.XNumber.txt,1
./DatabaseClean/xalan-2.5/org.apache.xpath.axes.RTFIterator.txt,1
./DatabaseClean/xalan-2.5/org.apache.xalan.transformer.XalanTransformState.txt,0
./DatabaseClean/xalan-2.5/org.apache.xalan.processor.StopParseException.txt,1
./DatabaseClean/xalan-2.5/org.apache.xml.utils.res.XResources_he.txt,1
./DatabaseClean/xalan-2.5/org.apache.xalan.processor.StylesheetPIHandler.txt,1
./DatabaseClean/xalan-2.5/org.apache.xalan.xsltc.compiler.CastExpr.txt,0
./DatabaseClean/xalan-2.5/org.apache.xml.res.XMLErrorResources.txt,1
./DatabaseClean/xalan-2.5/org.apache.xml.utils.res.XResources_ja_JP_I.txt,1
./DatabaseClean/xalan-2.5/org.apache.xpath.functions.FuncContains.txt,1
./DatabaseClean/xalan-2.5/org.apache.xalan.xsltc.compiler.util.MethodType.txt,0
./DatabaseClean/xalan-2.5/org.apache.xml.utils.FastStringBuffer.txt,0
./DatabaseClean/xalan-2.5/org.apache.xalan.xsltc.dom.SimpleResultTreeImpl.txt,0
./DatabaseClean/xalan-2.5/org.apache.xml.serializer.ToSAXHandler.txt,1
./DatabaseClean/xalan-2.5/org.apache.xalan.transformer.QueuedEvents.txt,0
./DatabaseClean/xalan-2.5/org.apache.xalan.xpath.XNodeSet.txt,0
./DatabaseClean/xalan-2.5/org.apache.xpath.functions.FuncSum.txt,1
./DatabaseClean/xalan-2.5/org.apache.xalan.xsltc.dom.NthIterator.txt,0
./DatabaseClean/xalan-2.5/org.apache.xalan.templates.StylesheetComposed.txt,0
./DatabaseClean/xalan-2.5/org.apache.xpath.domapi.XPathNSResolverImpl.txt,1
./DatabaseClean/xalan-2.5/org.apache.xalan.xsltc.compiler.ForwardPositionExpr.txt,0
./DatabaseClean/xalan-2.5/org.apache.xpath.functions.FuncTranslate.txt,1
./DatabaseClean/xalan-2.5/org.apache.xalan.xsltc.compiler.util.NumberType.txt,0
./DatabaseClean/xalan-2.5/org.apache.xalan.processor.ProcessorCharacters.txt,0
./DatabaseClean/xalan-2.5/org.apache.xalan.extensions.ExtensionNamespacesManager.txt,1
./DatabaseClean/xalan-2.5/org.apache.xalan.extensions.ExtensionNamespaceSupport.txt,0
./DatabaseClean/xalan-2.5/org.apache.xalan.processor.ProcessorExsltFuncResult.txt,1
./DatabaseClean/xalan-2.5/org.apache.xalan.processor.ProcessorTemplateElem.txt,1
./DatabaseClean/xalan-2.5/org.apache.xalan.lib.sql.DefaultConnectionPool.txt,1
./DatabaseClean/xalan-2.5/org.apache.xalan.templates.ElemExsltFuncResult.txt,1
./DatabaseClean/xalan-2.5/org.apache.xml.utils.WrappedRuntimeException.txt,0
./DatabaseClean/xalan-2.5/org.apache.xalan.templates.ElemParam.txt,1
./DatabaseClean/xalan-2.5/org.apache.xpath.patterns.FunctionPattern.txt,1
./DatabaseClean/xalan-2.5/org.apache.xml.dtm.ref.DTMDefaultBaseIterators.txt,0
./DatabaseClean/xalan-2.5/org.apache.xalan.xsltc.compiler.StringLengthCall.txt,0
./DatabaseClean/xalan-2.5/org.apache.xalan.xsltc.runtime.AttributeList.txt,0
./DatabaseClean/xalan-2.5/org.apache.xalan.xsltc.compiler.LiteralExpr.txt,0
./DatabaseClean/xalan-2.5/org.apache.xalan.xsltc.compiler.Text.txt,0
./DatabaseClean/xalan-2.5/org.apache.xml.utils.BoolStack.txt,1
./DatabaseClean/xalan-2.5/org.apache.xpath.functions.FuncDoclocation.txt,1
./DatabaseClean/xalan-2.5/org.apache.xalan.processor.ProcessorImport.txt,0
./DatabaseClean/xalan-2.5/org.apache.xalan.xsltc.dom.BitArray.txt,0
./DatabaseClean/xalan-2.5/org.apache.xalan.templates.ElemMessage.txt,1
./DatabaseClean/xalan-2.5/org.apache.xalan.xsltc.compiler.RoundCall.txt,1
./DatabaseClean/xalan-2.5/org.apache.xalan.transformer.ResultNameSpace.txt,1
./DatabaseClean/xalan-2.5/org.apache.xpath.operations.Gte.txt,0
./DatabaseClean/xalan-2.5/org.apache.xalan.templates.XUnresolvedVariable.txt,0
./DatabaseClean/xalan-2.5/org.apache.xml.dtm.ref.DTMNodeListBase.txt,0
./DatabaseClean/xalan-2.5/org.apache.xalan.transformer.Counter.txt,1
./DatabaseClean/xalan-2.5/org.apache.xalan.xsltc.compiler.NotCall.txt,0
./DatabaseClean/xalan-2.5/org.apache.xalan.templates.ElemUse.txt,1
./DatabaseClean/xalan-2.5/org.apache.xpath.functions.Function3Args.txt,1
./DatabaseClean/xalan-2.5/org.apache.xpath.objects.XObjectFactory.txt,0
./DatabaseClean/xalan-2.5/org.apache.xalan.templates.TemplateList.txt,1
./DatabaseClean/xalan-2.5/org.apache.xml.dtm.DTMConfigurationException.txt,0
./DatabaseClean/xalan-2.5/org.apache.xpath.functions.FuncLast.txt,1
./DatabaseClean/xalan-2.5/org.apache.xalan.transformer.KeyTable.txt,1
./DatabaseClean/xalan-2.5/org.apache.xml.serializer.WriterToASCI.txt,0
./DatabaseClean/xalan-2.5/org.apache.xalan.xsltc.trax.TemplatesImpl.txt,1
./DatabaseClean/xalan-2.5/org.apache.xalan.xsltc.compiler.Key.txt,1
./DatabaseClean/xalan-2.5/org.apache.xalan.xsltc.runtime.AbstractTranslet.txt,1
./DatabaseClean/xalan-2.5/org.apache.xpath.functions.FuncGenerateId.txt,1
./DatabaseClean/xalan-2.5/org.apache.xml.dtm.DTMManager.txt,0
./DatabaseClean/xalan-2.5/org.apache.xalan.xsltc.ProcessorVersion.txt,0
./DatabaseClean/xalan-2.5/org.apache.xpath.objects.XBooleanStatic.txt,1
./DatabaseClean/xalan-2.5/org.apache.xalan.transformer.TransformerClient.txt,0
./DatabaseClean/xalan-2.5/org.apache.xpath.functions.FuncStartsWith.txt,1
./DatabaseClean/xalan-2.5/org.apache.xpath.operations.String.txt,0
./DatabaseClean/xalan-2.5/org.apache.xalan.xsltc.compiler.Predicate.txt,1
./DatabaseClean/xalan-2.5/org.apache.xml.dtm.DTMIterator.txt,0
./DatabaseClean/xalan-2.5/org.apache.xml.utils.StringBufferPool.txt,1
./DatabaseClean/xalan-2.5/org.apache.xalan.templates.AVTPartSimple.txt,1
./DatabaseClean/xalan-2.5/org.apache.xalan.xsltc.trax.TransformerFactoryImpl.txt,1
./DatabaseClean/xalan-2.5/org.apache.xml.utils.SuballocatedIntVector.txt,1
./DatabaseClean/xalan-2.5/org.w3c.dom.xpath.XPathExpression.txt,0
./DatabaseClean/xalan-2.5/org.apache.xml.utils.NSInfo.txt,1
./DatabaseClean/xalan-2.5/org.apache.xalan.xsltc.compiler.ElementAvailableCall.txt,0
./DatabaseClean/xalan-2.5/org.apache.xpath.ExpressionNode.txt,0
./DatabaseClean/xalan-2.5/org.apache.xpath.axes.LocPathIterator.txt,1
./DatabaseClean/xalan-2.5/org.apache.xml.utils.SerializableLocatorImpl.txt,0
./DatabaseClean/xalan-2.5/org.apache.xalan.xsltc.runtime.output.WriterOutputBuffer.txt,0
./DatabaseClean/xalan-2.5/org.apache.xml.dtm.ref.DTMAxisIterNodeList.txt,0
./DatabaseClean/xalan-2.5/org.apache.xml.serializer.EmptySerializer.txt,0
./DatabaseClean/xalan-2.5/org.apache.xml.dtm.ref.DTMAxisIteratorBase.txt,1
./DatabaseClean/xalan-2.5/org.apache.xml.dtm.ref.CustomStringPool.txt,0
./DatabaseClean/xalan-2.5/org.apache.xalan.xsltc.compiler.IllegalCharException.txt,0
./DatabaseClean/xalan-2.5/org.apache.xml.dtm.ref.DTMNodeProxy.txt,1
./DatabaseClean/xalan-2.5/org.apache.xpath.operations.Mod.txt,0
./DatabaseClean/xalan-2.5/org.apache.xml.serializer.AttributesImplSerializer.txt,0
./DatabaseClean/xalan-2.5/org.apache.xpath.objects.XNodeSetForDOM.txt,0
./DatabaseClean/xalan-2.5/org.apache.xalan.xsltc.compiler.util.VoidType.txt,0
./DatabaseClean/xalan-2.5/org.apache.xpath.functions.FuncNumber.txt,1
./DatabaseClean/xalan-2.5/org.apache.xpath.patterns.UnionPattern.txt,1
./DatabaseClean/xalan-2.5/org.apache.xalan.xsltc.compiler.FilterExpr.txt,1
./DatabaseClean/xalan-2.5/org.apache.xpath.operations.Operation.txt,0
./DatabaseClean/xalan-2.5/org.apache.xpath.objects.XString.txt,1
./DatabaseClean/xalan-2.5/org.apache.xalan.xsltc.StripFilter.txt,0
./DatabaseClean/xalan-2.5/org.apache.xalan.serialize.Serializer.txt,0
./DatabaseClean/xalan-2.5/org.apache.xalan.xsltc.trax.TrAXFilter.txt,0
./DatabaseClean/xalan-2.5/org.apache.xml.serializer.SerializerFactory.txt,1
./DatabaseClean/xalan-2.5/org.apache.xalan.xsltc.runtime.StringValueHandler.txt,0
./DatabaseClean/xalan-2.5/org.apache.xpath.axes.FilterExprIteratorSimple.txt,0
./DatabaseClean/xalan-2.5/org.apache.xml.serializer.Serializer.txt,0
./DatabaseClean/xalan-2.5/org.apache.xpath.objects.XStringForFSB.txt,0
./DatabaseClean/xalan-2.5/org.apache.xml.utils.synthetic.JavaUtils.txt,1
./DatabaseClean/xalan-2.5/org.apache.xalan.Version.txt,1
./DatabaseClean/xalan-2.5/org.apache.xpath.objects.XMLStringFactoryImpl.txt,1
./DatabaseClean/xalan-2.5/org.apache.xpath.operations.VariableSafeAbsRef.txt,0
./DatabaseClean/xalan-2.5/org.apache.xalan.templates.ElemAttributeSet.txt,1
./DatabaseClean/xalan-2.5/org.apache.xml.utils.PrefixResolver.txt,1
./DatabaseClean/xalan-2.5/org.apache.xalan.transformer.CountersTable.txt,1
./DatabaseClean/xalan-2.5/org.apache.xalan.xsltc.compiler.CallTemplate.txt,1
./DatabaseClean/xalan-2.5/org.apache.xalan.xsltc.NodeIterator.txt,0
./DatabaseClean/xalan-2.5/org.apache.xalan.xsltc.compiler.NameBase.txt,0
./DatabaseClean/xalan-2.5/org.apache.xalan.xsltc.compiler.util.BooleanType.txt,0
./DatabaseClean/xalan-2.5/org.apache.xalan.xsltc.runtime.output.TransletOutputHandlerFactory.txt,0
./DatabaseClean/xalan-2.5/org.apache.xml.utils.synthetic.TestDriver.txt,1
./DatabaseClean/xalan-2.5/org.apache.xalan.templates.ElemExtensionCall.txt,1
./DatabaseClean/xalan-2.5/org.apache.xml.utils.res.XResources_zh_TW.txt,1
./DatabaseClean/xalan-2.5/org.apache.xalan.xsltc.compiler.ProcessingInstruction.txt,1
./DatabaseClean/xalan-2.5/org.apache.xml.utils.StringToIntTable.txt,1
./DatabaseClean/xalan-2.5/org.apache.xpath.operations.Equals.txt,0
./DatabaseClean/xalan-2.5/org.apache.xalan.xsltc.compiler.LastCall.txt,0
./DatabaseClean/xalan-2.5/org.apache.xml.dtm.ref.CoroutineManager.txt,1
./DatabaseClean/xalan-2.5/org.apache.xpath.functions.FuncStringLength.txt,1
./DatabaseClean/xalan-2.5/org.apache.xalan.xsltc.dom.NodeSortRecord.txt,1
./DatabaseClean/xalan-2.5/org.apache.xml.utils.IntVector.txt,1
./DatabaseClean/xalan-2.5/org.apache.xalan.lib.ExsltMath.txt,1
./DatabaseClean/xalan-2.5/org.apache.xalan.xsltc.compiler.util.ErrorMessages.txt,1
./DatabaseClean/xalan-2.5/org.apache.xalan.xsltc.compiler.KeyCall.txt,0
./DatabaseClean/xalan-2.5/org.apache.xpath.objects.XObject.txt,1
./DatabaseClean/xalan-2.5/org.apache.xml.dtm.ref.DTMStringPool.txt,0
./DatabaseClean/xalan-2.5/org.apache.xpath.functions.FuncNot.txt,1
./DatabaseClean/xalan-2.5/org.apache.xalan.templates.XMLNSDecl.txt,0
./DatabaseClean/xalan-2.5/org.apache.xalan.xsltc.cmdline.Compile.txt,0
./DatabaseClean/xalan-2.5/org.apache.xalan.transformer.XSLInfiniteLoopException.txt,1
./DatabaseClean/xalan-2.5/org.apache.xml.utils.CharKey.txt,1
./DatabaseClean/xalan-2.5/org.apache.xalan.xsltc.compiler.util.Type.txt,0
./DatabaseClean/xalan-2.5/org.apache.xml.utils.DOMBuilder.txt,1
./DatabaseClean/xalan-2.5/org.apache.xalan.xsltc.compiler.util.TestGenerator.txt,0
./DatabaseClean/xalan-2.5/org.apache.xml.utils.WrongParserException.txt,1
./DatabaseClean/xalan-2.5/org.apache.xalan.xsltc.compiler.AbsolutePathPattern.txt,0
./DatabaseClean/xalan-2.5/org.apache.xml.serializer.DOMSerializer.txt,0
./DatabaseClean/xalan-2.5/org.apache.xalan.xsltc.compiler.Number.txt,1
./DatabaseClean/xalan-2.5/org.apache.xalan.templates.StylesheetRoot.txt,1
./DatabaseClean/xalan-2.5/org.apache.xalan.xsltc.trax.SmartTransformerFactoryImpl.txt,0
./DatabaseClean/xalan-2.5/org.apache.xml.utils.ThreadControllerWrapper.txt,0
./DatabaseClean/xalan-2.5/org.apache.xml.res.XMLErrorResources_zh_CN.txt,0
./DatabaseClean/xalan-2.5/org.apache.xpath.axes.ContextNodeList.txt,1
./DatabaseClean/xalan-2.5/org.apache.xalan.xsltc.compiler.util.NodeSortRecordGenerator.txt,0
./DatabaseClean/xalan-2.5/org.apache.xalan.xsltc.compiler.CurrentCall.txt,0
./DatabaseClean/xalan-2.5/org.apache.xalan.xsltc.compiler.CeilingCall.txt,0
./DatabaseClean/xalan-2.5/org.apache.xalan.xsltc.compiler.When.txt,0
./DatabaseClean/xalan-2.5/org.apache.xml.utils.ObjectStack.txt,1
./DatabaseClean/xalan-2.5/org.apache.xpath.functions.FuncTrue.txt,1
./DatabaseClean/xalan-2.5/org.apache.xalan.templates.ElemForEach.txt,1
./DatabaseClean/xalan-2.5/org.apache.xalan.extensions.ExtensionHandlerJavaClass.txt,1
./DatabaseClean/xalan-2.5/org.apache.xml.dtm.DTM.txt,1
./DatabaseClean/xalan-2.5/org.apache.xalan.xsltc.cmdline.getopt.IllegalArgumentException.txt,0
./DatabaseClean/xalan-2.5/org.apache.xalan.xsltc.dom.KeyIndex.txt,0
./DatabaseClean/xalan-2.5/org.apache.xalan.templates.ElemCopy.txt,1
./DatabaseClean/xalan-2.5/org.apache.xalan.xsltc.dom.StepIterator.txt,0
./DatabaseClean/xalan-2.5/org.apache.xalan.xsltc.compiler.StepPattern.txt,1
./DatabaseClean/xalan-2.5/org.apache.xpath.domapi.XPathEvaluatorImpl.txt,1
./DatabaseClean/xalan-2.5/org.apache.xalan.transformer.NodeSortKey.txt,1
./DatabaseClean/xalan-2.5/org.apache.xpath.axes.PathComponent.txt,0
./DatabaseClean/xalan-2.5/org.apache.xalan.lib.ExsltSets.txt,1
./DatabaseClean/xalan-2.5/org.apache.xalan.xsltc.trax.OutputSettings.txt,0
./DatabaseClean/xalan-2.5/org.apache.xml.utils.ListingErrorHandler.txt,1
./DatabaseClean/xalan-2.5/org.apache.xml.dtm.DTMException.txt,0
./DatabaseClean/xalan-2.5/org.apache.xalan.extensions.ExtensionsTable.txt,1
./DatabaseClean/xalan-2.5/org.apache.xml.utils.StringToStringTable.txt,1
./DatabaseClean/xalan-2.5/org.apache.xalan.xsltc.compiler.UnparsedEntityUriCall.txt,0
./DatabaseClean/xalan-2.5/org.apache.xalan.xsltc.dom.AnyNodeCounter.txt,0
./DatabaseClean/xalan-2.5/org.apache.xpath.WhitespaceStrippingElementMatcher.txt,0
./DatabaseClean/xalan-2.5/org.apache.xalan.processor.TransformerFactoryImpl.txt,0
./DatabaseClean/xalan-2.5/org.apache.xalan.xsltc.compiler.DecimalFormatting.txt,1
./DatabaseClean/xalan-2.5/org.apache.xalan.xsltc.dom.AbsoluteIterator.txt,0
./DatabaseClean/xalan-2.5/org.apache.xalan.xsltc.compiler.NamespaceUriCall.txt,0
./DatabaseClean/xalan-2.5/org.apache.xalan.xsltc.compiler.ContainsCall.txt,0
./DatabaseClean/xalan-2.5/org.apache.xalan.xsltc.dom.CollatorFactoryBase.txt,0
./DatabaseClean/xalan-2.5/org.apache.xml.serializer.SerializerTrace.txt,0
./DatabaseClean/xalan-2.5/org.apache.xalan.processor.XSLTElementDef.txt,0
./DatabaseClean/xalan-2.5/org.apache.xalan.xsltc.compiler.Pattern.txt,0
./DatabaseClean/xalan-2.5/org.apache.xalan.xsltc.compiler.ArgumentList.txt,0
./DatabaseClean/xalan-2.5/org.apache.xalan.xpath.XNumber.txt,0
./DatabaseClean/xalan-2.5/org.apache.xalan.xsltc.compiler.StringCall.txt,0
./DatabaseClean/xalan-2.5/org.apache.xalan.extensions.MethodResolver.txt,0
./DatabaseClean/xalan-2.5/org.apache.xalan.xsltc.runtime.Node.txt,0
./DatabaseClean/xalan-2.5/org.apache.xml.utils.ObjectVector.txt,1
./DatabaseClean/xalan-2.5/org.apache.xpath.functions.FuncSubstring.txt,1
./DatabaseClean/xalan-2.5/org.apache.xalan.xsltc.compiler.util.NodeSortRecordFactGenerator.txt,0
./DatabaseClean/xalan-2.5/org.apache.xml.dtm.ref.DTMNodeList.txt,0
./DatabaseClean/xalan-2.5/org.apache.xml.serializer.XSLOutputAttributes.txt,0
./DatabaseClean/xalan-2.5/org.apache.xalan.processor.ProcessorOutputElem.txt,0
./DatabaseClean/xalan-2.5/org.apache.xalan.xsltc.compiler.UnionPathExpr.txt,0
./DatabaseClean/xalan-2.5/org.apache.xalan.xsltc.compiler.Attribute.txt,0
./DatabaseClean/xalan-2.5/org.apache.xml.utils.XMLString.txt,0
./DatabaseClean/xalan-2.5/org.apache.xml.utils.synthetic.reflection.Field.txt,1
./DatabaseClean/xalan-2.5/org.apache.xpath.functions.FuncLocalPart.txt,1
./DatabaseClean/xalan-2.5/org.apache.xpath.functions.FuncCount.txt,1
./DatabaseClean/xalan-2.5/org.apache.xalan.lib.ExsltDatetime.txt,1
./DatabaseClean/xalan-2.5/org.apache.xalan.templates.ElemTextLiteral.txt,1
./DatabaseClean/xalan-2.5/org.apache.xalan.xsltc.dom.MatchingIterator.txt,0
./DatabaseClean/xalan-2.5/org.apache.xalan.processor.ProcessorInclude.txt,0
./DatabaseClean/xalan-2.5/org.apache.xml.serializer.SerializerTraceWriter.txt,0
./DatabaseClean/xalan-2.5/org.apache.xalan.xsltc.dom.MultiDOM.txt,1
./DatabaseClean/xalan-2.5/org.apache.xalan.serialize.SerializerFactory.txt,0
./DatabaseClean/xalan-2.5/org.apache.xml.res.XMLErrorResources_de.txt,0
./DatabaseClean/xalan-2.5/org.apache.xalan.serialize.DOMSerializer.txt,0
./DatabaseClean/xalan-2.5/org.apache.xml.utils.RawCharacterHandler.txt,1
./DatabaseClean/xalan-2.5/org.apache.xalan.processor.ProcessorText.txt,0
./DatabaseClean/xalan-2.5/org.apache.xalan.transformer.DecimalToRoman.txt,1
./DatabaseClean/xalan-2.5/org.apache.xalan.xsltc.compiler.Comment.txt,0
./DatabaseClean/xalan-2.5/org.apache.xalan.xsltc.compiler.Fallback.txt,0
./DatabaseClean/xalan-2.5/org.apache.xalan.xsltc.compiler.PositionCall.txt,0
./DatabaseClean/xalan-2.5/org.apache.xalan.templates.ElemVariablePsuedo.txt,0
./DatabaseClean/xalan-2.5/org.apache.xalan.templates.XSLTVisitor.txt,0
./DatabaseClean/xalan-2.5/org.apache.xalan.xsltc.compiler.DocumentCall.txt,0
./DatabaseClean/xalan-2.5/org.apache.xalan.xsltc.dom.Axis.txt,0
./DatabaseClean/xalan-2.5/org.apache.xalan.templates.ElemWithParam.txt,1
./DatabaseClean/xalan-2.5/org.apache.xalan.xsltc.runtime.output.StringOutputBuffer.txt,0
./DatabaseClean/xalan-2.5/org.apache.xpath.functions.FuncString.txt,1
./DatabaseClean/xalan-2.5/org.apache.xalan.transformer.SerializerSwitcher.txt,0
./DatabaseClean/xalan-2.5/org.apache.xalan.lib.sql.ObjectArray.txt,1
./DatabaseClean/xalan-2.5/org.apache.xalan.xsltc.compiler.TopLevelElement.txt,0
./DatabaseClean/xalan-2.5/org.apache.xalan.xsltc.compiler.XslAttribute.txt,1
./DatabaseClean/xalan-2.5/org.apache.xml.dtm.ref.DTMDefaultBase.txt,1
./DatabaseClean/xalan-2.5/org.apache.xml.res.XMLErrorResources_zh_TW.txt,0
./DatabaseClean/xalan-2.5/org.apache.xalan.templates.FuncFormatNumb.txt,1
./DatabaseClean/xalan-2.5/org.apache.xpath.functions.FuncExtFunctionAvailable.txt,1
./DatabaseClean/xalan-2.5/org.apache.xalan.xsltc.compiler.ApplyImports.txt,0
./DatabaseClean/xalan-2.5/org.apache.xpath.functions.FunctionMultiArgs.txt,1
./DatabaseClean/xalan-2.5/org.apache.xml.dtm.Axis.txt,0
./DatabaseClean/xalan-2.5/org.apache.xpath.functions.FuncId.txt,1
./DatabaseClean/xalan-2.5/org.apache.xml.dtm.ref.sax2dtm.SAX2RTFDTM.txt,1
./DatabaseClean/xalan-2.5/org.apache.xalan.processor.XSLProcessorVersion.txt,1
./DatabaseClean/xalan-2.5/org.apache.xalan.templates.ElemSort.txt,1
./DatabaseClean/xalan-2.5/org.apache.xalan.templates.ElemExtensionDecl.txt,1
./DatabaseClean/xalan-2.5/org.apache.xalan.processor.ProcessorAttributeSet.txt,0
./DatabaseClean/xalan-2.5/org.apache.xalan.templates.WhiteSpaceInfo.txt,0
./DatabaseClean/xalan-2.5/org.apache.xalan.xsltc.cmdline.getopt.GetOpt.txt,0
./DatabaseClean/xalan-2.5/org.apache.xml.res.XMLErrorResources_it.txt,0
./DatabaseClean/xalan-2.5/org.apache.xml.res.XMLErrorResources_ja.txt,0
./DatabaseClean/xalan-2.5/org.apache.xml.utils.XMLChar.txt,1
./DatabaseClean/xalan-2.5/org.apache.xalan.extensions.ExtensionHandlerGeneral.txt,1
./DatabaseClean/xalan-2.5/org.apache.xalan.templates.ElemExtensionScript.txt,1
./DatabaseClean/xalan-2.5/org.apache.xpath.axes.WalkingIterator.txt,1
./DatabaseClean/xalan-2.5/org.apache.xalan.xsltc.compiler.Template.txt,1
./DatabaseClean/xalan-2.5/org.apache.xml.utils.res.XResources_sv.txt,1
./DatabaseClean/xalan-2.5/org.apache.xalan.trace.SelectionEvent.txt,1
./DatabaseClean/xalan-2.5/org.apache.xpath.functions.FuncNamespace.txt,1
./DatabaseClean/xalan-2.5/org.apache.xml.serializer.TransformStateSetter.txt,0
./DatabaseClean/xalan-2.5/org.apache.xpath.compiler.FunctionTable.txt,0
./DatabaseClean/xalan-2.5/org.apache.xalan.processor.ProcessorGlobalVariableDecl.txt,0
./DatabaseClean/xalan-2.5/org.apache.xalan.xsltc.compiler.util.FilterGenerator.txt,0
./DatabaseClean/xalan-2.5/org.apache.xpath.axes.WalkerFactory.txt,1
./DatabaseClean/xalan-2.5/org.apache.xpath.axes.SubContextList.txt,1
./DatabaseClean/xalan-2.5/org.apache.xml.dtm.ref.DTMChildIterNodeList.txt,0
./DatabaseClean/xalan-2.5/org.apache.xpath.objects.XNodeSet.txt,1
./DatabaseClean/xalan-2.5/org.apache.xalan.templates.ElemNumber.txt,1
./DatabaseClean/xalan-2.5/org.apache.xpath.compiler.OpCodes.txt,1
./DatabaseClean/xalan-2.5/org.apache.xalan.xsltc.compiler.ApplyTemplates.txt,1
./DatabaseClean/xalan-2.5/org.apache.xml.dtm.ref.DTMSafeStringPool.txt,0
./DatabaseClean/xalan-2.5/org.apache.xpath.compiler.XPathParser.txt,1
./DatabaseClean/xalan-2.5/org.apache.xml.res.XMLErrorResources_fr.txt,0
./DatabaseClean/xalan-2.5/org.apache.xalan.xsltc.compiler.LogicalExpr.txt,0
./DatabaseClean/xalan-2.5/org.apache.xpath.functions.FunctionOneArg.txt,1
./DatabaseClean/xalan-2.5/org.apache.xalan.processor.ProcessorPreserveSpace.txt,0
./DatabaseClean/xalan-2.5/org.apache.xpath.operations.Plus.txt,0
./DatabaseClean/xalan-2.5/org.apache.xml.utils.XMLStringDefault.txt,0
./DatabaseClean/xalan-2.5/org.apache.xalan.transformer.TreeWalker2Result.txt,1
./DatabaseClean/xalan-2.5/org.apache.xalan.xsltc.compiler.IntExpr.txt,0
./DatabaseClean/xalan-2.5/org.apache.xalan.xsltc.dom.AdaptiveResultTreeImpl.txt,1
./DatabaseClean/xalan-2.5/org.apache.xml.utils.StringToStringTableVector.txt,1
./DatabaseClean/xalan-2.5/org.apache.xpath.compiler.Keywords.txt,1
./DatabaseClean/xalan-2.5/org.apache.xalan.xsltc.compiler.LocationPathPattern.txt,0
./DatabaseClean/xalan-2.5/org.apache.xalan.xsltc.trax.TemplatesHandlerImpl.txt,1
./DatabaseClean/xalan-2.5/org.apache.xalan.templates.ElemTemplate.txt,1
./DatabaseClean/xalan-2.5/org.apache.xml.utils.ObjectPool.txt,1
./DatabaseClean/xalan-2.5/org.apache.xalan.lib.NodeInfo.txt,0
./DatabaseClean/xalan-2.5/org.apache.xalan.xsltc.compiler.Expression.txt,1
./DatabaseClean/xalan-2.5/org.apache.xalan.xsltc.compiler.util.ResultTreeType.txt,0
./DatabaseClean/xalan-2.5/org.apache.xalan.xsltc.dom.SingleNodeCounter.txt,0
./DatabaseClean/xalan-2.5/org.apache.xalan.xsltc.compiler.IdKeyPattern.txt,0
./DatabaseClean/xalan-2.5/org.apache.xml.utils.res.XResources_ka.txt,1
./DatabaseClean/xalan-2.5/org.apache.xalan.templates.ElemAttribute.txt,1
./DatabaseClean/xalan-2.5/org.apache.xpath.axes.ReverseAxesWalker.txt,0
./DatabaseClean/xalan-2.5/org.apache.xalan.serialize.SerializerUtils.txt,1
./DatabaseClean/xalan-2.5/org.apache.xalan.xsltc.compiler.FormatNumberCall.txt,0
./DatabaseClean/xalan-2.5/org.apache.xalan.xsltc.compiler.RelationalExpr.txt,0
./DatabaseClean/xalan-2.5/org.apache.xalan.xsltc.DOM.txt,0
./DatabaseClean/xalan-2.5/org.apache.xml.serializer.ToTextStream.txt,1
./DatabaseClean/xalan-2.5/org.apache.xpath.axes.NodeSequence.txt,0
./DatabaseClean/xalan-2.5/org.apache.xalan.xsltc.compiler.util.StringStack.txt,0
./DatabaseClean/xalan-2.5/org.apache.xalan.processor.ProcessorDecimalFormat.txt,1
./DatabaseClean/xalan-2.5/org.apache.xalan.xsltc.dom.SortingIterator.txt,0
./DatabaseClean/xalan-2.5/org.apache.xalan.xsltc.runtime.ErrorMessages_no.txt,0
./DatabaseClean/xalan-2.5/org.apache.xml.utils.res.XResources_el.txt,1
./DatabaseClean/xalan-2.5/org.apache.xml.dtm.DTMDOMException.txt,1
./DatabaseClean/xalan-2.5/org.apache.xml.utils.res.XResources_es.txt,1
./DatabaseClean/xalan-2.5/org.apache.xpath.operations.Gt.txt,0
./DatabaseClean/xalan-2.5/org.apache.xalan.xsltc.compiler.util.NodeType.txt,0
./DatabaseClean/xalan-2.5/org.apache.xpath.objects.XStringForChars.txt,0
./DatabaseClean/xalan-2.5/org.apache.xpath.axes.WalkingIteratorSorted.txt,1
./DatabaseClean/xalan-2.5/org.apache.xalan.templates.NamespaceAlias.txt,0
./DatabaseClean/xalan-2.5/org.apache.xml.utils.res.XResources_fr.txt,1
./DatabaseClean/xalan-2.5/org.apache.xalan.xsltc.compiler.util.ErrorMsg.txt,1
./DatabaseClean/xalan-2.5/org.apache.xalan.transformer.TrAXFilter.txt,1
./DatabaseClean/xalan-2.5/org.apache.xml.res.XMLMessages.txt,1
./DatabaseClean/xalan-2.5/org.w3c.dom.xpath.XPathEvaluator.txt,0
./DatabaseClean/xalan-2.5/org.apache.xml.utils.NameSpace.txt,1
./DatabaseClean/xalan-2.5/org.apache.xpath.operations.Bool.txt,0
./DatabaseClean/xalan-2.5/org.apache.xalan.xsltc.compiler.ConcatCall.txt,0
./DatabaseClean/xalan-2.5/org.apache.xalan.xsltc.compiler.Whitespace.txt,0
./DatabaseClean/xalan-2.5/org.apache.xml.serializer.ToXMLStream.txt,1
./DatabaseClean/xalan-2.5/org.apache.xalan.trace.PrintTraceListener.txt,1
./DatabaseClean/xalan-2.5/org.apache.xalan.xsltc.compiler.VariableBase.txt,1
./DatabaseClean/xalan-2.5/org.apache.xalan.xsltc.compiler.Step.txt,1
./DatabaseClean/xalan-2.5/org.apache.xalan.xsltc.compiler.UnresolvedRef.txt,0
./DatabaseClean/xalan-2.5/org.apache.xpath.operations.Lt.txt,0
./DatabaseClean/xalan-2.5/org.apache.xpath.functions.FuncSubstringBefore.txt,1
./DatabaseClean/xalan-2.5/org.apache.xalan.templates.ElemEmpty.txt,1
./DatabaseClean/xalan-2.5/org.apache.xml.serializer.ElemDesc.txt,0
./DatabaseClean/xalan-2.5/org.apache.xpath.axes.BasicTestIterator.txt,0
./DatabaseClean/xalan-2.5/org.apache.xalan.xsltc.compiler.UnsupportedElement.txt,1
./DatabaseClean/xalan-2.5/org.apache.xalan.xsltc.compiler.Closure.txt,0
./DatabaseClean/xalan-2.5/org.apache.xalan.templates.ElemText.txt,1
./DatabaseClean/xalan-2.5/org.apache.xalan.xsltc.compiler.BooleanCall.txt,0
./DatabaseClean/xalan-2.5/org.apache.xpath.XPathProcessorException.txt,1
./DatabaseClean/xalan-2.5/org.apache.xalan.xsltc.dom.CurrentNodeListFilter.txt,0
./DatabaseClean/xalan-2.5/org.apache.xpath.operations.Minus.txt,0
./DatabaseClean/xalan-2.5/org.apache.xalan.xsltc.compiler.util.MatchGenerator.txt,0
./DatabaseClean/xalan-2.5/org.apache.xpath.compiler.OpMap.txt,0
./DatabaseClean/xalan-2.5/org.apache.xml.dtm.SecuritySupport12.txt,0
./DatabaseClean/xalan-2.5/org.apache.xml.utils.res.XResources_de.txt,1
./DatabaseClean/xalan-2.5/org.apache.xml.utils.res.XResources_cy.txt,1
./DatabaseClean/xalan-2.5/org.apache.xalan.templates.ElemCopyOf.txt,1
./DatabaseClean/xalan-2.5/org.apache.xalan.xsltc.compiler.UseAttributeSets.txt,1
./DatabaseClean/xalan-2.5/org.apache.xpath.functions.Function2Args.txt,1
./DatabaseClean/xalan-2.5/org.apache.xpath.objects.XBoolean.txt,1
./DatabaseClean/xalan-2.5/org.apache.xpath.axes.UnionPathIterator.txt,1
./DatabaseClean/xalan-2.5/org.apache.xalan.xsltc.compiler.TestSeq.txt,0
./DatabaseClean/xalan-2.5/org.apache.xml.dtm.ref.ExpandedNameTable.txt,1
./DatabaseClean/xalan-2.5/org.apache.xml.serializer.WriterToUTF8.txt,0
./DatabaseClean/xalan-2.5/org.apache.xpath.operations.Quo.txt,0
./DatabaseClean/xalan-2.5/org.apache.xpath.FoundIndex.txt,1
./DatabaseClean/xalan-2.5/org.apache.xpath.axes.FilterExprWalker.txt,0
./DatabaseClean/xalan-2.5/org.apache.xalan.xsltc.compiler.Include.txt,1
./DatabaseClean/xalan-2.5/org.apache.xalan.processor.StylesheetHandler.txt,1
./DatabaseClean/xalan-2.5/org.apache.xalan.xsltc.dom.DocumentCache.txt,1
./DatabaseClean/xalan-2.5/org.apache.xml.dtm.DTMAxisIterator.txt,0
./DatabaseClean/xalan-2.5/org.apache.xalan.lib.sql.QueryParameter.txt,1
./DatabaseClean/xalan-2.5/org.apache.xalan.xsltc.compiler.If.txt,0
./DatabaseClean/xalan-2.5/org.apache.xalan.processor.WhitespaceInfoPaths.txt,0
./DatabaseClean/xalan-2.5/org.apache.xalan.xsltc.compiler.util.IntType.txt,0
./DatabaseClean/xalan-2.5/org.apache.xalan.xsltc.compiler.util.NodeSetType.txt,0
./DatabaseClean/xalan-2.5/org.apache.xml.utils.res.XResources_ja_JP_A.txt,1
./DatabaseClean/xalan-2.5/org.apache.xml.utils.res.XResources_hy.txt,1
./DatabaseClean/xalan-2.5/org.apache.xalan.templates.ElemValueOf.txt,1
./DatabaseClean/xalan-2.5/org.apache.xalan.xsltc.runtime.Parameter.txt,0
./DatabaseClean/xalan-2.5/org.apache.xalan.xsltc.compiler.FlowList.txt,0
./DatabaseClean/xalan-2.5/org.apache.xpath.axes.UnionChildIterator.txt,1
./DatabaseClean/xalan-2.5/org.apache.xpath.functions.FuncExtFunction.txt,1
./DatabaseClean/xalan-2.5/org.apache.xalan.xsltc.dom.DOMWSFilter.txt,0
./DatabaseClean/xalan-2.5/org.apache.xpath.functions.FuncNormalizeSpace.txt,1
./DatabaseClean/xalan-2.5/org.apache.xalan.xsltc.compiler.FloorCall.txt,0
./DatabaseClean/xalan-2.5/org.apache.xalan.templates.KeyDeclaration.txt,1
./DatabaseClean/xalan-2.5/org.apache.xml.utils.res.XResources_zh_CN.txt,1
./DatabaseClean/xalan-2.5/org.apache.xpath.operations.And.txt,0
./DatabaseClean/xalan-2.5/org.apache.xalan.templates.ElemApplyImport.txt,1
./DatabaseClean/xalan-2.5/org.apache.xpath.XPathContext.txt,1
./DatabaseClean/xalan-2.5/org.apache.xalan.lib.sql.ConnectionPoolManager.txt,1
./DatabaseClean/xalan-2.5/org.apache.xalan.xsltc.dom.ExtendedSAX.txt,0
./DatabaseClean/xalan-2.5/org.apache.xalan.processor.XSLTSchema.txt,1
./DatabaseClean/xalan-2.5/org.apache.xalan.xsltc.compiler.util.ErrorMessages_no.txt,0
./DatabaseClean/xalan-2.5/org.apache.xalan.xsltc.compiler.AncestorPattern.txt,0
./DatabaseClean/xalan-2.5/org.apache.xpath.patterns.ContextMatchStepPattern.txt,0
./DatabaseClean/xalan-2.5/org.apache.xalan.xsltc.compiler.util.TypeCheckError.txt,0
./DatabaseClean/xalan-2.5/org.apache.xalan.xsltc.compiler.NameCall.txt,0
./DatabaseClean/xalan-2.5/org.apache.xalan.xsltc.dom.NodeSortRecordFactory.txt,1
./DatabaseClean/xalan-2.5/org.apache.xpath.objects.XRTreeFrag.txt,1
./DatabaseClean/xalan-2.5/org.apache.xalan.xsltc.dom.CurrentNodeListIterator.txt,0
./DatabaseClean/xalan-2.5/org.apache.xpath.functions.FuncUnparsedEntityURI.txt,1
./DatabaseClean/xalan-2.5/org.apache.xalan.templates.ElemApplyTemplates.txt,1
./DatabaseClean/xalan-2.5/org.apache.xalan.xsltc.dom.UnionIterator.txt,1
./DatabaseClean/xalan-2.5/org.apache.xalan.xsltc.compiler.EqualityExpr.txt,0
./DatabaseClean/xalan-2.5/org.apache.xalan.xsltc.compiler.ParentPattern.txt,0
./DatabaseClean/xalan-2.5/org.apache.xalan.xsltc.compiler.util.StringType.txt,0
./DatabaseClean/xalan-2.5/org.apache.xml.utils.synthetic.reflection.Member.txt,1
./DatabaseClean/xalan-2.5/org.apache.xalan.xsltc.runtime.MessageHandler.txt,0
./DatabaseClean/xalan-2.5/org.apache.xalan.lib.sql.PooledConnection.txt,1
./DatabaseClean/xalan-2.5/org.apache.xalan.trace.EndSelectionEvent.txt,1
./DatabaseClean/xalan-2.5/org.apache.xalan.xsltc.compiler.util.ReferenceType.txt,0
./DatabaseClean/xalan-2.5/org.apache.xalan.xsltc.cmdline.Transform.txt,0
./DatabaseClean/xalan-2.5/org.apache.xalan.templates.VarNameCollector.txt,0
./DatabaseClean/xalan-2.5/org.apache.xml.utils.MutableAttrListImpl.txt,1
./DatabaseClean/xalan-2.5/org.apache.xalan.xsltc.compiler.StartsWithCall.txt,0
./DatabaseClean/xalan-2.5/org.apache.xalan.xsltc.compiler.AttributeSet.txt,1
./DatabaseClean/xalan-2.5/org.apache.xalan.extensions.ExpressionVisitor.txt,1
./DatabaseClean/xalan-2.5/org.apache.xalan.xsltc.compiler.CompilerException.txt,0
./DatabaseClean/xalan-2.5/org.apache.xalan.xsltc.compiler.Choose.txt,0
./DatabaseClean/xalan-2.5/org.apache.xalan.transformer.TransformState.txt,0
./DatabaseClean/xalan-2.5/org.apache.xalan.xsltc.compiler.ProcessingInstructionPattern.txt,0
./DatabaseClean/xalan-2.5/org.apache.xpath.operations.NotEquals.txt,0
./DatabaseClean/xalan-2.5/org.apache.xalan.extensions.XSLProcessorContext.txt,1
./DatabaseClean/xalan-2.5/org.apache.xpath.XPathVisitor.txt,0
./DatabaseClean/xalan-2.5/org.apache.xalan.xsltc.compiler.LocalNameCall.txt,0
./DatabaseClean/xalan-2.5/org.apache.xalan.xsltc.cmdline.getopt.GetOptsException.txt,0
./DatabaseClean/xalan-2.5/org.apache.xalan.xsltc.dom.NodeCounter.txt,0
./DatabaseClean/xalan-2.5/org.apache.xpath.functions.FuncExtElementAvailable.txt,1
./DatabaseClean/xalan-2.5/org.apache.xml.dtm.FactoryFinder.txt,0
./DatabaseClean/xalan-2.5/org.apache.xml.dtm.DTMAxisTraverser.txt,0
./DatabaseClean/xalan-2.5/org.apache.xpath.axes.AttributeIterator.txt,1
./DatabaseClean/xalan-2.5/org.apache.xalan.xsltc.compiler.CopyOf.txt,0
./DatabaseClean/xalan-2.5/org.apache.xalan.xsltc.compiler.Output.txt,1
./DatabaseClean/xalan-2.5/org.apache.xpath.SourceTree.txt,1
./DatabaseClean/xalan-2.5/org.apache.xalan.xsltc.compiler.util.CompareGenerator.txt,0
./DatabaseClean/xalan-2.5/org.apache.xpath.axes.ChildIterator.txt,1
./DatabaseClean/xalan-2.5/org.apache.xml.utils.Trie.txt,1
./DatabaseClean/xalan-2.5/org.apache.xpath.Arg.txt,1
./DatabaseClean/xalan-2.5/org.apache.xalan.xsltc.compiler.RealExpr.txt,0
./DatabaseClean/xalan-2.5/org.apache.xalan.trace.GenerateEvent.txt,1
./DatabaseClean/xalan-2.5/org.apache.xml.dtm.ref.DTMNamedNodeMap.txt,1
./DatabaseClean/xalan-2.5/org.apache.xml.serializer.SerializerBase.txt,1
./DatabaseClean/xalan-2.5/org.apache.xalan.xsltc.cmdline.getopt.MissingOptArgException.txt,0
./DatabaseClean/xalan-2.5/org.apache.xml.serializer.OutputPropertiesFactory.txt,0
./DatabaseClean/xalan-2.5/org.apache.xalan.xpath.XString.txt,0
./DatabaseClean/xalan-2.5/org.apache.xpath.axes.SelfIteratorNoPredicate.txt,1
./DatabaseClean/xalan-2.5/org.apache.xalan.xsltc.trax.SAX2DOM.txt,0
./DatabaseClean/xalan-2.5/org.apache.xalan.xsltc.compiler.util.MethodGenerator.txt,1
./DatabaseClean/xalan-2.5/org.apache.xml.serializer.SerializationHandler.txt,0
./DatabaseClean/xalan-2.5/org.apache.xpath.functions.FuncBoolean.txt,1
./DatabaseClean/xalan-2.5/org.apache.xpath.patterns.NodeTestFilter.txt,0
./DatabaseClean/xalan-2.5/org.apache.xalan.xsltc.compiler.LangCall.txt,0
./DatabaseClean/xalan-2.5/org.apache.xalan.xsltc.dom.FilterIterator.txt,0
./DatabaseClean/xalan-2.5/org.apache.xalan.xsltc.compiler.RelativePathPattern.txt,0
./DatabaseClean/xalan-2.5/org.apache.xpath.axes.AxesWalker.txt,0
./DatabaseClean/xalan-2.5/org.apache.xalan.xsltc.compiler.SimpleAttributeValue.txt,0
./DatabaseClean/xalan-2.5/org.apache.xalan.xsltc.compiler.VariableRef.txt,1
./DatabaseClean/xalan-2.5/org.apache.xalan.xsltc.compiler.Message.txt,0
./DatabaseClean/xalan-2.5/org.apache.xpath.compiler.PsuedoNames.txt,0
./DatabaseClean/xalan-2.5/org.apache.xalan.transformer.TransformerHandlerImpl.txt,0
./DatabaseClean/xalan-2.5/org.apache.xalan.templates.AVT.txt,1
./DatabaseClean/xalan-2.5/org.apache.xpath.functions.FuncFalse.txt,1
./DatabaseClean/xalan-2.5/org.apache.xalan.xsltc.compiler.LiteralElement.txt,1
./DatabaseClean/xalan-2.5/org.apache.xpath.NodeSetDTM.txt,1
./DatabaseClean/xalan-2.5/org.apache.xpath.compiler.Lexer.txt,0
./DatabaseClean/xalan-2.5/org.apache.xalan.templates.ElemExsltFunction.txt,1
./DatabaseClean/xalan-2.5/org.apache.xml.utils.XMLStringFactoryDefault.txt,0
./DatabaseClean/xalan-2.5/org.apache.xml.dtm.ref.CoroutineParser.txt,0
./DatabaseClean/xalan-2.5/org.apache.xpath.compiler.XPathDumper.txt,0
./DatabaseClean/xalan-2.5/org.apache.xalan.processor.ProcessorUnknown.txt,1
./DatabaseClean/xalan-2.5/org.apache.xml.dtm.ref.ChunkedIntArray.txt,0
./DatabaseClean/xalan-2.5/org.apache.xml.utils.ElemDesc.txt,1
./DatabaseClean/xalan-2.5/org.apache.xalan.xpath.XObject.txt,0
./DatabaseClean/xalan-2.5/org.apache.xalan.xsltc.Translet.txt,0
./DatabaseClean/xalan-2.5/org.apache.xalan.xsltc.compiler.util.ObjectType.txt,0
./DatabaseClean/xalan-2.5/org.apache.xalan.xsltc.compiler.BinOpExpr.txt,0
./DatabaseClean/xalan-2.5/org.apache.xpath.functions.Function.txt,1
./DatabaseClean/xalan-2.5/org.apache.xalan.extensions.ExtensionHandlerJavaPackage.txt,1
./DatabaseClean/xalan-2.5/org.apache.xml.utils.XMLStringFactory.txt,0
./DatabaseClean/xalan-2.5/org.apache.xalan.templates.ElemComment.txt,1
./DatabaseClean/xalan-2.5/org.apache.xpath.axes.MatchPatternIterator.txt,0
./DatabaseClean/xalan-2.5/org.apache.xml.utils.synthetic.reflection.Method.txt,1
./DatabaseClean/xalan-2.5/org.apache.xalan.templates.RedundentExprEliminator.txt,0
./DatabaseClean/xalan-2.5/org.apache.xml.utils.TreeWalker.txt,1
./DatabaseClean/xalan-2.5/org.apache.xalan.lib.sql.SQLErrorDocument.txt,0
./DatabaseClean/xalan-2.5/org.apache.xml.res.XMLErrorResources_sv.txt,0
./DatabaseClean/xalan-2.5/org.apache.xalan.processor.ProcessorStylesheetDoc.txt,1
./DatabaseClean/xalan-2.5/org.apache.xml.utils.IntStack.txt,1
./DatabaseClean/xalan-2.5/org.apache.xalan.lib.sql.ConnectionPool.txt,1
./DatabaseClean/xalan-2.5/org.apache.xpath.NodeSet.txt,1
./DatabaseClean/xalan-2.5/org.apache.xalan.xsltc.compiler.Parser.txt,1
./DatabaseClean/xalan-2.5/org.apache.xalan.xsltc.compiler.Mode.txt,0
./DatabaseClean/xalan-2.5/org.apache.xalan.templates.TemplateSubPatternAssociation.txt,0
./DatabaseClean/xalan-2.5/org.apache.xalan.templates.AVTPartXPath.txt,1
./DatabaseClean/xalan-2.5/org.apache.xpath.operations.UnaryOperation.txt,0
./DatabaseClean/xalan-2.5/org.apache.xalan.xslt.StylesheetRoot.txt,0
./DatabaseClean/xalan-2.5/org.apache.xalan.processor.ProcessorGlobalParamDecl.txt,0
./DatabaseClean/xalan-2.5/org.apache.xalan.xsltc.compiler.util.NamedMethodGenerator.txt,1
./DatabaseClean/xalan-2.5/org.apache.xpath.axes.DescendantIterator.txt,1
./DatabaseClean/xalan-2.5/org.apache.xalan.xpath.XBoolean.txt,0
./DatabaseClean/xalan-2.5/org.apache.xalan.processor.ProcessorTemplate.txt,0
./DatabaseClean/xalan-2.5/org.apache.xpath.functions.FuncSubstringAfter.txt,1
./DatabaseClean/xalan-2.5/org.apache.xalan.xsltc.compiler.IdPattern.txt,0
./DatabaseClean/xalan-2.5/org.apache.xalan.xsltc.compiler.AbsoluteLocationPath.txt,0
./DatabaseClean/xalan-2.5/org.apache.xalan.transformer.StackGuard.txt,0
./DatabaseClean/xalan-2.5/org.apache.xml.utils.DOMOrder.txt,0
./DatabaseClean/xalan-2.5/org.apache.xml.serializer.EncodingInfo.txt,0
./DatabaseClean/xalan-2.5/org.apache.xalan.xsltc.dom.EmptyFilter.txt,0
./DatabaseClean/xalan-2.5/org.apache.xpath.functions.FuncCeiling.txt,1
./DatabaseClean/xalan-2.5/org.apache.xalan.templates.AVTPart.txt,1
./DatabaseClean/xalan-2.5/org.apache.xalan.xsltc.runtime.Attributes.txt,0
./DatabaseClean/xalan-2.5/org.apache.xalan.transformer.NodeSorter.txt,1
./DatabaseClean/xalan-2.5/org.apache.xpath.domapi.XPathResultImpl.txt,1
./DatabaseClean/xalan-2.5/org.apache.xalan.templates.XUnresolvedVariableSimple.txt,0
./DatabaseClean/xalan-2.5/org.apache.xalan.xsltc.compiler.BooleanExpr.txt,0
./DatabaseClean/xalan-2.5/org.apache.xalan.templates.AbsPathChecker.txt,0
./DatabaseClean/xalan-2.5/org.apache.xalan.extensions.ExtensionHandlerJava.txt,1
./DatabaseClean/xalan-2.5/org.apache.xalan.xsltc.trax.Util.txt,1
./DatabaseClean/xalan-2.5/org.apache.xpath.axes.OneStepIteratorForward.txt,1
./DatabaseClean/xalan-2.5/org.apache.xpath.objects.XNull.txt,1
./DatabaseClean/xalan-2.5/org.apache.xalan.templates.ElemOtherwise.txt,1
./DatabaseClean/xalan-2.5/org.apache.xpath.domapi.XPathExpressionImpl.txt,1
./DatabaseClean/xalan-2.5/org.apache.xalan.trace.TraceListenerEx.txt,1
./DatabaseClean/xalan-2.5/org.apache.xpath.functions.FuncPosition.txt,1
./DatabaseClean/xalan-2.5/org.apache.xpath.res.XPATHErrorResources_en.txt,1
./DatabaseClean/xalan-2.5/org.apache.xalan.xsltc.runtime.output.OutputBuffer.txt,0
./DatabaseClean/xalan-2.5/org.apache.xalan.extensions.ExtensionHandler.txt,1
./DatabaseClean/xalan-2.5/org.apache.xml.dtm.ref.NodeLocator.txt,0
./DatabaseClean/xalan-2.5/org.apache.xml.dtm.DTMFilter.txt,0
./DatabaseClean/xalan-2.5/org.apache.xalan.extensions.ExtensionHandlerExsltFunction.txt,1
./DatabaseClean/xalan-2.5/org.apache.xalan.xsltc.compiler.NumberCall.txt,0
./DatabaseClean/xalan-2.5/org.apache.xalan.processor.ProcessorNamespaceAlias.txt,0
./DatabaseClean/xalan-2.5/org.apache.xalan.xsltc.compiler.util.MultiHashtable.txt,0
./DatabaseClean/xalan-2.5/org.apache.xalan.templates.FuncDocument.txt,1
./DatabaseClean/xalan-2.5/org.apache.xpath.functions.FuncRound.txt,1
./DatabaseClean/xalan-2.5/org.apache.xalan.xsltc.runtime.Operators.txt,0
./DatabaseClean/xalan-2.5/org.apache.xalan.trace.TraceListenerEx2.txt,1
./DatabaseClean/xalan-2.5/org.apache.xalan.xsltc.compiler.Copy.txt,1
./DatabaseClean/xalan-2.5/org.apache.xalan.xsltc.compiler.util.RtMethodGenerator.txt,0
./DatabaseClean/xalan-2.5/org.apache.xalan.xsltc.dom.StripWhitespaceFilter.txt,0
./DatabaseClean/xalan-2.5/org.apache.xalan.xsltc.compiler.UnaryOpExpr.txt,0
./DatabaseClean/xalan-2.5/org.apache.xalan.xsltc.runtime.TransletLoader.txt,0
./DatabaseClean/xalan-2.5/org.apache.xpath.ExpressionOwner.txt,0
./DatabaseClean/xalan-2.5/org.apache.xalan.extensions.ExpressionContext.txt,0
./DatabaseClean/xalan-2.5/org.apache.xalan.templates.ElemWhen.txt,1
./DatabaseClean/xalan-2.5/org.apache.xalan.xsltc.dom.NodeIteratorBase.txt,0
./DatabaseClean/xalan-2.5/org.apache.xpath.XPath.txt,1
./DatabaseClean/xalan-2.5/org.apache.xalan.transformer.MsgMgr.txt,1
./DatabaseClean/xalan-2.5/org.apache.xalan.transformer.NumeratorFormatter.txt,1
./DatabaseClean/xalan-2.5/org.apache.xalan.xslt.XSLProcessorContext.txt,0
./DatabaseClean/xalan-2.5/org.apache.xalan.templates.FuncKey.txt,1
./DatabaseClean/xalan-2.5/org.apache.xml.serializer.WriterToUTF8Buffered.txt,1
./DatabaseClean/xalan-2.5/org.apache.xalan.xsltc.compiler.Instruction.txt,0
./DatabaseClean/xalan-2.5/org.w3c.dom.xpath.XPathNSResolver.txt,0
./DatabaseClean/xalan-2.5/org.apache.xalan.xslt.StylesheetHandler.txt,0
./DatabaseClean/xalan-2.5/org.apache.xml.serializer.ExtendedLexicalHandler.txt,0
./DatabaseClean/xalan-2.5/org.w3c.dom.xpath.XPathNamespace.txt,0
./DatabaseClean/xalan-2.5/org.apache.xalan.xsltc.compiler.LiteralAttribute.txt,0
./DatabaseClean/xalan-2.5/org.apache.xalan.xpath.XRTreeFrag.txt,0
./DatabaseClean/xalan-2.5/org.apache.xalan.xsltc.compiler.AlternativePattern.txt,0
./DatabaseClean/xalan-2.5/org.apache.xalan.lib.ExsltBase.txt,0
./DatabaseClean/xalan-2.5/org.apache.xalan.transformer.KeyManager.txt,0
./DatabaseClean/xalan-2.5/org.apache.xalan.xsltc.compiler.Param.txt,1
./DatabaseClean/xalan-2.5/org.apache.xml.utils.NodeConsumer.txt,0
./DatabaseClean/xalan-2.5/org.apache.xalan.xsltc.compiler.Otherwise.txt,0
./DatabaseClean/xalan-2.5/org.apache.xpath.XPathVisitable.txt,0
./DatabaseClean/xalan-2.5/org.apache.xalan.transformer.KeyIterator.txt,1
./DatabaseClean/xalan-2.5/org.apache.xpath.operations.Neg.txt,0
./DatabaseClean/xalan-2.5/org.apache.xml.dtm.ref.DTMNodeIterator.txt,0
./DatabaseClean/xalan-2.5/org.apache.xpath.functions.FuncFloor.txt,1
./DatabaseClean/xalan-2.5/org.apache.xalan.lib.ExsltCommon.txt,1
./DatabaseClean/xalan-2.5/org.apache.xalan.xsltc.compiler.ParentLocationPath.txt,0
./DatabaseClean/xalan-2.5/org.apache.xpath.VariableStack.txt,1
./DatabaseClean/xalan-2.5/org.apache.xpath.axes.OneStepIterator.txt,1
./DatabaseClean/xalan-2.5/org.apache.xml.serializer.Encodings.txt,0
./DatabaseClean/xalan-2.5/org.apache.xalan.xsltc.trax.TransformerHandlerImpl.txt,0
./DatabaseClean/xalan-2.5/org.apache.xml.serializer.Method.txt,0
./DatabaseClean/xalan-2.5/org.apache.xalan.templates.ElemVariable.txt,1
./DatabaseClean/xalan-2.5/org.apache.xml.serializer.ExtendedContentHandler.txt,0
./DatabaseClean/xalan-2.5/org.apache.xalan.xsltc.runtime.ErrorMessages.txt,1
./DatabaseClean/xalan-2.5/org.apache.xml.utils.res.XResources_ja_JP_HA.txt,1
./DatabaseClean/xalan-2.5/org.apache.xalan.templates.ElemUnknown.txt,1
./DatabaseClean/xalan-2.5/org.apache.xml.utils.res.XResources_ja_JP_HI.txt,1
./DatabaseClean/xalan-2.5/org.apache.xpath.XPathAPI.txt,0
./DatabaseClean/xalan-2.5/org.apache.xalan.xsltc.compiler.SymbolTable.txt,0
./DatabaseClean/xalan-2.5/org.apache.xpath.compiler.FuncLoader.txt,1
./DatabaseClean/xalan-2.5/org.apache.xalan.res.XSLMessages.txt,1
./DatabaseClean/xalan-2.5/org.apache.xalan.xsltc.compiler.GenerateIdCall.txt,0
./DatabaseClean/xalan-2.5/org.apache.xalan.trace.TracerEvent.txt,1
./DatabaseClean/xalan-2.5/org.apache.xpath.operations.Div.txt,0
./DatabaseClean/xalan-2.5/org.apache.xalan.xsltc.compiler.Sort.txt,1
./DatabaseClean/xalan-2.5/org.apache.xalan.templates.ElemElement.txt,1
./DatabaseClean/xalan-2.5/org.apache.xpath.axes.HasPositionalPredChecker.txt,0
./DatabaseClean/xalan-2.5/org.apache.xalan.xsltc.compiler.util.NodeCounterGenerator.txt,0
./DatabaseClean/xalan-2.5/org.apache.xpath.functions.WrongNumberArgsException.txt,1
./DatabaseClean/xalan-2.5/org.apache.xalan.xsltc.dom.DOMBuilder.txt,0
./DatabaseClean/xalan-2.5/org.apache.xalan.processor.ProcessorLRE.txt,1
./DatabaseClean/xalan-2.5/org.apache.xpath.axes.FilterExprIterator.txt,0
./DatabaseClean/xalan-2.5/org.apache.xpath.res.XPATHMessages.txt,1
./DatabaseClean/xalan-2.5/org.apache.xpath.Expression.txt,1
