file_path,label
./DatabaseClean/xerces-1.4/org.apache.xerces.impl.dv.xs.DateTimeDatatypeValidator.txt,1
./DatabaseClean/xerces-1.4/org.apache.html.dom.HTMLOptGroupElementImpl.txt,1
./DatabaseClean/xerces-1.4/org.apache.wml.WMLPElement.txt,1
./DatabaseClean/xerces-1.4/org.w3c.dom.html.HTMLTitleElement.txt,0
./DatabaseClean/xerces-1.4/org.w3c.dom.html.HTMLLegendElement.txt,0
./DatabaseClean/xerces-1.4/org.apache.xerces.impl.xs.identity.XPathMatcher.txt,1
./DatabaseClean/xerces-1.4/org.w3c.dom.events.EventListener.txt,0
./DatabaseClean/xerces-1.4/org.apache.html.dom.HTMLModElementImpl.txt,1
./DatabaseClean/xerces-1.4/org.apache.xerces.dom.CoreDOMImplementationImpl.txt,1
./DatabaseClean/xerces-1.4/org.apache.wml.WMLBigElement.txt,1
./DatabaseClean/xerces-1.4/org.apache.wml.dom.WMLTrElementImpl.txt,1
./DatabaseClean/xerces-1.4/org.apache.html.dom.HTMLHtmlElementImpl.txt,1
./DatabaseClean/xerces-1.4/org.xml.sax.ext.LexicalHandler.txt,0
./DatabaseClean/xerces-1.4/org.w3c.dom.traversal.NodeIterator.txt,0
./DatabaseClean/xerces-1.4/org.apache.xerces.dom.EntityImpl.txt,1
./DatabaseClean/xerces-1.4/org.w3c.dom.events.EventException.txt,0
./DatabaseClean/xerces-1.4/org.apache.xerces.dom.DeferredEntityReferenceImpl.txt,1
./DatabaseClean/xerces-1.4/org.w3c.dom.html.HTMLParagraphElement.txt,0
./DatabaseClean/xerces-1.4/org.apache.wml.WMLMetaElement.txt,1
./DatabaseClean/xerces-1.4/org.apache.xerces.dom.AttrImpl.txt,1
./DatabaseClean/xerces-1.4/org.apache.wml.WMLStrongElement.txt,1
./DatabaseClean/xerces-1.4/org.apache.wml.dom.WMLNoopElementImpl.txt,1
./DatabaseClean/xerces-1.4/org.xml.sax.XMLFilter.txt,0
./DatabaseClean/xerces-1.4/org.w3c.dom.events.Event.txt,0
./DatabaseClean/xerces-1.4/javax.xml.parsers.FactoryFinder.txt,1
./DatabaseClean/xerces-1.4/org.xml.sax.ext.DeclHandler.txt,0
./DatabaseClean/xerces-1.4/org.apache.xerces.impl.xpath.regex.BMPattern.txt,1
./DatabaseClean/xerces-1.4/org.apache.wml.dom.WMLOptionElementImpl.txt,1
./DatabaseClean/xerces-1.4/org.w3c.dom.DocumentType.txt,0
./DatabaseClean/xerces-1.4/org.apache.html.dom.HTMLTableElementImpl.txt,1
./DatabaseClean/xerces-1.4/org.apache.wml.WMLSmallElement.txt,1
./DatabaseClean/xerces-1.4/org.apache.html.dom.HTMLBuilder.txt,1
./DatabaseClean/xerces-1.4/org.apache.wml.dom.WMLRefreshElementImpl.txt,1
./DatabaseClean/xerces-1.4/org.apache.xerces.impl.dv.xs.InvalidDatatypeValueException.txt,1
./DatabaseClean/xerces-1.4/org.apache.xerces.dom.DeferredElementNSImpl.txt,1
./DatabaseClean/xerces-1.4/org.w3c.dom.html.HTMLMenuElement.txt,0
./DatabaseClean/xerces-1.4/org.apache.html.dom.HTMLTableColElementImpl.txt,1
./DatabaseClean/xerces-1.4/org.apache.html.dom.HTMLDivElementImpl.txt,1
./DatabaseClean/xerces-1.4/org.apache.xerces.dom.AttributeMap.txt,1
./DatabaseClean/xerces-1.4/javax.xml.parsers.DocumentBuilder.txt,0
./DatabaseClean/xerces-1.4/org.w3c.dom.html.HTMLFrameElement.txt,0
./DatabaseClean/xerces-1.4/org.apache.html.dom.HTMLFormElementImpl.txt,1
./DatabaseClean/xerces-1.4/org.apache.wml.WMLTdElement.txt,1
./DatabaseClean/xerces-1.4/org.apache.wml.dom.WMLTimerElementImpl.txt,1
./DatabaseClean/xerces-1.4/org.apache.wml.dom.WMLCardElementImpl.txt,1
./DatabaseClean/xerces-1.4/org.apache.xerces.impl.dv.dtd.DatatypeValidatorFactory.txt,0
./DatabaseClean/xerces-1.4/org.apache.html.dom.HTMLAnchorElementImpl.txt,1
./DatabaseClean/xerces-1.4/org.apache.wml.dom.WMLUElementImpl.txt,1
./DatabaseClean/xerces-1.4/org.apache.xerces.impl.dv.dtd.StringDatatypeValidator.txt,1
./DatabaseClean/xerces-1.4/org.w3c.dom.html.HTMLOptionElement.txt,0
./DatabaseClean/xerces-1.4/org.apache.html.dom.HTMLDirectoryElementImpl.txt,1
./DatabaseClean/xerces-1.4/org.w3c.dom.html.HTMLHeadElement.txt,0
./DatabaseClean/xerces-1.4/org.apache.html.dom.HTMLLinkElementImpl.txt,1
./DatabaseClean/xerces-1.4/org.apache.html.dom.HTMLDocumentImpl.txt,1
./DatabaseClean/xerces-1.4/org.apache.xerces.impl.dv.xs.AbstractDatatypeValidator.txt,1
./DatabaseClean/xerces-1.4/org.apache.html.dom.HTMLOptionElementImpl.txt,1
./DatabaseClean/xerces-1.4/org.apache.wml.WMLOptgroupElement.txt,1
./DatabaseClean/xerces-1.4/org.w3c.dom.html.HTMLFontElement.txt,0
./DatabaseClean/xerces-1.4/org.apache.wml.WMLTemplateElement.txt,1
./DatabaseClean/xerces-1.4/org.w3c.dom.events.EventTarget.txt,0
./DatabaseClean/xerces-1.4/org.apache.xerces.impl.xs.SchemaGrammar.txt,1
./DatabaseClean/xerces-1.4/org.apache.wml.dom.WMLPrevElementImpl.txt,1
./DatabaseClean/xerces-1.4/org.apache.xerces.impl.dv.xs.DatatypeValidatorFactory.txt,1
./DatabaseClean/xerces-1.4/org.apache.html.dom.HTMLParamElementImpl.txt,1
./DatabaseClean/xerces-1.4/org.apache.xml.serialize.Printer.txt,1
./DatabaseClean/xerces-1.4/org.w3c.dom.html.HTMLLabelElement.txt,0
./DatabaseClean/xerces-1.4/org.w3c.dom.html.HTMLInputElement.txt,0
./DatabaseClean/xerces-1.4/org.apache.xerces.jaxp.DocumentBuilderFactoryImpl.txt,1
./DatabaseClean/xerces-1.4/org.apache.wml.WMLIElement.txt,1
./DatabaseClean/xerces-1.4/org.apache.html.dom.HTMLParagraphElementImpl.txt,1
./DatabaseClean/xerces-1.4/org.apache.xerces.impl.dv.xs.StateMessageDatatype.txt,1
./DatabaseClean/xerces-1.4/org.xml.sax.helpers.XMLReaderFactory.txt,1
./DatabaseClean/xerces-1.4/org.apache.xerces.dom.NodeImpl.txt,1
./DatabaseClean/xerces-1.4/org.apache.xerces.impl.dtd.models.CMUniOp.txt,1
./DatabaseClean/xerces-1.4/org.apache.html.dom.HTMLCollectionImpl.txt,1
./DatabaseClean/xerces-1.4/org.apache.xerces.dom.DeferredElementImpl.txt,1
./DatabaseClean/xerces-1.4/org.apache.xerces.dom.CDATASectionImpl.txt,1
./DatabaseClean/xerces-1.4/org.xml.sax.helpers.DefaultHandler.txt,0
./DatabaseClean/xerces-1.4/org.apache.xerces.dom.DeferredNotationImpl.txt,1
./DatabaseClean/xerces-1.4/org.xml.sax.DTDHandler.txt,0
./DatabaseClean/xerces-1.4/org.apache.xerces.impl.dv.xs.InvalidDatatypeFacetException.txt,1
./DatabaseClean/xerces-1.4/org.apache.wml.WMLEmElement.txt,1
./DatabaseClean/xerces-1.4/org.apache.html.dom.HTMLBRElementImpl.txt,1
./DatabaseClean/xerces-1.4/org.w3c.dom.html.HTMLSelectElement.txt,0
./DatabaseClean/xerces-1.4/org.apache.wml.dom.WMLIElementImpl.txt,1
./DatabaseClean/xerces-1.4/org.apache.wml.dom.WMLPElementImpl.txt,1
./DatabaseClean/xerces-1.4/org.apache.xerces.impl.dtd.Grammar.txt,1
./DatabaseClean/xerces-1.4/org.apache.xerces.impl.xpath.regex.RangeToken.txt,1
./DatabaseClean/xerces-1.4/javax.xml.parsers.FactoryConfigurationError.txt,0
./DatabaseClean/xerces-1.4/org.w3c.dom.html.HTMLParamElement.txt,0
./DatabaseClean/xerces-1.4/org.apache.xerces.impl.xs.identity.FieldActivator.txt,1
./DatabaseClean/xerces-1.4/org.apache.html.dom.HTMLImageElementImpl.txt,1
./DatabaseClean/xerces-1.4/org.apache.wml.dom.WMLBigElementImpl.txt,1
./DatabaseClean/xerces-1.4/org.w3c.dom.html.HTMLQuoteElement.txt,0
./DatabaseClean/xerces-1.4/org.w3c.dom.html.HTMLLinkElement.txt,0
./DatabaseClean/xerces-1.4/org.apache.xerces.impl.Version.txt,1
./DatabaseClean/xerces-1.4/org.apache.wml.dom.WMLBElementImpl.txt,1
./DatabaseClean/xerces-1.4/org.xml.sax.SAXNotSupportedException.txt,0
./DatabaseClean/xerces-1.4/org.w3c.dom.html.HTMLObjectElement.txt,0
./DatabaseClean/xerces-1.4/org.w3c.dom.html.HTMLDocument.txt,0
./DatabaseClean/xerces-1.4/org.apache.wml.dom.WMLDoElementImpl.txt,1
./DatabaseClean/xerces-1.4/org.apache.html.dom.HTMLAppletElementImpl.txt,1
./DatabaseClean/xerces-1.4/org.apache.wml.WMLDOMImplementation.txt,1
./DatabaseClean/xerces-1.4/org.apache.xerces.impl.xpath.regex.Match.txt,1
./DatabaseClean/xerces-1.4/org.w3c.dom.html.HTMLModElement.txt,0
./DatabaseClean/xerces-1.4/org.apache.xerces.xni.XMLDocumentHandler.txt,1
./DatabaseClean/xerces-1.4/org.apache.xerces.dom.DOMImplementationImpl.txt,1
./DatabaseClean/xerces-1.4/org.w3c.dom.html.HTMLDOMImplementation.txt,0
./DatabaseClean/xerces-1.4/org.w3c.dom.traversal.DocumentTraversal.txt,0
./DatabaseClean/xerces-1.4/org.xml.sax.InputSource.txt,0
./DatabaseClean/xerces-1.4/org.apache.html.dom.HTMLHeadElementImpl.txt,1
./DatabaseClean/xerces-1.4/org.xml.sax.DocumentHandler.txt,0
./DatabaseClean/xerces-1.4/org.apache.xerces.impl.dv.dtd.InvalidDatatypeValueException.txt,0
./DatabaseClean/xerces-1.4/org.apache.wml.dom.WMLFieldsetElementImpl.txt,1
./DatabaseClean/xerces-1.4/org.xml.sax.HandlerBase.txt,0
./DatabaseClean/xerces-1.4/org.apache.xerces.dom.DeepNodeListImpl.txt,1
./DatabaseClean/xerces-1.4/org.apache.html.dom.HTMLDOMImplementationImpl.txt,1
./DatabaseClean/xerces-1.4/org.w3c.dom.html.HTMLBaseFontElement.txt,0
./DatabaseClean/xerces-1.4/org.w3c.dom.ProcessingInstruction.txt,0
./DatabaseClean/xerces-1.4/org.apache.wml.WMLTrElement.txt,1
./DatabaseClean/xerces-1.4/org.w3c.dom.html.HTMLDivElement.txt,0
./DatabaseClean/xerces-1.4/org.apache.wml.WMLAElement.txt,1
./DatabaseClean/xerces-1.4/org.apache.xerces.dom.RangeImpl.txt,1
./DatabaseClean/xerces-1.4/org.apache.xerces.impl.xs.identity.IDValue.txt,0
./DatabaseClean/xerces-1.4/org.apache.wml.WMLBrElement.txt,1
./DatabaseClean/xerces-1.4/org.apache.html.dom.NameNodeListImpl.txt,1
./DatabaseClean/xerces-1.4/org.apache.xerces.impl.dv.dtd.IDDatatypeValidator.txt,1
./DatabaseClean/xerces-1.4/org.apache.xerces.impl.dv.xs.AbstractNumericFacetValidator.txt,1
./DatabaseClean/xerces-1.4/javax.xml.parsers.SAXParserFactory.txt,0
./DatabaseClean/xerces-1.4/org.w3c.dom.ranges.DocumentRange.txt,0
./DatabaseClean/xerces-1.4/org.apache.xerces.impl.dv.xs.YearMonthDatatypeValidator.txt,1
./DatabaseClean/xerces-1.4/org.apache.xerces.impl.dtd.models.CMNode.txt,1
./DatabaseClean/xerces-1.4/org.apache.xerces.dom.NodeIteratorImpl.txt,1
./DatabaseClean/xerces-1.4/org.apache.wml.dom.WMLSetvarElementImpl.txt,1
./DatabaseClean/xerces-1.4/org.apache.wml.WMLAnchorElement.txt,1
./DatabaseClean/xerces-1.4/org.apache.wml.dom.WMLWmlElementImpl.txt,1
./DatabaseClean/xerces-1.4/org.apache.xerces.dom.DeferredEntityImpl.txt,1
./DatabaseClean/xerces-1.4/org.apache.xerces.dom.LCount.txt,1
./DatabaseClean/xerces-1.4/org.apache.xerces.impl.dv.xs.DateDatatypeValidator.txt,1
./DatabaseClean/xerces-1.4/org.w3c.dom.html.HTMLMapElement.txt,0
./DatabaseClean/xerces-1.4/org.w3c.dom.DocumentFragment.txt,0
./DatabaseClean/xerces-1.4/org.apache.xerces.impl.dv.xs.MonthDatatypeValidator.txt,1
./DatabaseClean/xerces-1.4/org.apache.html.dom.HTMLTableCellElementImpl.txt,1
./DatabaseClean/xerces-1.4/org.apache.xerces.dom.DeferredElementDefinitionImpl.txt,1
./DatabaseClean/xerces-1.4/org.apache.xml.serialize.Serializer.txt,1
./DatabaseClean/xerces-1.4/org.xml.sax.ErrorHandler.txt,0
./DatabaseClean/xerces-1.4/org.apache.xerces.impl.dtd.XMLAttributeDecl.txt,1
./DatabaseClean/xerces-1.4/org.w3c.dom.DOMImplementation.txt,0
./DatabaseClean/xerces-1.4/org.apache.xml.serialize.BaseMarkupSerializer.txt,1
./DatabaseClean/xerces-1.4/org.apache.html.dom.HTMLTableSectionElementImpl.txt,1
./DatabaseClean/xerces-1.4/org.apache.wml.dom.WMLEmElementImpl.txt,1
./DatabaseClean/xerces-1.4/org.apache.wml.WMLUElement.txt,1
./DatabaseClean/xerces-1.4/org.apache.xerces.dom.ProcessingInstructionImpl.txt,1
./DatabaseClean/xerces-1.4/org.apache.xerces.impl.dtd.XMLContentSpec.txt,1
./DatabaseClean/xerces-1.4/org.w3c.dom.html.HTMLHtmlElement.txt,0
./DatabaseClean/xerces-1.4/org.apache.wml.WMLFieldsetElement.txt,1
./DatabaseClean/xerces-1.4/org.apache.xerces.dom.RangeExceptionImpl.txt,1
./DatabaseClean/xerces-1.4/org.apache.html.dom.HTMLIFrameElementImpl.txt,1
./DatabaseClean/xerces-1.4/org.w3c.dom.html.HTMLDListElement.txt,0
./DatabaseClean/xerces-1.4/org.w3c.dom.events.DocumentEvent.txt,0
./DatabaseClean/xerces-1.4/org.apache.xerces.impl.xpath.regex.ParserForXMLSchema.txt,1
./DatabaseClean/xerces-1.4/org.apache.html.dom.HTMLFontElementImpl.txt,1
./DatabaseClean/xerces-1.4/org.w3c.dom.CDATASection.txt,0
./DatabaseClean/xerces-1.4/javax.xml.parsers.DocumentBuilderFactory.txt,0
./DatabaseClean/xerces-1.4/org.apache.xerces.impl.dv.xs.SchemaDateTimeException.txt,1
./DatabaseClean/xerces-1.4/org.apache.wml.WMLOptionElement.txt,1
./DatabaseClean/xerces-1.4/org.apache.xerces.dom.NamedNodeMapImpl.txt,1
./DatabaseClean/xerces-1.4/org.apache.wml.dom.WMLStrongElementImpl.txt,1
./DatabaseClean/xerces-1.4/org.apache.wml.WMLImgElement.txt,1
./DatabaseClean/xerces-1.4/org.apache.xml.serialize.SieveEncodingInfo.txt,0
./DatabaseClean/xerces-1.4/org.xml.sax.Attributes.txt,0
./DatabaseClean/xerces-1.4/org.w3c.dom.html.HTMLHRElement.txt,0
./DatabaseClean/xerces-1.4/org.apache.html.dom.HTMLTableRowElementImpl.txt,1
./DatabaseClean/xerces-1.4/org.apache.xerces.impl.dtd.models.DFAContentModel.txt,1
./DatabaseClean/xerces-1.4/org.apache.wml.WMLCardElement.txt,1
./DatabaseClean/xerces-1.4/org.w3c.dom.NamedNodeMap.txt,0
./DatabaseClean/xerces-1.4/org.apache.xerces.dom.DeferredDocumentTypeImpl.txt,1
./DatabaseClean/xerces-1.4/org.apache.html.dom.HTMLFormControl.txt,1
./DatabaseClean/xerces-1.4/org.apache.wml.WMLPrevElement.txt,1
./DatabaseClean/xerces-1.4/org.apache.xerces.dom.CoreDocumentImpl.txt,1
./DatabaseClean/xerces-1.4/org.apache.wml.WMLPostfieldElement.txt,1
./DatabaseClean/xerces-1.4/org.w3c.dom.ranges.RangeException.txt,0
./DatabaseClean/xerces-1.4/org.w3c.dom.Node.txt,0
./DatabaseClean/xerces-1.4/org.apache.xerces.dom.DocumentTypeImpl.txt,1
./DatabaseClean/xerces-1.4/org.apache.xerces.impl.msg.ExceptionMessagesLocalizer.txt,0
./DatabaseClean/xerces-1.4/org.w3c.dom.html.HTMLCollection.txt,0
./DatabaseClean/xerces-1.4/org.apache.xerces.dom.TreeWalkerImpl.txt,1
./DatabaseClean/xerces-1.4/org.apache.wml.dom.WMLOptgroupElementImpl.txt,1
./DatabaseClean/xerces-1.4/org.apache.xml.serialize.Method.txt,1
./DatabaseClean/xerces-1.4/org.apache.wml.WMLSetvarElement.txt,1
./DatabaseClean/xerces-1.4/org.apache.wml.dom.WMLHeadElementImpl.txt,1
./DatabaseClean/xerces-1.4/org.apache.html.dom.HTMLSelectElementImpl.txt,1
./DatabaseClean/xerces-1.4/org.apache.xerces.impl.dtd.models.CMBinOp.txt,1
./DatabaseClean/xerces-1.4/org.apache.wml.WMLInputElement.txt,1
./DatabaseClean/xerces-1.4/org.apache.xerces.dom.ElementImpl.txt,1
./DatabaseClean/xerces-1.4/org.w3c.dom.html.HTMLAnchorElement.txt,0
./DatabaseClean/xerces-1.4/org.apache.xerces.dom.TextImpl.txt,1
./DatabaseClean/xerces-1.4/org.w3c.dom.html.HTMLTableCaptionElement.txt,0
./DatabaseClean/xerces-1.4/org.apache.xerces.impl.dv.xs.StringDatatypeValidator.txt,1
./DatabaseClean/xerces-1.4/org.w3c.dom.html.HTMLScriptElement.txt,0
./DatabaseClean/xerces-1.4/org.apache.xml.serialize.TextSerializer.txt,1
./DatabaseClean/xerces-1.4/org.apache.xerces.impl.msg.DatatypeMessages.txt,0
./DatabaseClean/xerces-1.4/org.apache.wml.dom.WMLBrElementImpl.txt,1
./DatabaseClean/xerces-1.4/org.w3c.dom.html.HTMLStyleElement.txt,0
./DatabaseClean/xerces-1.4/org.apache.html.dom.HTMLBodyElementImpl.txt,1
./DatabaseClean/xerces-1.4/org.apache.xerces.jaxp.DefaultValidationErrorHandler.txt,1
./DatabaseClean/xerces-1.4/org.apache.xerces.xni.parser.XMLDocumentScanner.txt,1
./DatabaseClean/xerces-1.4/org.w3c.dom.html.HTMLTableElement.txt,0
./DatabaseClean/xerces-1.4/org.apache.html.dom.HTMLIsIndexElementImpl.txt,1
./DatabaseClean/xerces-1.4/org.apache.html.dom.HTMLPreElementImpl.txt,1
./DatabaseClean/xerces-1.4/org.apache.xerces.impl.dtd.models.CMLeaf.txt,1
./DatabaseClean/xerces-1.4/org.xml.sax.AttributeList.txt,0
./DatabaseClean/xerces-1.4/org.apache.xerces.impl.dtd.models.MixedContentModel.txt,1
./DatabaseClean/xerces-1.4/org.apache.xerces.impl.dv.xs.FloatDatatypeValidator.txt,1
./DatabaseClean/xerces-1.4/org.apache.xerces.impl.dv.dtd.IDREFDatatypeValidator.txt,1
./DatabaseClean/xerces-1.4/org.w3c.dom.ranges.Range.txt,0
./DatabaseClean/xerces-1.4/org.apache.xerces.impl.XMLErrorReporter.txt,1
./DatabaseClean/xerces-1.4/org.apache.wml.dom.WMLOneventElementImpl.txt,1
./DatabaseClean/xerces-1.4/org.apache.xml.serialize.LineSeparator.txt,1
./DatabaseClean/xerces-1.4/org.xml.sax.helpers.AttributesImpl.txt,1
./DatabaseClean/xerces-1.4/org.apache.xerces.impl.dv.xs.YearDatatypeValidator.txt,1
./DatabaseClean/xerces-1.4/org.apache.wml.WMLSelectElement.txt,1
./DatabaseClean/xerces-1.4/org.w3c.dom.html.HTMLTableColElement.txt,0
./DatabaseClean/xerces-1.4/org.w3c.dom.CharacterData.txt,0
./DatabaseClean/xerces-1.4/org.apache.xerces.impl.dv.xs.DurationDatatypeValidator.txt,1
./DatabaseClean/xerces-1.4/org.apache.xerces.impl.dv.dtd.NOTATIONDatatypeValidator.txt,1
./DatabaseClean/xerces-1.4/org.apache.wml.dom.WMLAElementImpl.txt,1
./DatabaseClean/xerces-1.4/org.apache.xml.serialize.SerializerFactoryImpl.txt,1
./DatabaseClean/xerces-1.4/org.xml.sax.ContentHandler.txt,0
./DatabaseClean/xerces-1.4/org.apache.xerces.impl.xpath.regex.Token.txt,1
./DatabaseClean/xerces-1.4/org.apache.xerces.impl.dv.xs.DayDatatypeValidator.txt,1
./DatabaseClean/xerces-1.4/org.apache.wml.WMLAccessElement.txt,1
./DatabaseClean/xerces-1.4/org.apache.xerces.util.IntStack.txt,1
./DatabaseClean/xerces-1.4/org.apache.html.dom.HTMLAreaElementImpl.txt,1
./DatabaseClean/xerces-1.4/org.apache.wml.dom.WMLSelectElementImpl.txt,1
./DatabaseClean/xerces-1.4/org.apache.html.dom.HTMLLegendElementImpl.txt,1
./DatabaseClean/xerces-1.4/org.apache.xerces.jaxp.SAXParserFactoryImpl.txt,1
./DatabaseClean/xerces-1.4/org.apache.xerces.impl.dv.dtd.ENTITYDatatypeValidator.txt,1
./DatabaseClean/xerces-1.4/org.w3c.dom.Comment.txt,0
./DatabaseClean/xerces-1.4/org.apache.html.dom.HTMLMenuElementImpl.txt,1
./DatabaseClean/xerces-1.4/org.apache.html.dom.HTMLFrameSetElementImpl.txt,1
./DatabaseClean/xerces-1.4/org.apache.xerces.impl.xs.identity.KeyRef.txt,1
./DatabaseClean/xerces-1.4/org.w3c.dom.html.HTMLTableSectionElement.txt,0
./DatabaseClean/xerces-1.4/org.w3c.dom.Text.txt,0
./DatabaseClean/xerces-1.4/org.apache.xerces.dom.ChildNode.txt,1
./DatabaseClean/xerces-1.4/org.xml.sax.SAXParseException.txt,0
./DatabaseClean/xerces-1.4/org.apache.wml.dom.WMLDocumentImpl.txt,1
./DatabaseClean/xerces-1.4/org.w3c.dom.html.HTMLBaseElement.txt,0
./DatabaseClean/xerces-1.4/org.apache.wml.WMLDocument.txt,1
./DatabaseClean/xerces-1.4/org.apache.html.dom.HTMLBaseFontElementImpl.txt,1
./DatabaseClean/xerces-1.4/org.apache.xerces.impl.xpath.regex.RegularExpression.txt,1
./DatabaseClean/xerces-1.4/org.apache.xerces.impl.msg.ImplementationMessages.txt,0
./DatabaseClean/xerces-1.4/org.apache.xerces.impl.dv.xs.QNameDatatypeValidator.txt,1
./DatabaseClean/xerces-1.4/org.apache.xerces.impl.dv.dtd.DatatypeValidatorFactoryImpl.txt,0
./DatabaseClean/xerces-1.4/org.w3c.dom.DOMException.txt,0
./DatabaseClean/xerces-1.4/org.w3c.dom.traversal.NodeFilter.txt,0
./DatabaseClean/xerces-1.4/org.apache.xerces.impl.xpath.XPathException.txt,1
./DatabaseClean/xerces-1.4/org.apache.xerces.impl.dtd.models.CMAny.txt,1
./DatabaseClean/xerces-1.4/org.apache.xerces.impl.xs.util.Base64.txt,0
./DatabaseClean/xerces-1.4/org.apache.xerces.impl.xs.identity.Selector.txt,1
./DatabaseClean/xerces-1.4/org.w3c.dom.Notation.txt,0
./DatabaseClean/xerces-1.4/org.apache.wml.WMLGoElement.txt,1
./DatabaseClean/xerces-1.4/org.w3c.dom.html.HTMLTableRowElement.txt,0
./DatabaseClean/xerces-1.4/org.apache.xerces.impl.xpath.regex.Op.txt,1
./DatabaseClean/xerces-1.4/org.apache.xerces.impl.dv.xs.BooleanDatatypeValidator.txt,1
./DatabaseClean/xerces-1.4/org.w3c.dom.NodeList.txt,0
./DatabaseClean/xerces-1.4/org.apache.xerces.impl.dtd.models.SimpleContentModel.txt,1
./DatabaseClean/xerces-1.4/org.apache.xerces.impl.xpath.regex.ParseException.txt,1
./DatabaseClean/xerces-1.4/org.apache.xerces.impl.dv.xs.NOTATIONDatatypeValidator.txt,1
./DatabaseClean/xerces-1.4/org.apache.xerces.dom.CharacterDataImpl.txt,1
./DatabaseClean/xerces-1.4/org.xml.sax.helpers.LocatorImpl.txt,0
./DatabaseClean/xerces-1.4/org.w3c.dom.html.HTMLMetaElement.txt,0
./DatabaseClean/xerces-1.4/org.apache.xerces.impl.msg.ExceptionMessages.txt,0
./DatabaseClean/xerces-1.4/javax.xml.parsers.ParserConfigurationException.txt,0
./DatabaseClean/xerces-1.4/org.apache.xerces.impl.dv.xs.IDDatatypeValidator.txt,1
./DatabaseClean/xerces-1.4/org.xml.sax.XMLReader.txt,0
./DatabaseClean/xerces-1.4/org.apache.xerces.impl.dtd.DTDGrammar.txt,1
./DatabaseClean/xerces-1.4/org.apache.xerces.impl.dv.xs.DatatypeValidatorFactoryImpl.txt,1
./DatabaseClean/xerces-1.4/org.apache.xerces.dom.DeferredNode.txt,1
./DatabaseClean/xerces-1.4/org.apache.wml.WMLTableElement.txt,1
./DatabaseClean/xerces-1.4/org.apache.xerces.impl.dv.dtd.AbstractDatatypeValidator.txt,0
./DatabaseClean/xerces-1.4/org.apache.wml.dom.WMLAccessElementImpl.txt,1
./DatabaseClean/xerces-1.4/org.w3c.dom.html.HTMLOptGroupElement.txt,0
./DatabaseClean/xerces-1.4/org.apache.xerces.dom.CommentImpl.txt,1
./DatabaseClean/xerces-1.4/org.apache.xerces.dom.DeferredTextImpl.txt,1
./DatabaseClean/xerces-1.4/org.apache.wml.dom.WMLImgElementImpl.txt,1
./DatabaseClean/xerces-1.4/org.apache.xml.serialize.XHTMLSerializer.txt,1
./DatabaseClean/xerces-1.4/org.apache.wml.dom.WMLTableElementImpl.txt,1
./DatabaseClean/xerces-1.4/org.apache.xerces.impl.dv.xs.TimeDatatypeValidator.txt,1
./DatabaseClean/xerces-1.4/org.w3c.dom.html.HTMLIFrameElement.txt,0
./DatabaseClean/xerces-1.4/org.apache.xml.serialize.EncodingInfo.txt,1
./DatabaseClean/xerces-1.4/org.apache.xml.serialize.IndentPrinter.txt,1
./DatabaseClean/xerces-1.4/org.apache.xerces.dom.DeferredCDATASectionImpl.txt,1
./DatabaseClean/xerces-1.4/org.apache.xml.serialize.DOMSerializer.txt,1
./DatabaseClean/xerces-1.4/org.apache.xerces.dom.events.MutationEventImpl.txt,1
./DatabaseClean/xerces-1.4/org.apache.wml.dom.WMLPostfieldElementImpl.txt,1
./DatabaseClean/xerces-1.4/org.apache.html.dom.HTMLQuoteElementImpl.txt,1
./DatabaseClean/xerces-1.4/org.w3c.dom.html.HTMLElement.txt,0
./DatabaseClean/xerces-1.4/org.xml.sax.Parser.txt,0
./DatabaseClean/xerces-1.4/org.apache.wml.dom.WMLDOMImplementationImpl.txt,1
./DatabaseClean/xerces-1.4/org.w3c.dom.traversal.TreeWalker.txt,0
./DatabaseClean/xerces-1.4/org.w3c.dom.html.HTMLDirectoryElement.txt,0
./DatabaseClean/xerces-1.4/org.apache.xerces.impl.dv.xs.IDREFDatatypeValidator.txt,1
./DatabaseClean/xerces-1.4/org.apache.xerces.dom.events.EventImpl.txt,1
./DatabaseClean/xerces-1.4/org.xml.sax.EntityResolver.txt,0
./DatabaseClean/xerces-1.4/org.apache.html.dom.HTMLHeadingElementImpl.txt,1
./DatabaseClean/xerces-1.4/org.apache.wml.WMLTimerElement.txt,1
./DatabaseClean/xerces-1.4/org.apache.wml.WMLHeadElement.txt,1
./DatabaseClean/xerces-1.4/org.apache.html.dom.HTMLFrameElementImpl.txt,1
./DatabaseClean/xerces-1.4/org.apache.html.dom.HTMLBaseElementImpl.txt,1
./DatabaseClean/xerces-1.4/org.w3c.dom.EntityReference.txt,0
./DatabaseClean/xerces-1.4/org.apache.xerces.dom.DeferredAttrImpl.txt,1
./DatabaseClean/xerces-1.4/org.apache.xerces.impl.dv.xs.DoubleDatatypeValidator.txt,1
./DatabaseClean/xerces-1.4/org.apache.html.dom.HTMLStyleElementImpl.txt,1
./DatabaseClean/xerces-1.4/org.xml.sax.helpers.ParserFactory.txt,1
./DatabaseClean/xerces-1.4/org.w3c.dom.html.HTMLAppletElement.txt,0
./DatabaseClean/xerces-1.4/org.apache.html.dom.HTMLMapElementImpl.txt,1
./DatabaseClean/xerces-1.4/org.xml.sax.Locator.txt,0
./DatabaseClean/xerces-1.4/org.w3c.dom.html.HTMLAreaElement.txt,0
./DatabaseClean/xerces-1.4/org.apache.wml.WMLNoopElement.txt,1
./DatabaseClean/xerces-1.4/org.apache.wml.dom.WMLElementImpl.txt,1
./DatabaseClean/xerces-1.4/org.apache.xerces.impl.XMLEntityHandler.txt,1
./DatabaseClean/xerces-1.4/org.xml.sax.SAXNotRecognizedException.txt,0
./DatabaseClean/xerces-1.4/org.w3c.dom.html.HTMLHeadingElement.txt,0
./DatabaseClean/xerces-1.4/org.w3c.dom.events.MutationEvent.txt,0
./DatabaseClean/xerces-1.4/org.apache.xml.serialize.SerializerFactory.txt,1
./DatabaseClean/xerces-1.4/org.apache.wml.WMLElement.txt,1
./DatabaseClean/xerces-1.4/org.apache.xml.serialize.ElementState.txt,1
./DatabaseClean/xerces-1.4/org.w3c.dom.html.HTMLOListElement.txt,0
./DatabaseClean/xerces-1.4/org.w3c.dom.html.HTMLImageElement.txt,0
./DatabaseClean/xerces-1.4/org.apache.xerces.impl.xpath.regex.RegexParser.txt,1
./DatabaseClean/xerces-1.4/org.apache.xerces.impl.dv.xs.AbstractStringValidator.txt,1
./DatabaseClean/xerces-1.4/org.apache.wml.dom.WMLGoElementImpl.txt,1
./DatabaseClean/xerces-1.4/org.apache.xerces.dom.DeferredProcessingInstructionImpl.txt,1
./DatabaseClean/xerces-1.4/org.w3c.dom.html.HTMLIsIndexElement.txt,0
./DatabaseClean/xerces-1.4/org.apache.wml.dom.WMLMetaElementImpl.txt,1
./DatabaseClean/xerces-1.4/org.w3c.dom.html.HTMLFieldSetElement.txt,0
./DatabaseClean/xerces-1.4/org.apache.xerces.impl.xs.identity.ValueStore.txt,1
./DatabaseClean/xerces-1.4/org.apache.xerces.impl.dv.xs.DatatypeValidator.txt,1
./DatabaseClean/xerces-1.4/org.apache.xerces.impl.dv.xs.HexBinaryDatatypeValidator.txt,1
./DatabaseClean/xerces-1.4/org.w3c.dom.Attr.txt,0
./DatabaseClean/xerces-1.4/org.xml.sax.helpers.AttributeListImpl.txt,0
./DatabaseClean/xerces-1.4/org.apache.wml.WMLWmlElement.txt,1
./DatabaseClean/xerces-1.4/org.apache.wml.dom.WMLTdElementImpl.txt,1
./DatabaseClean/xerces-1.4/org.apache.xml.serialize.Encodings.txt,1
./DatabaseClean/xerces-1.4/org.w3c.dom.html.HTMLFormElement.txt,0
./DatabaseClean/xerces-1.4/org.w3c.dom.html.HTMLFrameSetElement.txt,0
./DatabaseClean/xerces-1.4/org.w3c.dom.html.HTMLLIElement.txt,0
./DatabaseClean/xerces-1.4/org.apache.xerces.impl.xs.util.HexBin.txt,0
./DatabaseClean/xerces-1.4/org.apache.wml.WMLOneventElement.txt,1
./DatabaseClean/xerces-1.4/org.xml.sax.SAXException.txt,0
./DatabaseClean/xerces-1.4/org.apache.xerces.dom.DocumentFragmentImpl.txt,1
./DatabaseClean/xerces-1.4/org.apache.html.dom.HTMLScriptElementImpl.txt,1
./DatabaseClean/xerces-1.4/org.apache.html.dom.HTMLTitleElementImpl.txt,1
./DatabaseClean/xerces-1.4/org.apache.xerces.impl.xs.identity.IdentityConstraint.txt,1
./DatabaseClean/xerces-1.4/org.apache.wml.dom.WMLSmallElementImpl.txt,1
./DatabaseClean/xerces-1.4/org.apache.html.dom.HTMLButtonElementImpl.txt,1
./DatabaseClean/xerces-1.4/org.apache.xerces.impl.io.UTF8Reader.txt,1
./DatabaseClean/xerces-1.4/org.apache.xerces.dom.ParentNode.txt,1
./DatabaseClean/xerces-1.4/org.apache.html.dom.HTMLTableCaptionElementImpl.txt,1
./DatabaseClean/xerces-1.4/org.apache.html.dom.HTMLLIElementImpl.txt,1
./DatabaseClean/xerces-1.4/org.apache.xerces.impl.dv.dtd.DatatypeValidator.txt,0
./DatabaseClean/xerces-1.4/org.apache.xerces.impl.dv.xs.MonthDayDatatypeValidator.txt,1
./DatabaseClean/xerces-1.4/org.apache.html.dom.HTMLHRElementImpl.txt,1
./DatabaseClean/xerces-1.4/org.apache.wml.dom.WMLAnchorElementImpl.txt,1
./DatabaseClean/xerces-1.4/org.w3c.dom.html.HTMLButtonElement.txt,0
./DatabaseClean/xerces-1.4/org.apache.html.dom.HTMLObjectElementImpl.txt,1
./DatabaseClean/xerces-1.4/org.apache.html.dom.HTMLTextAreaElementImpl.txt,1
./DatabaseClean/xerces-1.4/org.apache.xerces.impl.dtd.XMLElementDecl.txt,1
./DatabaseClean/xerces-1.4/org.apache.wml.WMLDoElement.txt,1
./DatabaseClean/xerces-1.4/org.apache.xerces.xni.QName.txt,1
./DatabaseClean/xerces-1.4/org.w3c.dom.html.HTMLBodyElement.txt,0
./DatabaseClean/xerces-1.4/org.apache.wml.WMLBElement.txt,1
./DatabaseClean/xerces-1.4/org.w3c.dom.html.HTMLTextAreaElement.txt,0
./DatabaseClean/xerces-1.4/org.w3c.dom.html.HTMLUListElement.txt,0
./DatabaseClean/xerces-1.4/org.apache.xerces.impl.dv.xs.XMLException.txt,1
./DatabaseClean/xerces-1.4/org.apache.html.dom.HTMLDListElementImpl.txt,1
./DatabaseClean/xerces-1.4/org.apache.xerces.impl.dv.xs.AnySimpleType.txt,1
./DatabaseClean/xerces-1.4/org.apache.xerces.dom.DeferredCommentImpl.txt,1
./DatabaseClean/xerces-1.4/org.apache.html.dom.HTMLMetaElementImpl.txt,1
./DatabaseClean/xerces-1.4/org.w3c.dom.Entity.txt,1
./DatabaseClean/xerces-1.4/org.apache.xerces.impl.xs.identity.Field.txt,1
./DatabaseClean/xerces-1.4/org.apache.html.dom.HTMLInputElementImpl.txt,1
./DatabaseClean/xerces-1.4/org.apache.wml.dom.WMLInputElementImpl.txt,1
./DatabaseClean/xerces-1.4/org.apache.xerces.impl.dv.dtd.InvalidDatatypeFacetException.txt,0
./DatabaseClean/xerces-1.4/org.apache.html.dom.HTMLFieldSetElementImpl.txt,1
./DatabaseClean/xerces-1.4/org.apache.xerces.dom.EntityReferenceImpl.txt,1
./DatabaseClean/xerces-1.4/org.apache.xerces.dom.ElementDefinitionImpl.txt,1
./DatabaseClean/xerces-1.4/org.xml.sax.helpers.XMLFilterImpl.txt,0
./DatabaseClean/xerces-1.4/org.apache.xerces.impl.xpath.regex.REUtil.txt,1
./DatabaseClean/xerces-1.4/org.w3c.dom.Element.txt,0
./DatabaseClean/xerces-1.4/org.apache.xerces.dom.NotationImpl.txt,1
./DatabaseClean/xerces-1.4/org.apache.wml.dom.WMLTemplateElementImpl.txt,1
./DatabaseClean/xerces-1.4/org.w3c.dom.Document.txt,1
./DatabaseClean/xerces-1.4/org.apache.html.dom.HTMLElementImpl.txt,1
./DatabaseClean/xerces-1.4/org.w3c.dom.html.HTMLPreElement.txt,0
./DatabaseClean/xerces-1.4/org.w3c.dom.html.HTMLBRElement.txt,0
./DatabaseClean/xerces-1.4/org.apache.html.dom.HTMLLabelElementImpl.txt,1
./DatabaseClean/xerces-1.4/org.apache.html.dom.HTMLUListElementImpl.txt,1
./DatabaseClean/xerces-1.4/org.apache.html.dom.HTMLOListElementImpl.txt,1
./DatabaseClean/xerces-1.4/org.w3c.dom.html.HTMLTableCellElement.txt,0
./DatabaseClean/xerces-1.4/org.apache.wml.WMLRefreshElement.txt,1
./DatabaseClean/xerces-1.4/org.apache.xerces.impl.dtd.models.CMStateSet.txt,1
./DatabaseClean/xerces-1.4/org.apache.xerces.impl.dv.xs.Base64BinaryDatatypeValidator.txt,1
