file_path,label
./DatabaseClean/xerces-1.3/org.apache.xerces.readers.StreamingCharReader.txt,0
./DatabaseClean/xerces-1.3/org.w3c.dom.html.HTMLFrameSetElement.txt,0
./DatabaseClean/xerces-1.3/org.w3c.dom.html.HTMLLIElement.txt,0
./DatabaseClean/xerces-1.3/org.apache.xerces.validators.dtd.DTDGrammar.txt,0
./DatabaseClean/xerces-1.3/org.apache.wml.WMLOneventElement.txt,0
./DatabaseClean/xerces-1.3/org.w3c.dom.html.HTMLHtmlElement.txt,0
./DatabaseClean/xerces-1.3/org.apache.wml.WMLFieldsetElement.txt,0
./DatabaseClean/xerces-1.3/org.apache.xerces.framework.Version.txt,1
./DatabaseClean/xerces-1.3/org.apache.xerces.dom.DocumentFragmentImpl.txt,0
./DatabaseClean/xerces-1.3/org.apache.xerces.validators.common.CMNode.txt,0
./DatabaseClean/xerces-1.3/org.apache.xerces.validators.datatype.DatatypeValidator.txt,0
./DatabaseClean/xerces-1.3/org.w3c.dom.events.DocumentEvent.txt,0
./DatabaseClean/xerces-1.3/org.apache.html.dom.HTMLTitleElementImpl.txt,0
./DatabaseClean/xerces-1.3/org.apache.wml.dom.WMLSmallElementImpl.txt,0
./DatabaseClean/xerces-1.3/org.apache.html.dom.HTMLButtonElementImpl.txt,0
./DatabaseClean/xerces-1.3/org.apache.xerces.utils.regex.REUtil.txt,0
./DatabaseClean/xerces-1.3/org.apache.xerces.dom.ParentNode.txt,0
./DatabaseClean/xerces-1.3/javax.xml.parsers.DocumentBuilderFactory.txt,1
./DatabaseClean/xerces-1.3/org.apache.xerces.utils.regex.RangeToken.txt,0
./DatabaseClean/xerces-1.3/org.apache.xerces.validators.common.CMException.txt,0
./DatabaseClean/xerces-1.3/org.apache.html.dom.HTMLFormControl.txt,0
./DatabaseClean/xerces-1.3/org.apache.xerces.validators.datatype.BooleanDatatypeValidator.txt,0
./DatabaseClean/xerces-1.3/org.apache.wml.WMLPrevElement.txt,0
./DatabaseClean/xerces-1.3/org.w3c.dom.html.HTMLUListElement.txt,0
./DatabaseClean/xerces-1.3/org.apache.html.dom.HTMLDListElementImpl.txt,0
./DatabaseClean/xerces-1.3/org.apache.xerces.validators.schema.SubstitutionGroupComparator.txt,1
./DatabaseClean/xerces-1.3/org.apache.xerces.dom.DocumentTypeImpl.txt,0
./DatabaseClean/xerces-1.3/org.apache.xerces.validators.schema.identity.Unique.txt,0
./DatabaseClean/xerces-1.3/org.apache.html.dom.HTMLMetaElementImpl.txt,0
./DatabaseClean/xerces-1.3/org.apache.xerces.dom.TreeWalkerImpl.txt,1
./DatabaseClean/xerces-1.3/org.apache.wml.dom.WMLOptgroupElementImpl.txt,0
./DatabaseClean/xerces-1.3/org.apache.xml.serialize.Method.txt,0
./DatabaseClean/xerces-1.3/org.apache.wml.WMLSetvarElement.txt,0
./DatabaseClean/xerces-1.3/org.apache.html.dom.HTMLFieldSetElementImpl.txt,0
./DatabaseClean/xerces-1.3/org.apache.xerces.dom.EntityReferenceImpl.txt,1
./DatabaseClean/xerces-1.3/org.apache.xerces.dom.ElementImpl.txt,1
./DatabaseClean/xerces-1.3/org.w3c.dom.html.HTMLAnchorElement.txt,0
./DatabaseClean/xerces-1.3/org.apache.xerces.dom.TextImpl.txt,0
./DatabaseClean/xerces-1.3/org.apache.xerces.validators.schema.SchemaGrammar.txt,1
./DatabaseClean/xerces-1.3/org.xml.sax.helpers.XMLFilterImpl.txt,0
./DatabaseClean/xerces-1.3/org.apache.xerces.validators.datatype.IDREFDatatypeValidator.txt,1
./DatabaseClean/xerces-1.3/org.w3c.dom.html.HTMLScriptElement.txt,0
./DatabaseClean/xerces-1.3/org.apache.xerces.readers.XMLEntityReader.txt,0
./DatabaseClean/xerces-1.3/org.apache.wml.dom.WMLTemplateElementImpl.txt,0
./DatabaseClean/xerces-1.3/org.w3c.dom.Document.txt,1
./DatabaseClean/xerces-1.3/org.apache.html.dom.HTMLElementImpl.txt,0
./DatabaseClean/xerces-1.3/org.w3c.dom.html.HTMLPreElement.txt,0
./DatabaseClean/xerces-1.3/org.apache.html.dom.HTMLBodyElementImpl.txt,0
./DatabaseClean/xerces-1.3/org.apache.xerces.utils.CharDataChunk.txt,0
./DatabaseClean/xerces-1.3/org.apache.xerces.utils.SymbolCache.txt,0
./DatabaseClean/xerces-1.3/org.apache.xerces.readers.XMLEntityHandler.txt,0
./DatabaseClean/xerces-1.3/org.apache.xerces.dom.NamedNodeMapImpl.txt,0
./DatabaseClean/xerces-1.3/org.apache.wml.dom.WMLStrongElementImpl.txt,0
./DatabaseClean/xerces-1.3/org.apache.xerces.utils.Base64.txt,0
./DatabaseClean/xerces-1.3/org.apache.xml.serialize.SieveEncodingInfo.txt,0
./DatabaseClean/xerces-1.3/org.w3c.dom.html.HTMLHRElement.txt,0
./DatabaseClean/xerces-1.3/org.apache.xerces.readers.CharReader.txt,1
./DatabaseClean/xerces-1.3/org.apache.xerces.framework.XMLDocumentHandler.txt,0
./DatabaseClean/xerces-1.3/org.apache.html.dom.HTMLObjectElementImpl.txt,0
./DatabaseClean/xerces-1.3/org.apache.wml.WMLCardElement.txt,0
./DatabaseClean/xerces-1.3/org.apache.xerces.readers.DefaultReaderFactory.txt,0
./DatabaseClean/xerces-1.3/org.w3c.dom.NamedNodeMap.txt,0
./DatabaseClean/xerces-1.3/org.apache.xerces.validators.common.XMLElementDecl.txt,0
./DatabaseClean/xerces-1.3/org.apache.html.dom.HTMLOListElementImpl.txt,0
./DatabaseClean/xerces-1.3/org.apache.xerces.validators.schema.XUtil.txt,0
./DatabaseClean/xerces-1.3/org.apache.xerces.readers.UTF8Recognizer.txt,0
./DatabaseClean/xerces-1.3/org.apache.html.dom.HTMLIsIndexElementImpl.txt,0
./DatabaseClean/xerces-1.3/org.w3c.dom.html.HTMLBodyElement.txt,0
./DatabaseClean/xerces-1.3/org.apache.wml.WMLDOMImplementation.txt,0
./DatabaseClean/xerces-1.3/org.apache.wml.dom.WMLAElementImpl.txt,0
./DatabaseClean/xerces-1.3/org.xml.sax.EntityResolver.txt,0
./DatabaseClean/xerces-1.3/org.xml.sax.ext.DeclHandler.txt,0
./DatabaseClean/xerces-1.3/org.apache.html.dom.HTMLHeadingElementImpl.txt,0
./DatabaseClean/xerces-1.3/org.apache.xerces.readers.StringReader.txt,0
./DatabaseClean/xerces-1.3/org.xml.sax.ContentHandler.txt,0
./DatabaseClean/xerces-1.3/org.w3c.dom.html.HTMLDOMImplementation.txt,0
./DatabaseClean/xerces-1.3/org.w3c.dom.DocumentType.txt,0
./DatabaseClean/xerces-1.3/org.apache.wml.WMLTimerElement.txt,0
./DatabaseClean/xerces-1.3/org.apache.html.dom.HTMLTableElementImpl.txt,0
./DatabaseClean/xerces-1.3/org.apache.wml.WMLHeadElement.txt,0
./DatabaseClean/xerces-1.3/org.apache.wml.WMLAccessElement.txt,0
./DatabaseClean/xerces-1.3/org.apache.html.dom.HTMLFrameElementImpl.txt,0
./DatabaseClean/xerces-1.3/org.apache.wml.WMLSmallElement.txt,0
./DatabaseClean/xerces-1.3/org.apache.xerces.dom.DeferredAttrImpl.txt,1
./DatabaseClean/xerces-1.3/org.apache.html.dom.HTMLAreaElementImpl.txt,0
./DatabaseClean/xerces-1.3/org.apache.html.dom.HTMLStyleElementImpl.txt,0
./DatabaseClean/xerces-1.3/org.apache.xerces.validators.common.CMAny.txt,0
./DatabaseClean/xerces-1.3/org.apache.xerces.readers.UCSReader.txt,0
./DatabaseClean/xerces-1.3/org.apache.wml.dom.WMLRefreshElementImpl.txt,0
./DatabaseClean/xerces-1.3/org.xml.sax.helpers.ParserFactory.txt,0
./DatabaseClean/xerces-1.3/org.apache.xerces.framework.XMLAttrList.txt,1
./DatabaseClean/xerces-1.3/org.apache.xerces.dom.DeepNodeListImpl.txt,0
./DatabaseClean/xerces-1.3/org.apache.xerces.dom.DeferredElementNSImpl.txt,1
./DatabaseClean/xerces-1.3/org.apache.html.dom.HTMLDOMImplementationImpl.txt,0
./DatabaseClean/xerces-1.3/org.apache.xerces.jaxp.SAXParserFactoryImpl.txt,1
./DatabaseClean/xerces-1.3/org.w3c.dom.html.HTMLBaseFontElement.txt,0
./DatabaseClean/xerces-1.3/org.apache.html.dom.HTMLDivElementImpl.txt,0
./DatabaseClean/xerces-1.3/org.apache.xerces.utils.HexBin.txt,0
./DatabaseClean/xerces-1.3/org.apache.xerces.dom.AttributeMap.txt,1
./DatabaseClean/xerces-1.3/javax.xml.parsers.DocumentBuilder.txt,1
./DatabaseClean/xerces-1.3/org.apache.wml.WMLTrElement.txt,0
./DatabaseClean/xerces-1.3/org.w3c.dom.html.HTMLFrameElement.txt,0
./DatabaseClean/xerces-1.3/org.w3c.dom.html.HTMLDivElement.txt,0
./DatabaseClean/xerces-1.3/org.apache.xerces.utils.regex.Match.txt,0
./DatabaseClean/xerces-1.3/org.apache.wml.WMLNoopElement.txt,0
./DatabaseClean/xerces-1.3/org.apache.xerces.utils.XMLMessages.txt,1
./DatabaseClean/xerces-1.3/org.apache.xerces.dom.RangeImpl.txt,0
./DatabaseClean/xerces-1.3/org.apache.wml.dom.WMLTimerElementImpl.txt,0
./DatabaseClean/xerces-1.3/org.xml.sax.SAXNotRecognizedException.txt,0
./DatabaseClean/xerces-1.3/org.xml.sax.helpers.DefaultHandler.txt,0
./DatabaseClean/xerces-1.3/org.w3c.dom.html.HTMLTableSectionElement.txt,0
./DatabaseClean/xerces-1.3/org.apache.xerces.framework.XMLContentSpec.txt,0
./DatabaseClean/xerces-1.3/org.apache.xerces.dom.ChildNode.txt,0
./DatabaseClean/xerces-1.3/org.apache.xerces.validators.schema.identity.KeyRef.txt,0
./DatabaseClean/xerces-1.3/org.apache.html.dom.HTMLAnchorElementImpl.txt,0
./DatabaseClean/xerces-1.3/org.apache.wml.dom.WMLDocumentImpl.txt,0
./DatabaseClean/xerces-1.3/org.w3c.dom.events.MutationEvent.txt,0
./DatabaseClean/xerces-1.3/org.apache.xerces.utils.UTF8DataChunk.txt,0
./DatabaseClean/xerces-1.3/org.apache.xml.serialize.SerializerFactory.txt,0
./DatabaseClean/xerces-1.3/org.apache.wml.WMLDocument.txt,0
./DatabaseClean/xerces-1.3/org.apache.wml.WMLElement.txt,0
./DatabaseClean/xerces-1.3/org.apache.xerces.validators.datatype.ENTITYDatatypeValidator.txt,1
./DatabaseClean/xerces-1.3/org.apache.xml.serialize.ElementState.txt,0
./DatabaseClean/xerces-1.3/org.apache.xerces.readers.UCSRecognizer.txt,0
./DatabaseClean/xerces-1.3/org.apache.xerces.validators.schema.identity.IdentityConstraint.txt,1
./DatabaseClean/xerces-1.3/org.xml.sax.AttributeList.txt,0
./DatabaseClean/xerces-1.3/org.w3c.dom.html.HTMLImageElement.txt,0
./DatabaseClean/xerces-1.3/org.apache.wml.WMLPElement.txt,0
./DatabaseClean/xerces-1.3/org.apache.wml.dom.WMLSetvarElementImpl.txt,0
./DatabaseClean/xerces-1.3/org.w3c.dom.html.HTMLLegendElement.txt,0
./DatabaseClean/xerces-1.3/org.apache.wml.WMLAnchorElement.txt,0
./DatabaseClean/xerces-1.3/org.apache.xerces.validators.datatype.DoubleDatatypeValidator.txt,0
./DatabaseClean/xerces-1.3/org.apache.xerces.validators.common.SimpleContentModel.txt,0
./DatabaseClean/xerces-1.3/org.apache.html.dom.HTMLModElementImpl.txt,0
./DatabaseClean/xerces-1.3/org.apache.wml.dom.WMLWmlElementImpl.txt,0
./DatabaseClean/xerces-1.3/org.w3c.dom.ranges.Range.txt,0
./DatabaseClean/xerces-1.3/org.apache.xerces.dom.DeferredEntityImpl.txt,1
./DatabaseClean/xerces-1.3/org.apache.xerces.utils.StringHasher.txt,0
./DatabaseClean/xerces-1.3/org.w3c.dom.html.HTMLFieldSetElement.txt,0
./DatabaseClean/xerces-1.3/org.apache.html.dom.HTMLHtmlElementImpl.txt,0
./DatabaseClean/xerces-1.3/org.w3c.dom.html.HTMLMapElement.txt,0
./DatabaseClean/xerces-1.3/org.xml.sax.ext.LexicalHandler.txt,0
./DatabaseClean/xerces-1.3/org.w3c.dom.Attr.txt,0
./DatabaseClean/xerces-1.3/org.apache.xml.serialize.LineSeparator.txt,0
./DatabaseClean/xerces-1.3/org.xml.sax.helpers.AttributeListImpl.txt,0
./DatabaseClean/xerces-1.3/org.xml.sax.helpers.AttributesImpl.txt,1
./DatabaseClean/xerces-1.3/org.apache.xerces.dom.DeferredElementDefinitionImpl.txt,1
./DatabaseClean/xerces-1.3/org.w3c.dom.events.EventException.txt,0
./DatabaseClean/xerces-1.3/org.apache.wml.dom.WMLTdElementImpl.txt,0
./DatabaseClean/xerces-1.3/org.apache.xerces.dom.DeferredEntityReferenceImpl.txt,1
./DatabaseClean/xerces-1.3/org.apache.wml.WMLSelectElement.txt,0
./DatabaseClean/xerces-1.3/org.w3c.dom.html.HTMLTableColElement.txt,0
./DatabaseClean/xerces-1.3/org.xml.sax.Parser.txt,0
./DatabaseClean/xerces-1.3/org.apache.xerces.msg.XMLMessages.txt,1
./DatabaseClean/xerces-1.3/org.apache.wml.dom.WMLDOMImplementationImpl.txt,0
./DatabaseClean/xerces-1.3/org.apache.xerces.validators.common.InsertableElementsInfo.txt,0
./DatabaseClean/xerces-1.3/org.w3c.dom.traversal.TreeWalker.txt,0
./DatabaseClean/xerces-1.3/org.apache.wml.dom.WMLNoopElementImpl.txt,0
./DatabaseClean/xerces-1.3/org.w3c.dom.html.HTMLDirectoryElement.txt,0
./DatabaseClean/xerces-1.3/org.apache.xerces.validators.common.Grammar.txt,0
./DatabaseClean/xerces-1.3/org.apache.xerces.utils.regex.RegexParser.txt,1
./DatabaseClean/xerces-1.3/org.apache.xerces.validators.common.CMUniOp.txt,0
./DatabaseClean/xerces-1.3/org.apache.xerces.dom.NodeImpl.txt,0
./DatabaseClean/xerces-1.3/org.apache.xerces.dom.DeferredElementImpl.txt,1
./DatabaseClean/xerces-1.3/org.apache.xerces.dom.CDATASectionImpl.txt,0
./DatabaseClean/xerces-1.3/org.apache.html.dom.HTMLHeadElementImpl.txt,0
./DatabaseClean/xerces-1.3/org.apache.xerces.validators.schema.identity.XPathException.txt,0
./DatabaseClean/xerces-1.3/org.w3c.dom.EntityReference.txt,0
./DatabaseClean/xerces-1.3/org.apache.wml.WMLTableElement.txt,0
./DatabaseClean/xerces-1.3/org.apache.wml.dom.WMLAccessElementImpl.txt,0
./DatabaseClean/xerces-1.3/org.apache.html.dom.HTMLBRElementImpl.txt,0
./DatabaseClean/xerces-1.3/org.w3c.dom.html.HTMLSelectElement.txt,0
./DatabaseClean/xerces-1.3/org.apache.wml.dom.WMLIElementImpl.txt,0
./DatabaseClean/xerces-1.3/org.apache.wml.dom.WMLPElementImpl.txt,0
./DatabaseClean/xerces-1.3/org.apache.xml.serialize.XHTMLSerializer.txt,0
./DatabaseClean/xerces-1.3/org.apache.xerces.utils.Hash2intTable.txt,0
./DatabaseClean/xerces-1.3/org.w3c.dom.html.HTMLIFrameElement.txt,0
./DatabaseClean/xerces-1.3/org.apache.xml.serialize.EncodingInfo.txt,0
./DatabaseClean/xerces-1.3/org.apache.xml.serialize.IndentPrinter.txt,0
./DatabaseClean/xerces-1.3/org.apache.xerces.dom.DeferredCDATASectionImpl.txt,1
./DatabaseClean/xerces-1.3/org.apache.xml.serialize.DOMSerializer.txt,0
./DatabaseClean/xerces-1.3/org.apache.wml.dom.WMLPostfieldElementImpl.txt,0
./DatabaseClean/xerces-1.3/org.apache.html.dom.HTMLQuoteElementImpl.txt,0
./DatabaseClean/xerces-1.3/org.apache.xerces.validators.datatype.RecurringDurationDatatypeValidator.txt,0
./DatabaseClean/xerces-1.3/org.apache.xerces.validators.datatype.URIReferenceDatatypeValidator.txt,0
./DatabaseClean/xerces-1.3/org.w3c.dom.html.HTMLElement.txt,0
./DatabaseClean/xerces-1.3/org.apache.html.dom.HTMLDirectoryElementImpl.txt,0
./DatabaseClean/xerces-1.3/org.apache.xerces.validators.common.CMLeaf.txt,0
./DatabaseClean/xerces-1.3/org.apache.html.dom.HTMLLinkElementImpl.txt,0
./DatabaseClean/xerces-1.3/org.w3c.dom.traversal.NodeFilter.txt,0
./DatabaseClean/xerces-1.3/org.apache.html.dom.HTMLOptionElementImpl.txt,0
./DatabaseClean/xerces-1.3/org.apache.wml.WMLOptgroupElement.txt,0
./DatabaseClean/xerces-1.3/org.w3c.dom.Notation.txt,0
./DatabaseClean/xerces-1.3/org.apache.wml.WMLGoElement.txt,0
./DatabaseClean/xerces-1.3/org.apache.xerces.utils.ChunkyByteArray.txt,0
./DatabaseClean/xerces-1.3/org.apache.xerces.validators.schema.identity.Selector.txt,1
./DatabaseClean/xerces-1.3/org.w3c.dom.NodeList.txt,0
./DatabaseClean/xerces-1.3/org.apache.xml.serialize.Printer.txt,0
./DatabaseClean/xerces-1.3/org.apache.xerces.msg.DatatypeMessages.txt,0
./DatabaseClean/xerces-1.3/org.apache.xerces.readers.MIME2Java.txt,1
./DatabaseClean/xerces-1.3/org.apache.xml.serialize.Encodings.txt,0
./DatabaseClean/xerces-1.3/org.xml.sax.helpers.LocatorImpl.txt,0
./DatabaseClean/xerces-1.3/org.apache.xerces.utils.NamespacesScope.txt,0
./DatabaseClean/xerces-1.3/org.w3c.dom.html.HTMLMetaElement.txt,0
./DatabaseClean/xerces-1.3/org.apache.xerces.validators.datatype.StringDatatypeValidator.txt,0
./DatabaseClean/xerces-1.3/org.apache.wml.WMLIElement.txt,0
./DatabaseClean/xerces-1.3/org.w3c.dom.html.HTMLFormElement.txt,0
./DatabaseClean/xerces-1.3/org.apache.html.dom.HTMLParagraphElementImpl.txt,0
./DatabaseClean/xerces-1.3/org.apache.xerces.utils.regex.BMPattern.txt,0
./DatabaseClean/xerces-1.3/org.apache.xerces.utils.regex.Token.txt,1
./DatabaseClean/xerces-1.3/org.apache.xml.serialize.BaseMarkupSerializer.txt,1
./DatabaseClean/xerces-1.3/org.apache.xml.serialize.HTMLdtd.txt,0
./DatabaseClean/xerces-1.3/org.apache.html.dom.HTMLTableSectionElementImpl.txt,0
./DatabaseClean/xerces-1.3/org.apache.wml.dom.WMLEmElementImpl.txt,0
./DatabaseClean/xerces-1.3/org.apache.wml.WMLUElement.txt,0
./DatabaseClean/xerces-1.3/org.apache.xerces.dom.ProcessingInstructionImpl.txt,0
./DatabaseClean/xerces-1.3/org.apache.xerces.validators.schema.identity.Field.txt,1
./DatabaseClean/xerces-1.3/org.xml.sax.SAXException.txt,0
./DatabaseClean/xerces-1.3/org.apache.xerces.dom.RangeExceptionImpl.txt,0
./DatabaseClean/xerces-1.3/org.apache.html.dom.HTMLIFrameElementImpl.txt,0
./DatabaseClean/xerces-1.3/org.apache.html.dom.HTMLScriptElementImpl.txt,0
./DatabaseClean/xerces-1.3/org.w3c.dom.html.HTMLDListElement.txt,0
./DatabaseClean/xerces-1.3/org.apache.xerces.validators.common.XMLContentModel.txt,0
./DatabaseClean/xerces-1.3/org.apache.html.dom.HTMLFontElementImpl.txt,0
./DatabaseClean/xerces-1.3/org.w3c.dom.CDATASection.txt,0
./DatabaseClean/xerces-1.3/org.apache.xerces.validators.datatype.IDDatatypeValidator.txt,1
./DatabaseClean/xerces-1.3/org.apache.html.dom.HTMLTableCaptionElementImpl.txt,0
./DatabaseClean/xerces-1.3/org.apache.xerces.validators.common.DFAContentModel.txt,0
./DatabaseClean/xerces-1.3/org.apache.html.dom.HTMLLIElementImpl.txt,0
./DatabaseClean/xerces-1.3/org.apache.wml.WMLBElement.txt,0
./DatabaseClean/xerces-1.3/org.w3c.dom.html.HTMLTextAreaElement.txt,0
./DatabaseClean/xerces-1.3/org.apache.xerces.validators.common.CMBinOp.txt,0
./DatabaseClean/xerces-1.3/org.apache.wml.WMLPostfieldElement.txt,0
./DatabaseClean/xerces-1.3/org.w3c.dom.ranges.RangeException.txt,0
./DatabaseClean/xerces-1.3/org.w3c.dom.Node.txt,0
./DatabaseClean/xerces-1.3/org.apache.xerces.dom.DeferredCommentImpl.txt,1
./DatabaseClean/xerces-1.3/org.w3c.dom.html.HTMLCollection.txt,0
./DatabaseClean/xerces-1.3/org.apache.xerces.validators.schema.identity.XPathMatcher.txt,1
./DatabaseClean/xerces-1.3/org.w3c.dom.Entity.txt,1
./DatabaseClean/xerces-1.3/org.apache.html.dom.HTMLInputElementImpl.txt,0
./DatabaseClean/xerces-1.3/org.apache.wml.dom.WMLInputElementImpl.txt,0
./DatabaseClean/xerces-1.3/org.apache.wml.dom.WMLHeadElementImpl.txt,0
./DatabaseClean/xerces-1.3/org.apache.html.dom.HTMLSelectElementImpl.txt,0
./DatabaseClean/xerces-1.3/org.apache.wml.WMLInputElement.txt,0
./DatabaseClean/xerces-1.3/org.apache.xerces.dom.ElementDefinitionImpl.txt,0
./DatabaseClean/xerces-1.3/org.apache.xerces.utils.ImplementationMessages.txt,0
./DatabaseClean/xerces-1.3/org.w3c.dom.html.HTMLTableCaptionElement.txt,0
./DatabaseClean/xerces-1.3/org.apache.xerces.msg.ExceptionMessages.txt,0
./DatabaseClean/xerces-1.3/org.apache.xerces.validators.schema.identity.XPath.txt,1
./DatabaseClean/xerces-1.3/org.w3c.dom.Element.txt,0
./DatabaseClean/xerces-1.3/org.apache.xerces.dom.NotationImpl.txt,0
./DatabaseClean/xerces-1.3/org.apache.xml.serialize.TextSerializer.txt,0
./DatabaseClean/xerces-1.3/org.apache.xerces.validators.common.ContentLeafNameTypeVector.txt,0
./DatabaseClean/xerces-1.3/org.apache.wml.dom.WMLBrElementImpl.txt,0
./DatabaseClean/xerces-1.3/org.w3c.dom.html.HTMLStyleElement.txt,0
./DatabaseClean/xerces-1.3/org.w3c.dom.html.HTMLBRElement.txt,0
./DatabaseClean/xerces-1.3/org.apache.html.dom.HTMLLabelElementImpl.txt,0
./DatabaseClean/xerces-1.3/org.apache.html.dom.HTMLUListElementImpl.txt,0
./DatabaseClean/xerces-1.3/org.apache.wml.WMLOptionElement.txt,0
./DatabaseClean/xerces-1.3/org.apache.xerces.utils.ChunkyCharArray.txt,0
./DatabaseClean/xerces-1.3/org.apache.html.dom.HTMLHRElementImpl.txt,0
./DatabaseClean/xerces-1.3/org.apache.wml.dom.WMLAnchorElementImpl.txt,0
./DatabaseClean/xerces-1.3/org.apache.wml.WMLImgElement.txt,0
./DatabaseClean/xerces-1.3/org.xml.sax.Attributes.txt,0
./DatabaseClean/xerces-1.3/org.apache.html.dom.HTMLTableRowElementImpl.txt,0
./DatabaseClean/xerces-1.3/org.w3c.dom.html.HTMLButtonElement.txt,0
./DatabaseClean/xerces-1.3/org.apache.xerces.readers.XMLEntityReaderFactory.txt,0
./DatabaseClean/xerces-1.3/org.apache.html.dom.HTMLTextAreaElementImpl.txt,0
./DatabaseClean/xerces-1.3/org.apache.xerces.readers.EBCDICRecognizer.txt,0
./DatabaseClean/xerces-1.3/org.apache.wml.WMLDoElement.txt,0
./DatabaseClean/xerces-1.3/org.apache.xerces.dom.DeferredDocumentTypeImpl.txt,1
./DatabaseClean/xerces-1.3/org.w3c.dom.html.HTMLTableElement.txt,0
./DatabaseClean/xerces-1.3/org.w3c.dom.html.HTMLTableCellElement.txt,0
./DatabaseClean/xerces-1.3/org.apache.wml.WMLRefreshElement.txt,0
./DatabaseClean/xerces-1.3/org.apache.html.dom.HTMLPreElementImpl.txt,0
./DatabaseClean/xerces-1.3/org.apache.xerces.validators.common.MixedContentModel.txt,0
./DatabaseClean/xerces-1.3/org.w3c.dom.events.Event.txt,0
./DatabaseClean/xerces-1.3/org.apache.xerces.dom.events.EventImpl.txt,0
./DatabaseClean/xerces-1.3/org.apache.xerces.validators.datatype.XMLException.txt,0
./DatabaseClean/xerces-1.3/org.w3c.dom.html.HTMLModElement.txt,0
./DatabaseClean/xerces-1.3/org.apache.xml.serialize.SerializerFactoryImpl.txt,0
./DatabaseClean/xerces-1.3/org.apache.xerces.dom.DOMImplementationImpl.txt,1
./DatabaseClean/xerces-1.3/org.apache.wml.dom.WMLOptionElementImpl.txt,0
./DatabaseClean/xerces-1.3/org.apache.xerces.validators.datatype.AbstractDatatypeValidator.txt,1
./DatabaseClean/xerces-1.3/org.apache.xerces.validators.datatype.InvalidDatatypeValueException.txt,0
./DatabaseClean/xerces-1.3/org.apache.xerces.utils.regex.Op.txt,0
./DatabaseClean/xerces-1.3/org.apache.xerces.utils.QName.txt,0
./DatabaseClean/xerces-1.3/org.w3c.dom.traversal.DocumentTraversal.txt,0
./DatabaseClean/xerces-1.3/org.apache.xerces.utils.regex.RegularExpression.txt,0
./DatabaseClean/xerces-1.3/org.xml.sax.InputSource.txt,0
./DatabaseClean/xerces-1.3/org.apache.xerces.validators.datatype.DatatypeValidatorFactory.txt,0
./DatabaseClean/xerces-1.3/org.apache.xerces.readers.DefaultEntityHandler.txt,0
./DatabaseClean/xerces-1.3/org.apache.xerces.utils.ISO8601Format.txt,0
./DatabaseClean/xerces-1.3/org.w3c.dom.DOMImplementation.txt,0
./DatabaseClean/xerces-1.3/org.apache.xerces.validators.datatype.BinaryDatatypeValidator.txt,0
./DatabaseClean/xerces-1.3/org.apache.wml.dom.WMLFieldsetElementImpl.txt,0
./DatabaseClean/xerces-1.3/org.apache.html.dom.HTMLBuilder.txt,0
./DatabaseClean/xerces-1.3/org.apache.xerces.validators.common.GrammarResolverImpl.txt,0
./DatabaseClean/xerces-1.3/org.apache.wml.dom.WMLSelectElementImpl.txt,0
./DatabaseClean/xerces-1.3/org.xml.sax.HandlerBase.txt,0
./DatabaseClean/xerces-1.3/org.apache.html.dom.HTMLLegendElementImpl.txt,0
./DatabaseClean/xerces-1.3/org.apache.xerces.validators.schema.identity.FieldActivator.txt,0
./DatabaseClean/xerces-1.3/org.apache.xerces.validators.common.GrammarResolver.txt,0
./DatabaseClean/xerces-1.3/org.w3c.dom.html.HTMLAppletElement.txt,0
./DatabaseClean/xerces-1.3/org.w3c.dom.html.HTMLMenuElement.txt,0
./DatabaseClean/xerces-1.3/org.apache.html.dom.HTMLMapElementImpl.txt,0
./DatabaseClean/xerces-1.3/org.apache.html.dom.HTMLTableColElementImpl.txt,0
./DatabaseClean/xerces-1.3/org.xml.sax.Locator.txt,0
./DatabaseClean/xerces-1.3/org.apache.xerces.validators.datatype.NOTATIONDatatypeValidator.txt,0
./DatabaseClean/xerces-1.3/org.w3c.dom.ProcessingInstruction.txt,0
./DatabaseClean/xerces-1.3/org.w3c.dom.Comment.txt,0
./DatabaseClean/xerces-1.3/org.apache.xerces.validators.datatype.InvalidDatatypeFacetException.txt,0
./DatabaseClean/xerces-1.3/org.apache.html.dom.HTMLMenuElementImpl.txt,0
./DatabaseClean/xerces-1.3/org.w3c.dom.html.HTMLAreaElement.txt,0
./DatabaseClean/xerces-1.3/org.apache.xerces.validators.datatype.StateMessageDatatype.txt,0
./DatabaseClean/xerces-1.3/org.apache.wml.WMLAElement.txt,0
./DatabaseClean/xerces-1.3/org.apache.html.dom.HTMLFormElementImpl.txt,0
./DatabaseClean/xerces-1.3/org.apache.wml.dom.WMLElementImpl.txt,0
./DatabaseClean/xerces-1.3/org.apache.wml.WMLTdElement.txt,0
./DatabaseClean/xerces-1.3/org.apache.xerces.validators.datatype.FloatDatatypeValidator.txt,0
./DatabaseClean/xerces-1.3/org.apache.html.dom.HTMLFrameSetElementImpl.txt,0
./DatabaseClean/xerces-1.3/org.apache.wml.WMLBrElement.txt,0
./DatabaseClean/xerces-1.3/org.apache.wml.dom.WMLCardElementImpl.txt,0
./DatabaseClean/xerces-1.3/org.w3c.dom.Text.txt,0
./DatabaseClean/xerces-1.3/org.apache.html.dom.NameNodeListImpl.txt,0
./DatabaseClean/xerces-1.3/org.xml.sax.SAXParseException.txt,0
./DatabaseClean/xerces-1.3/org.apache.xerces.msg.ImplementationMessages.txt,0
./DatabaseClean/xerces-1.3/org.apache.wml.dom.WMLUElementImpl.txt,0
./DatabaseClean/xerces-1.3/org.w3c.dom.html.HTMLHeadingElement.txt,0
./DatabaseClean/xerces-1.3/org.w3c.dom.html.HTMLBaseElement.txt,0
./DatabaseClean/xerces-1.3/org.w3c.dom.html.HTMLOptionElement.txt,0
./DatabaseClean/xerces-1.3/javax.xml.parsers.SAXParserFactory.txt,0
./DatabaseClean/xerces-1.3/org.apache.xerces.utils.regex.ParseException.txt,0
./DatabaseClean/xerces-1.3/org.w3c.dom.ranges.DocumentRange.txt,0
./DatabaseClean/xerces-1.3/org.apache.xerces.validators.datatype.TimeDurationDatatypeValidator.txt,0
./DatabaseClean/xerces-1.3/org.w3c.dom.html.HTMLOListElement.txt,0
./DatabaseClean/xerces-1.3/org.apache.html.dom.HTMLOptGroupElementImpl.txt,0
./DatabaseClean/xerces-1.3/org.apache.xerces.dom.NodeIteratorImpl.txt,0
./DatabaseClean/xerces-1.3/org.w3c.dom.html.HTMLTitleElement.txt,0
./DatabaseClean/xerces-1.3/org.apache.wml.dom.WMLGoElementImpl.txt,0
./DatabaseClean/xerces-1.3/org.apache.xerces.validators.datatype.DatatypeValidatorFactoryImpl.txt,1
./DatabaseClean/xerces-1.3/org.apache.xerces.dom.DeferredProcessingInstructionImpl.txt,1
./DatabaseClean/xerces-1.3/org.w3c.dom.events.EventListener.txt,0
./DatabaseClean/xerces-1.3/org.w3c.dom.html.HTMLIsIndexElement.txt,0
./DatabaseClean/xerces-1.3/org.apache.wml.WMLBigElement.txt,0
./DatabaseClean/xerces-1.3/org.apache.wml.dom.WMLMetaElementImpl.txt,0
./DatabaseClean/xerces-1.3/org.apache.wml.dom.WMLTrElementImpl.txt,0
./DatabaseClean/xerces-1.3/org.apache.xerces.readers.AbstractCharReader.txt,0
./DatabaseClean/xerces-1.3/org.apache.xerces.utils.XMLCharacterProperties.txt,0
./DatabaseClean/xerces-1.3/org.apache.xerces.dom.LCount.txt,0
./DatabaseClean/xerces-1.3/org.apache.wml.dom.WMLOneventElementImpl.txt,0
./DatabaseClean/xerces-1.3/org.w3c.dom.DocumentFragment.txt,0
./DatabaseClean/xerces-1.3/org.w3c.dom.traversal.NodeIterator.txt,0
./DatabaseClean/xerces-1.3/org.apache.xerces.readers.UTF8CharReader.txt,0
./DatabaseClean/xerces-1.3/org.apache.xerces.dom.EntityImpl.txt,1
./DatabaseClean/xerces-1.3/org.apache.html.dom.HTMLTableCellElementImpl.txt,0
./DatabaseClean/xerces-1.3/org.apache.xerces.validators.schema.identity.ValueStore.txt,1
./DatabaseClean/xerces-1.3/org.apache.wml.WMLWmlElement.txt,0
./DatabaseClean/xerces-1.3/org.w3c.dom.html.HTMLParagraphElement.txt,0
./DatabaseClean/xerces-1.3/org.apache.wml.WMLMetaElement.txt,0
./DatabaseClean/xerces-1.3/org.w3c.dom.html.HTMLObjectElement.txt,0
./DatabaseClean/xerces-1.3/org.apache.xerces.dom.AttrImpl.txt,0
./DatabaseClean/xerces-1.3/org.w3c.dom.html.HTMLDocument.txt,0
./DatabaseClean/xerces-1.3/org.w3c.dom.CharacterData.txt,0
./DatabaseClean/xerces-1.3/org.apache.wml.dom.WMLDoElementImpl.txt,0
./DatabaseClean/xerces-1.3/org.apache.wml.WMLStrongElement.txt,0
./DatabaseClean/xerces-1.3/org.apache.xerces.readers.UTF8Reader.txt,0
./DatabaseClean/xerces-1.3/org.apache.xerces.validators.schema.identity.Key.txt,0
./DatabaseClean/xerces-1.3/org.apache.html.dom.HTMLAppletElementImpl.txt,0
./DatabaseClean/xerces-1.3/org.xml.sax.XMLFilter.txt,0
./DatabaseClean/xerces-1.3/org.apache.xerces.validators.datatype.QNameDatatypeValidator.txt,1
./DatabaseClean/xerces-1.3/org.xml.sax.XMLReader.txt,0
./DatabaseClean/xerces-1.3/org.xml.sax.helpers.XMLReaderFactory.txt,0
./DatabaseClean/xerces-1.3/org.apache.html.dom.HTMLCollectionImpl.txt,0
./DatabaseClean/xerces-1.3/org.apache.xerces.framework.XMLDocumentScanner.txt,1
./DatabaseClean/xerces-1.3/org.apache.xerces.dom.DeferredNode.txt,1
./DatabaseClean/xerces-1.3/org.apache.html.dom.HTMLBaseElementImpl.txt,0
./DatabaseClean/xerces-1.3/org.xml.sax.DocumentHandler.txt,0
./DatabaseClean/xerces-1.3/org.apache.xerces.dom.DeferredNotationImpl.txt,1
./DatabaseClean/xerces-1.3/org.xml.sax.DTDHandler.txt,0
./DatabaseClean/xerces-1.3/org.apache.wml.WMLEmElement.txt,0
./DatabaseClean/xerces-1.3/org.w3c.dom.html.HTMLOptGroupElement.txt,0
./DatabaseClean/xerces-1.3/org.apache.xerces.dom.CommentImpl.txt,0
./DatabaseClean/xerces-1.3/org.apache.xerces.dom.DeferredTextImpl.txt,1
./DatabaseClean/xerces-1.3/org.apache.wml.dom.WMLImgElementImpl.txt,0
./DatabaseClean/xerces-1.3/org.apache.wml.dom.WMLTableElementImpl.txt,0
./DatabaseClean/xerces-1.3/javax.xml.parsers.FactoryConfigurationError.txt,0
./DatabaseClean/xerces-1.3/org.w3c.dom.html.HTMLParamElement.txt,0
./DatabaseClean/xerces-1.3/org.apache.html.dom.HTMLImageElementImpl.txt,0
./DatabaseClean/xerces-1.3/org.apache.xerces.readers.XMLDeclRecognizer.txt,0
./DatabaseClean/xerces-1.3/org.apache.wml.dom.WMLBigElementImpl.txt,0
./DatabaseClean/xerces-1.3/org.w3c.dom.html.HTMLQuoteElement.txt,0
./DatabaseClean/xerces-1.3/org.w3c.dom.html.HTMLLinkElement.txt,0
./DatabaseClean/xerces-1.3/org.apache.xerces.dom.events.MutationEventImpl.txt,0
./DatabaseClean/xerces-1.3/org.apache.wml.dom.WMLBElementImpl.txt,0
./DatabaseClean/xerces-1.3/org.apache.xerces.validators.common.CMStateSet.txt,0
./DatabaseClean/xerces-1.3/org.apache.xerces.validators.common.XMLAttributeDecl.txt,0
./DatabaseClean/xerces-1.3/org.xml.sax.SAXNotSupportedException.txt,0
./DatabaseClean/xerces-1.3/org.apache.html.dom.HTMLBaseFontElementImpl.txt,0
./DatabaseClean/xerces-1.3/org.w3c.dom.html.HTMLHeadElement.txt,0
./DatabaseClean/xerces-1.3/org.w3c.dom.DOMException.txt,0
./DatabaseClean/xerces-1.3/org.apache.html.dom.HTMLDocumentImpl.txt,0
./DatabaseClean/xerces-1.3/org.apache.xerces.framework.XMLErrorReporter.txt,0
./DatabaseClean/xerces-1.3/org.w3c.dom.html.HTMLFontElement.txt,0
./DatabaseClean/xerces-1.3/org.apache.wml.WMLTemplateElement.txt,0
./DatabaseClean/xerces-1.3/org.w3c.dom.events.EventTarget.txt,0
./DatabaseClean/xerces-1.3/org.w3c.dom.html.HTMLTableRowElement.txt,0
./DatabaseClean/xerces-1.3/org.apache.wml.dom.WMLPrevElementImpl.txt,0
./DatabaseClean/xerces-1.3/org.apache.xerces.msg.ExceptionMessagesLocalizer.txt,0
./DatabaseClean/xerces-1.3/org.apache.html.dom.HTMLParamElementImpl.txt,0
./DatabaseClean/xerces-1.3/org.w3c.dom.html.HTMLLabelElement.txt,0
./DatabaseClean/xerces-1.3/org.apache.xerces.dom.CharacterDataImpl.txt,0
./DatabaseClean/xerces-1.3/org.apache.xml.serialize.Serializer.txt,0
./DatabaseClean/xerces-1.3/org.w3c.dom.html.HTMLInputElement.txt,0
./DatabaseClean/xerces-1.3/org.apache.xerces.utils.XMLMessageProvider.txt,0
./DatabaseClean/xerces-1.3/org.apache.xerces.utils.StringPool.txt,0
./DatabaseClean/xerces-1.3/org.apache.xerces.utils.regex.ParserForXMLSchema.txt,1
./DatabaseClean/xerces-1.3/org.apache.xerces.jaxp.DocumentBuilderFactoryImpl.txt,1
./DatabaseClean/xerces-1.3/org.xml.sax.ErrorHandler.txt,0
./DatabaseClean/xerces-1.3/org.apache.xerces.readers.XMLCatalogHandler.txt,0
./DatabaseClean/xerces-1.3/org.apache.xerces.utils.IntStack.txt,0
./DatabaseClean/xerces-1.3/org.apache.xerces.msg.SchemaMessages.txt,1
./DatabaseClean/xerces-1.3/javax.xml.parsers.ParserConfigurationException.txt,0
